"X1","X2","X3","X4","X5","X6","X7","X8","X9","X10","X11","X12","X13","X14","X15","X16","X17","X18","X19"
-0.352719509093045,-0.426963328206146,-0.0172875796352328,1.6254412933435,2.16648069561847,0.143659359605076,2,1,2,2,2,1,2,1,2,1,3,3,3
-0.00746811005384143,-1.26776708341668,-1.23201680125733,1.44061891229901,-1.32554778869565,0.54366361382282,1,1,2,1,1,2,2,4,1,3,3,4,2
0.367873920300155,3.25726019197407,-0.0574419098994537,-1.44494364288959,-1.27729222798811,0.802272297154507,1,1,1,1,1,2,1,1,2,3,5,5,4
-0.720849595892099,-1.32930962982634,-1.31691604659798,-1.83060340481716,1.02547456711041,0.494997042131055,1,2,2,3,3,3,3,3,1,2,2,5,4
1.63113921915552,0.128583282620762,-1.29040855516912,-0.0205327053613298,-1.27501218466797,0.645141453822051,1,2,2,2,1,1,2,1,2,1,4,1,2
-1.50698452061487,1.66747244161993,0.196853898412831,1.39276231699379,1.22136595712763,-0.10836444782532,1,2,2,2,3,1,2,3,2,1,4,1,4
-0.546379042687215,1.50410864812038,-0.647530470545242,-0.476239818352838,0.399892281966061,0.966050041385452,1,2,2,2,1,1,3,2,1,1,5,3,3
-0.769339873786903,-1.12197238696007,1.07839029302325,0.132777730688315,0.413246526858448,1.47902321740259,2,1,1,3,3,3,4,4,3,1,1,2,2
-0.0804902667499824,0.843352803999112,0.556649758549678,2.09913512783874,-0.529067374643033,0.88488088989002,2,2,1,3,3,3,3,1,1,1,2,3,3
0.168349364219054,-0.617930117005201,-0.107828882193924,-0.915642596764398,0.226310008004829,-0.37835516986642,1,2,1,3,3,1,3,1,2,1,4,4,2
-0.113202178816274,-1.19319380312288,-0.781743919579787,-0.562697225593525,1.9065628869974,-1.26577487946935,2,1,1,1,2,1,2,4,3,1,5,5,1
0.514691305160253,-2.31460969593376,-0.255286876723625,1.33473133469766,-0.110603722728976,1.52549837942477,2,2,1,2,1,3,1,4,2,1,3,3,1
0.661697367186819,-1.05757786033491,-0.669866156485604,-0.0965460610872034,-0.48670229007624,-0.304764074517579,2,2,2,3,3,3,4,4,1,1,3,4,3
-0.231770770506757,-0.658259647462962,1.31432567920653,-0.0454115963021118,-0.636552568245809,-0.0892633087771569,2,2,2,3,3,3,3,2,2,1,1,3,5
0.826162574871884,-0.166166123814529,1.19095615579342,0.771661392962663,0.851529248897806,-0.60277951763473,2,2,1,2,3,3,2,3,2,3,2,4,3
-0.138876963180566,1.44595875080158,0.049571183818048,-1.02273050833271,0.799506120504219,-0.417466772127812,1,2,1,1,2,1,1,1,1,1,3,5,3
-1.50149812720761,-0.041732210824514,-0.406974802104589,-0.401387271569719,0.404319749120776,-0.00908343415125964,1,2,2,2,2,1,1,2,1,1,5,4,2
-0.372371655194036,1.71937793188479,1.19999074346706,-0.278957822537133,1.39097478617898,-0.193710971276828,1,1,1,3,2,1,1,1,2,1,2,5,1
-0.39826094711774,0.117332158536106,0.0452329175267687,0.0343348181749412,0.113859276364415,1.27725702133901,1,2,2,2,2,2,2,3,1,1,2,2,5
0.737923477029492,-1.55210144074665,0.0706300612351262,0.338382628776219,-0.075238544665832,0.383697016189113,2,2,1,2,1,2,4,2,2,1,4,3,1
-1.81947577076046,1.38875724320589,-0.88312615260595,-1.08209797113409,1.18241970856423,-1.26593603367703,2,1,2,1,2,3,1,2,3,1,3,5,5
-1.84013305786544,0.248131602546989,0.693036138671501,-0.0646978654463774,0.705048455427101,0.29078652253974,2,2,1,3,2,2,4,1,2,1,2,3,2
-2.25463969885805,-1.10514406263332,-0.123620055405914,0.579263146653956,-0.235021216236527,-0.108281750818785,1,1,1,1,1,1,1,4,3,1,5,5,1
-2.35405493321501,1.33420327965082,-1.04338951156242,0.773692415190496,0.436139100590717,-0.854196316899396,2,1,2,1,2,1,2,2,1,2,2,2,3
-2.01769931677799,0.18071403451258,-0.643883364077383,0.83210901320098,0.0613240413229862,-1.82701134676596,2,2,2,3,2,1,3,2,1,3,3,5,1
1.69191790935028,-1.46546579043824,0.244433963564632,0.184952908164365,-2.01432589750235,0.37979432396053,2,2,1,3,2,3,4,3,1,1,3,2,1
-0.108988449624627,-0.43107502912362,-1.0609368659768,-0.166304110326966,0.54259396599885,-1.01261923042854,1,1,2,3,2,1,2,1,2,1,3,1,2
-0.0689757128203445,-0.363987275523918,0.671643159979281,0.649561078920035,0.364680414029796,0.659748212845996,2,2,1,3,3,2,1,4,2,1,5,3,1
0.111036249278561,-2.26780384625995,2.0002459305153,-1.48282192756791,-0.00895428238385996,1.11030002179969,2,2,1,3,3,1,4,1,2,3,1,2,2
1.18112064162447,2.96127772451835,0.975823750533144,-0.827694985455974,0.282847019525683,-2.35290071387449,2,1,2,2,2,1,1,2,1,1,4,1,1
0.498143391785064,-1.1318288526643,-0.375543294112652,-2.20673997012464,1.08863731382819,-1.27920937015728,2,2,1,3,3,3,1,3,1,1,5,4,3
0.129845480892762,2.66332355891258,-1.54448868683967,0.829828047300353,0.477367513100326,1.80343881151418,1,2,2,3,3,2,3,1,1,1,1,5,3
0.238987036230581,0.598904436710071,0.201173930011385,-0.882873415908836,-1.13048621284211,0.394972723165819,2,2,2,1,2,2,1,1,3,3,2,5,2
-0.262605710148401,-0.645061195526782,0.139251720709674,0.342972520316699,-1.09441505883008,-0.437542266208417,2,2,2,1,3,2,1,1,1,2,4,5,2
0.362289634667087,1.47571156333919,0.374717312716758,-0.522406614021428,0.608319718788173,0.0225970391501727,2,1,2,1,2,1,4,3,2,1,2,3,2
-0.994748383031891,0.710461751642098,-1.44206401917492,-1.05575843018033,-1.11473610708307,0.23894554516684,1,2,2,2,2,2,4,2,1,1,4,4,3
2.21569512290522,1.08153322116801,0.830328878062995,1.26164467353547,1.38548963538065,-0.129001225315283,1,1,2,2,1,1,2,1,1,1,2,2,3
-0.0265673529133017,0.62014178661549,-0.802040504184773,-2.02319322836735,-1.0470807438395,1.40509982816328,1,1,1,1,2,1,1,1,2,1,5,4,5
1.62550252203839,-0.901936683763733,1.16448275224978,-2.48915689642887,0.285378654635327,0.929297041469731,2,1,2,3,3,3,4,1,1,1,5,2,2
-1.02881362641938,-0.42221058648771,-0.464193628233093,-0.679608096750332,0.350217562180543,1.51834247537773,2,2,1,2,3,3,4,4,2,3,3,1,1
-1.41514004478561,-1.65988427574998,-0.515934373651589,0.543189605786471,1.40585514123381,0.711921203778904,2,1,2,3,3,1,3,4,2,3,5,5,2
0.480451221489338,0.459159861608004,-1.25485345608323,0.491930934574467,-1.02923096433074,-1.18923232314406,2,2,2,1,2,1,3,3,2,1,2,5,1
-1.17569234715616,-0.485680178177629,-1.74127234274732,-0.0853720443099348,0.846136676984474,-0.0708670892952736,1,1,2,1,2,2,4,3,1,1,5,2,4
1.09114952820014,-0.0836052276932592,0.111989009596948,-0.466736012710301,-0.847549163088607,0.828945397733155,2,1,1,3,1,3,4,4,1,1,5,3,2
-0.348430704967254,-0.224479084184028,-0.437862743330912,-0.328939466754357,-1.08180470171941,0.435321041367846,2,2,1,1,1,3,1,1,2,1,4,2,1
-0.844990878877339,-2.13013244664284,-1.01677302233028,-0.889405946514431,-0.879092844567452,-1.05974489763111,2,1,2,3,3,3,4,2,2,1,3,4,3
0.160038917668729,-0.320803998729909,0.861602250926426,-0.995472996044618,-0.323354835917915,-1.11381699074828,2,2,1,2,2,3,4,3,1,1,2,4,3
-0.172458383422633,-0.999401803780397,-0.402850549592672,0.121777944236682,-0.817034567926366,-0.708327218580216,2,2,1,3,3,3,2,3,1,1,1,3,4
1.41537494209507,-1.53484647114806,-0.510633853736362,1.6688077383816,2.04898703258332,0.672404481933755,1,1,2,2,2,1,2,1,2,3,1,3,1
-0.470274636681748,-0.627883643165716,-0.454302763751257,-1.53813055855829,-1.05291804995464,-0.44702968676001,1,1,1,1,1,3,3,4,3,1,4,5,3
0.61068973280835,0.926905193791433,-2.51259741335354,-0.472654826305906,0.709652397697085,0.644629583830027,1,1,1,1,1,1,1,1,2,3,5,2,1
1.23401278875888,-0.570194167437075,-0.490285580249223,0.331721741234733,0.48267685153351,-0.0194299775248806,1,1,1,2,3,2,4,2,2,3,2,5,3
1.62298096672697,-0.845050951470247,0.792663826910532,0.179070250704988,-0.591143709595757,-0.615227005482631,2,1,1,3,3,1,3,2,1,1,4,1,3
-0.0120570602155793,0.939211043306566,1.53139768485233,1.10977238824645,0.370197211738651,0.601129966730425,2,2,1,1,2,2,2,1,2,1,3,2,3
1.07900370097285,-0.926923985146983,-0.978301701005958,0.0668639156167574,1.18776582100887,0.00412082726881012,2,2,2,3,2,3,3,4,3,2,4,5,4
-0.175668640686847,1.30715007387976,-0.522413740403453,0.0852766223155344,-1.05833207883409,-1.23090566981244,1,2,1,2,2,2,3,4,1,2,5,5,1
-0.576707292460648,-1.21125412403995,0.476157819748117,-0.0371954852669654,0.207470317625322,-0.55432498777839,2,1,2,3,1,1,1,1,1,1,3,5,3
-1.01726602808744,-0.0479635390272439,0.846937576453269,1.6798466657592,-0.782672592338649,0.846913786708618,1,2,1,1,2,2,4,2,2,1,3,5,3
-2.30961207454266,0.794332898974237,-1.81008961186121,-0.766465546689638,-0.224775495058067,-1.4423442969498,1,1,1,3,1,1,1,1,1,1,5,4,1
0.521612337014479,-0.0541969113759526,1.43440523457022,-0.924283612078679,-0.170122811119033,0.64844431947275,2,2,1,3,3,2,3,3,3,2,1,3,2
0.395566643789514,1.45162754743767,-2.51460460281172,1.04090752541273,1.46442957778702,2.08368305523066,2,2,2,2,3,2,2,1,1,1,3,4,3
0.76758181102174,1.00567692081623,-0.10239670096574,-1.35415994671057,-1.17987095375112,-1.52886909434277,1,1,1,1,2,1,2,2,1,1,3,4,1
-0.577741870978806,1.16608851081035,0.152156622167171,0.913398336943112,-0.0938899245129537,-0.757724230043159,1,2,2,3,2,1,1,2,2,3,3,4,3
1.61179530069613,1.74247448557945,-1.24559566965478,0.803060887240362,0.884625580847925,-0.489454488872302,2,2,2,2,1,1,2,4,1,1,1,2,3
-1.10215817380679,1.73467267531989,-0.732647061366782,-1.11183401591271,1.98889247797106,0.672678688544148,1,1,2,2,1,2,3,2,1,3,1,1,2
0.608819581294078,-0.547166593484393,0.109850317149234,1.04842845595896,-0.326379002247225,-0.916507364470087,2,2,1,3,3,2,2,4,1,1,3,4,4
1.29683682042935,-0.0523546302444891,-0.655764536678083,1.30158717111207,-0.256808636296831,-0.55088361901161,1,1,2,3,3,2,2,2,2,2,1,1,3
-0.875306849571654,-0.816828894253496,1.49115081217369,0.115535158414992,-0.395383011483898,0.993436599810233,2,1,2,1,1,3,1,1,1,1,1,5,2
0.646234987465298,1.58279456443184,1.03136975399569,2.72106279141665,1.72615026354678,0.0479076553476326,1,2,2,1,1,1,2,2,1,1,4,1,3
2.06305901381219,-0.252976991505046,-0.48560517617849,-0.622464839580148,0.277517984399992,1.00228793076671,2,1,1,3,3,2,3,4,1,1,5,3,2
0.0930194596165276,0.0590828964956,-0.630283087894532,-0.851540195387422,0.0413697141434355,-0.267029405101725,1,1,1,1,1,2,1,1,2,1,3,2,2
0.121854315814914,-0.340245957661184,-0.730793874712396,-0.348863903941995,0.705772777118468,-0.562114028220116,1,1,1,1,2,1,3,1,2,1,4,4,2
1.51631939189461,1.00113435830348,1.30891792988344,1.04760582983666,0.349461066923667,1.09491357583989,2,2,1,3,3,1,2,4,3,1,2,4,3
0.214178639293849,0.519657065615659,-0.0151213665128162,-0.664417895281437,-0.274096542898268,-0.18535953460065,1,2,2,1,1,1,2,2,2,1,5,5,2
-2.69821859580682,0.74963302947507,0.335657077310612,0.518075288294552,-0.0381508427169725,0.842112392272368,2,2,2,1,3,1,4,2,3,3,3,1,4
-2.3562315834636,-0.517532523945444,0.840475189536371,1.33776234957605,0.0209264602298551,2.48741275917211,1,2,2,1,2,1,1,2,1,1,1,4,3
-0.146651297608155,0.40519162996657,-0.680018214563094,0.105389134591983,-0.131911554432845,-1.13921411011937,1,1,2,2,1,2,1,3,3,1,3,4,3
-0.149339184840673,0.738070778640116,1.13980825545712,-0.109454105362649,-1.15213223668832,-2.48185288640542,2,1,2,1,2,1,3,2,2,1,2,4,2
0.715885251989382,0.813221947565281,0.302491131842317,0.496107462583451,-1.47296922435227,-2.20811373748362,2,1,2,1,1,2,1,4,1,2,2,5,5
-1.58995765723848,-1.17035600015111,-1.08600321904655,0.73663112528562,0.510609632130683,2.31279344564454,1,1,2,1,1,1,1,1,2,1,2,4,1
-0.947752335639805,1.60655031543055,0.238176978256413,-0.504432063368914,-0.853719782642182,0.77502610415607,2,1,2,1,2,3,2,2,2,1,5,4,2
-0.213149935006939,-0.282096114788646,-2.0114589714449,-0.635718208197728,1.57353887344012,-0.484995679159783,1,1,1,3,2,2,1,4,1,1,5,2,2
-0.914888183798065,-1.24948244171608,0.436858754086696,0.448562719352585,0.0210282452862716,-0.592026226164585,2,2,1,2,3,2,4,4,3,3,3,1,1
-1.20235132941023,0.114335057247123,0.452495360672594,-0.915448730081604,-1.56844122412995,-0.00423993641911387,1,1,1,1,2,2,1,1,1,2,4,5,3
-0.814982444216713,-1.07626645949265,-0.502222905874304,-1.25040854627071,0.09129155676783,1.34325041784724,2,2,1,3,3,2,4,4,1,2,2,4,4
-0.45314819391738,0.629380470267745,0.639430737569163,-0.291565558316639,-1.17694733994921,0.68788138735406,1,1,2,1,2,2,1,2,3,3,5,1,3
-0.128606392300815,-0.690461649646121,-0.0407155982769866,0.252898491717679,-0.0484950400429613,0.016245889249908,1,2,1,2,1,1,1,1,1,1,5,2,2
-0.0764692082575767,-1.07216421116067,-0.0901954051077479,-2.54387389471535,0.958328790655209,1.59348923900982,1,2,1,1,1,1,1,1,1,1,4,2,4
-0.996907719355032,0.459940937785937,0.24893975249432,1.11633543973684,-0.311059299346311,-1.66987806058005,1,1,2,3,1,1,4,2,1,1,2,4,2
-1.58033806309326,1.7922538912829,0.609565784227327,-0.510368217693406,-0.287453585900651,2.07372353485891,2,2,1,3,1,2,3,1,1,1,2,4,2
-0.796230993141354,1.37114951976558,0.933670297261724,-0.563787627486386,-1.4526323752401,0.796855789592875,1,1,2,2,2,1,1,2,2,2,2,5,2
-0.628803582397234,-0.416033008123435,-0.936138531616327,-0.0256632751804861,0.578126923236295,-0.183268276023775,1,1,2,2,2,2,2,4,2,1,4,3,2
0.284689901284372,0.158796365771065,-0.764016932093417,0.633833288088855,0.132952649452922,-0.393153083288377,1,1,1,1,1,1,1,3,2,1,3,5,3
0.384398500157964,-0.264723728435326,0.867566127126738,-0.597907105222111,1.44526528875517,0.741552171467409,2,1,2,2,2,3,4,4,2,1,2,2,2
0.707569003272661,-0.344541314169726,2.56716762389847,0.104814148106491,0.12156284065595,0.25840787927145,1,2,1,3,1,1,1,3,2,1,3,1,2
-0.00734516735466634,-0.852590920176873,0.0790021543935828,-0.809472854831041,0.929914058560052,-0.560190033012153,2,1,1,3,3,3,3,3,2,1,4,5,1
1.61381438590643,-0.541399552276937,-1.55675067467061,-1.60387534118369,-0.454644677930005,-0.202078004792598,2,1,1,3,2,1,4,4,1,2,2,4,4
1.92607936754946,-0.895043244109163,-0.223719398101892,-1.46837117231886,-1.26719251896613,-0.493476619673461,2,2,1,3,3,3,4,3,1,1,2,4,3
-0.793944083362241,-0.00337797217169998,0.0725553147279135,-1.1072537268312,2.20337486741964,0.26106124752884,1,1,1,1,1,1,1,2,1,1,2,4,2
-0.293412160165519,-1.15766754656044,0.688003768552991,0.142399792562651,-0.0830533006389008,0.0959563061535646,2,2,1,3,3,3,4,3,2,1,4,2,1
2.03443270187323,1.05416325466896,0.386865524490001,0.50155404022638,1.56152079967271,-0.10370687129488,2,2,1,3,3,3,2,4,2,3,3,3,5
1.54525256376314,0.802165377772367,1.5462554221684,-0.947388823898149,-0.379069391092782,0.310511818067603,2,2,2,3,1,1,4,4,2,1,5,4,2
0.233068911818603,-0.962488420051952,-1.17311651310782,0.0557103660110602,1.13040470934037,1.50020216339639,2,1,2,2,1,2,1,2,3,1,5,5,2
-0.385601797586844,-0.697493124935035,3.21855846397754,1.28061319830328,0.148301580427203,0.210131471585792,2,2,1,2,1,3,4,4,1,3,2,4,2
0.390736922871202,0.776233526962548,-1.20601779542358,-0.313223058535053,1.33654588447872,-2.07774137150349,1,1,2,2,1,1,1,2,1,1,1,3,1
-0.388463108954303,1.12356666843219,-0.0311441552591918,1.38332843297196,-0.67738037201207,1.13753287381823,1,2,2,1,3,2,2,2,2,3,2,3,2
1.50052371805872,-1.3584987481564,-2.46850999285883,0.0453734695661343,-0.284958461269971,0.139016467286018,2,2,1,2,3,1,4,1,3,1,2,3,1
-0.238780310605273,0.657107014039702,0.47826143973163,0.434895496725181,1.25953386107534,0.474257779131319,2,2,2,2,1,1,3,2,2,1,5,4,3
1.16917947815161,-2.64087056628894,0.800129112895472,0.187824616439654,0.31734068279989,-1.39761769763115,2,1,2,3,2,3,2,4,1,1,5,4,3
0.415646321494918,0.348758681606908,-0.836892892838011,-0.828698674633722,-0.72870868316622,0.803035135556905,1,1,2,2,1,2,4,2,1,1,1,4,3
0.89430699948992,0.158569389666036,1.80637225471215,1.86599186150779,-1.80660421380528,1.44482285147214,2,2,1,3,2,3,4,1,1,1,4,5,1
-1.64997293037275,0.337969596273481,-0.414257374533737,-0.0866830785914321,0.0913917031549452,-0.996188177044706,1,1,1,2,1,2,2,4,1,3,4,1,1
-1.76455698908234,0.225038278534968,-0.220680551023784,0.000634385377379285,-1.31252632608652,0.459590864124609,2,2,2,1,2,1,1,2,1,1,2,3,5
-0.797014387564125,0.0276074012942464,1.3453916440092,-0.922191549595982,0.217940409515407,1.14393145244079,1,1,1,1,2,1,3,1,2,1,4,4,1
-1.1293536902301,-0.399755282934519,-0.122900810482535,0.366446553385154,-0.64164161522527,0.0293349686084891,1,2,1,3,2,1,1,3,2,1,4,4,1
0.964080699409084,1.00146546266564,0.0207333285669661,-0.00326478680094232,0.280237223640171,-0.211849776996561,2,1,2,3,2,2,2,3,1,2,1,4,4
-1.19903877221805,0.681943795479738,0.308352213738449,0.454633830980397,-1.64035288468722,-0.367220212918378,1,2,2,3,2,1,2,3,2,1,2,5,5
1.555552898318,0.280659804705279,-1.82013214662422,-0.0275287977917234,-1.10008099447033,-1.45018800101072,2,1,1,3,1,1,4,3,2,1,5,5,5
1.58628727799467,-1.20855026612617,1.58820330056133,1.24807110965261,-0.11413635332317,-1.30828785746995,2,1,2,3,1,3,4,4,2,1,1,5,2
1.04229198649798,-2.43093129087569,0.501287180119598,-1.29396624320196,-0.593063617920087,0.0990601152307988,1,2,1,3,2,3,4,3,3,3,5,5,2
1.65112660012806,-0.755237827071116,-0.0656571974573541,1.72277077181857,-0.90857254580025,-0.853528307063171,2,1,1,2,3,3,4,1,2,2,4,5,1
1.23136750151153,-1.4896482107799,-0.966808811701586,-2.61605857599124,-0.606029441382487,-1.05826535839872,2,2,1,3,1,3,4,2,3,1,2,1,1
-1.42811930494057,-0.117671298800728,0.618382290398167,1.58417619024941,-0.470013538681175,0.310915079133631,1,1,2,3,3,1,2,4,1,1,4,2,1
-2.11214235425273,-0.894706369506554,1.0762584297607,0.0953610797731199,0.0103550809714654,-0.0606935521100105,2,2,2,2,2,3,4,2,1,3,2,4,3
0.125071527619126,1.00977871384239,-0.51912323775508,-0.70553618390891,-0.256317840368864,-0.3999030300101,1,2,2,2,3,2,1,2,3,3,2,4,3
0.123389462509168,0.587950014705169,0.162184697735599,1.05205381523598,-0.399364982428909,-0.0306588824547339,1,1,2,1,1,1,1,3,2,1,3,3,2
-0.82386699607863,0.131657887750701,-0.076954909986191,0.0455085790558534,0.869043468697517,1.33558349664461,1,1,1,1,1,1,4,1,2,1,1,1,1
-1.48214903522967,-1.11285880754207,0.268666453394975,0.885983197019564,-1.14417601240874,0.309945185710031,1,1,1,1,1,1,2,1,2,1,1,4,5
0.545217309564231,-0.554294568028498,1.09064324768847,1.19399504822732,-0.242163280210299,0.470301308719983,2,2,2,2,3,2,2,1,1,2,5,3,2
0.5603175076488,2.25933342154477,-2.21818856129697,0.0841274309682324,-0.235713057440809,-0.374741034243186,1,1,1,2,2,3,2,1,1,1,1,5,1
-0.40235901883013,-0.226139538895758,0.0177806589550998,1.25316583287475,0.432138051468396,1.71770264531592,1,2,2,2,1,1,1,1,2,1,1,4,3
0.0544287648254574,1.09128160905073,-0.321855317223804,-0.5049092348947,0.898332600833492,-0.0909972693006165,1,1,2,3,2,1,2,3,2,1,2,4,1
-0.2485539786565,0.692832867020055,1.0682646503716,-1.21911062396741,0.835420120727678,-0.37914264979141,1,2,1,1,1,2,4,2,1,1,1,5,3
0.0253503172261087,-0.633607196320418,0.295595520752596,1.97775334546554,1.42710022538464,0.374886137188194,2,1,2,2,1,1,4,2,1,1,2,5,5
-0.74085454274682,0.956407525694673,-0.0681806274236152,-0.836230820793471,0.701244434618444,-0.379767340705503,1,2,2,3,3,2,1,3,2,1,4,2,1
-0.411566146847407,0.221865089621048,-0.714887858150759,-0.593474506295923,-0.808042142098888,1.11709740498346,1,2,1,1,2,1,3,1,2,1,4,2,3
-0.0969730908826728,-0.560332561122543,-1.2932931716848,1.26629608398317,0.700229927258447,-0.899265956784719,1,2,2,1,1,2,3,2,1,3,5,3,3
0.0720536531390661,-0.31974888625079,1.01113505621612,-0.426191480482541,-2.11565417817008,1.67965223131983,1,2,1,3,3,3,4,4,3,1,2,3,4
-2.49961529003335,2.11689113954188,-1.09210827013127,-1.04508527642626,0.342117359392438,0.347262653468697,1,1,2,3,1,2,2,3,2,1,3,4,4
2.47182426273706,-1.52983668027445,-0.234175004832718,-0.569776118061892,0.521711901843277,-0.859586238610777,2,2,1,3,3,3,4,3,2,3,2,5,2
2.43343797746599,1.79785028547714,-0.188894124940489,1.24348214898896,0.150934911371972,0.188971925281383,1,2,2,1,1,2,3,1,2,1,3,3,2
0.663876846217941,-0.706004540549325,-1.05408440437665,-0.18480872061365,0.48150223992166,1.27652253178887,2,1,2,1,2,2,3,3,2,1,1,2,2
-2.28842209137725,0.339549882021507,0.577527041513312,0.835430981280309,-0.564636685729531,0.852743197439342,1,1,2,1,1,1,2,3,1,1,4,2,1
0.376017778290843,0.127930148838236,1.23646778804917,-2.07444160126466,-1.41823074509685,-0.979533423353743,2,1,1,1,2,1,1,3,1,2,5,5,1
-1.16606055143472,0.115256182932381,-0.866950791236932,0.557168898909883,-0.192498423084916,-2.76780074837425,1,1,2,2,2,1,3,2,2,1,1,4,3
-1.11718007692254,-0.387016922322472,-0.399229142241762,-0.112756901775778,0.402935342190915,-0.673118361419535,2,2,2,1,1,1,2,3,3,1,1,4,2
0.433085031959362,0.432349167716428,0.839275884853186,-0.56242309779763,0.683893792832411,-1.39936591098934,1,1,1,3,2,3,1,3,2,1,4,3,2
-0.293025760273391,1.86886346608354,0.112679927420117,0.59913990116673,1.0912746765955,-2.13727737076299,2,2,1,1,2,3,3,2,1,1,5,4,2
0.670013093902316,0.537675634998501,-1.04685339989922,0.448133817092897,0.216511085432348,0.869081392506829,1,2,1,3,3,2,3,4,2,1,2,2,1
-1.13203051038541,-1.49087384003491,-1.4251951699353,-1.50196660013682,0.106576377941386,0.172645944279624,1,2,1,1,2,1,2,4,1,3,1,4,3
0.393112874157332,0.589475505646449,0.654935016469043,-0.900212084737858,-0.4997891433397,0.467309715403168,1,1,2,1,2,2,3,2,1,1,1,4,4
0.535609142520623,0.015678510995247,-0.409154565736806,-1.85301700457862,0.322457534048189,0.367491394289069,1,2,1,3,2,3,3,4,3,1,5,3,3
1.91540385163459,-0.620580175465473,1.32347447349475,0.82231633927337,0.715783967809457,-0.788680927144057,2,1,2,3,1,1,4,4,1,3,4,5,3
0.260396602892961,0.7159586918864,-0.589426662638206,-0.366768462815775,-1.38880032608533,-0.0294110148935091,1,2,1,1,1,2,1,1,1,1,3,3,2
-1.11044097027414,1.88275953232547,-0.501159860519133,-0.984431706815417,0.296909865223198,0.0782968505896256,2,2,1,2,2,1,2,4,2,1,5,2,4
0.385937817285068,-0.509593594608699,-0.570674550589139,0.406897288822405,-0.734283722834564,0.390115967037501,2,1,1,3,3,2,1,4,2,1,4,4,3
2.08360008292979,0.394458440731135,0.0168216789703494,0.0661035826221551,-0.6115916622109,-0.192549904937016,2,1,1,3,3,1,4,2,1,1,3,2,2
0.235806271876337,0.172269640637389,0.83330555909286,-0.741026273576207,0.894397076801878,-0.454513946804582,1,2,1,1,1,3,3,1,2,2,5,4,2
0.0610776761035857,-1.30211064865489,-1.73181154771096,-0.69030776373073,-0.0841620728456894,-0.732057878601179,2,2,1,1,1,3,1,1,1,3,4,4,1
-0.905492624199096,1.89573948731165,-1.1408132122876,-1.79982271500402,-3.05467855855612,0.303883204816819,2,1,1,3,1,1,4,3,2,1,5,2,4
1.50056779460308,-1.11862410204558,0.0803314527240359,-1.3101817585158,0.228926095386707,-1.66210531867024,2,2,2,3,1,3,4,4,2,1,1,3,1
0.704033899822966,-1.04711046889248,-0.293359218475308,-0.855580052298445,-1.36485521584036,2.22828349754994,1,2,1,3,2,3,1,2,2,3,3,4,2
1.60778744415165,-1.17121219720874,-1.31649830459605,1.45928412004791,0.604155408733204,0.273330107301543,2,2,2,3,2,1,4,4,1,1,2,3,2
0.555600313605271,-0.825878130523047,-1.88065512726281,2.73472039607702,-0.530113534311276,0.841189712857213,1,1,1,1,1,1,1,4,2,1,4,4,1
0.993235652391037,-0.522279894425327,0.640370992529146,-0.644208149571494,0.374545602487051,1.62428929706643,1,2,1,3,3,3,4,4,3,1,2,2,3
0.109159176177945,-0.104110570691411,-0.230562503609839,0.618656022226216,-0.629670277605844,-0.695116416385859,1,1,2,1,2,2,2,1,2,2,2,3,1
-0.33195850535618,-1.85582828435862,-0.0856575013224435,-0.670181345296956,-0.480082047369389,-0.612205897869352,2,1,2,1,3,3,4,2,2,1,1,5,3
1.4327825302184,-1.06122688656525,1.69489022393765,0.110458922923951,-0.465565202745652,0.600827858322227,2,2,2,2,3,3,3,1,1,1,5,1,4
0.866458050824025,-1.18214039554734,0.655808796942553,1.45269084442218,0.311251860789395,-0.917281398676148,1,1,2,2,3,3,3,4,1,1,4,2,3
0.378963955669651,1.25510401311995,-1.24685804038941,-1.13944457630336,-1.15416339464489,0.195994705233526,1,2,2,2,1,1,4,2,1,1,1,3,4
-1.6322044362963,-2.42910019299264,-0.162096511005711,-1.26868022683601,-0.918523304740525,-0.526595384859785,2,2,2,3,3,3,3,3,1,1,5,4,2
-0.362855016480289,1.19244377856411,2.19331788534117,-0.7938247322322,-0.0390660862377445,2.17160570088733,1,2,2,2,1,3,2,1,1,1,2,5,2
-1.35940611573918,0.636600836423604,0.130279574341781,-1.32047308890242,1.07707933668201,-0.616449216614521,1,2,2,1,1,3,4,1,2,1,3,2,3
1.38319842607034,-0.969472813031722,-0.420038246935232,0.475841580233509,-1.27175143572431,0.259127944390254,2,2,1,2,2,3,2,4,2,1,3,5,1
0.125484923891021,0.771061070950581,-0.777272692820181,0.213621242434268,1.23426349564761,-0.107369082852942,1,1,2,2,3,1,3,4,1,1,2,5,3
-0.00915320576766531,-0.208862815700476,-2.55915601185186,-1.75877879126554,1.32980783559802,-1.1411719488835,1,1,2,1,2,2,3,2,2,1,2,3,5
1.88585126038109,-0.0850847485320873,0.630974303237787,2.00683096095641,1.0671714056082,0.863664420505491,1,1,2,2,3,3,1,1,2,1,2,3,1
0.870027890337837,-0.359623996937086,0.0135301238041922,-0.718629944643968,1.69722996183693,-0.364665504739206,1,2,1,3,2,3,4,4,2,1,5,5,5
0.810922172849795,0.313532679236399,0.856749646815738,-0.0915678122553471,0.689930653585993,-0.5928266712048,2,2,2,2,3,3,2,2,1,1,3,4,2
0.545016296653699,0.941866370557752,1.28963489866032,-0.347363518395008,0.495652705629546,-0.065787588165737,1,1,2,1,2,1,1,3,1,1,1,2,1
-1.18198085666243,0.476712620431447,0.642451278447468,0.177229201017953,-0.505431218334063,-0.238474225169117,1,2,1,3,1,2,4,4,2,1,2,1,2
-0.345485684616629,0.614149943936107,0.554430944846606,-0.649361335645169,0.295400630684374,-1.42695178791664,2,1,1,3,3,1,4,2,3,2,1,3,1
0.0814655170612054,0.146894838578263,-0.645740053253934,0.849816015300267,0.419176246261762,-2.26850395689575,2,2,2,2,2,1,4,2,2,1,3,5,1
-0.0706786970156648,0.860526935646813,0.672555509628537,-0.0502172000003209,-1.12919199122212,-0.903411650253071,1,2,2,2,2,1,4,1,2,1,3,4,2
1.91116382451497,0.29368840922881,-0.740073424823716,0.318791328495737,-0.279638544190759,0.573531962061114,2,2,1,3,2,3,3,4,1,1,3,2,2
-0.816413565754355,0.657692927247934,-0.394224847389054,2.46229166227575,-0.949282464063248,-0.425478422164854,2,2,2,2,1,1,1,4,2,1,1,4,3
-1.61441794916503,-1.07806245045589,-1.00247392003831,-0.607267887233079,-0.320967779028898,-0.320830107128394,1,2,2,2,2,2,1,3,1,1,5,2,1
-0.864945690862347,-0.788051830056007,-1.65075906165037,0.523414249703051,-1.43284390221601,-2.08512764571184,1,1,2,3,2,2,2,3,2,3,2,4,3
-1.35918421960955,0.269560618796607,-0.586575561864544,0.00175325864679817,0.204698738186158,-0.105719560782971,1,2,2,3,2,1,3,2,1,2,3,3,3
-1.11802968674844,0.259177299778558,0.774648763509007,1.67979706985734,-1.18767644529776,-0.687888461489778,1,2,2,3,2,2,4,2,2,1,2,5,3
0.104604504685898,-0.0796179258330074,-1.33269812215178,0.895355735294445,-1.99932469575156,0.0111172027209886,2,1,1,1,2,1,3,4,1,3,2,2,1
-2.068296955314,0.610507529429458,2.27599201254159,0.966361737905544,1.55306006186035,-1.36412159759434,2,2,2,2,2,3,1,1,1,1,3,1,3
0.642014844440796,0.836346568779086,-0.896269190768949,-0.0945751003397471,0.453248649466632,-0.203447234639137,1,2,2,1,2,3,3,2,2,3,2,1,3
-0.0121767555673938,0.720492119027669,0.442102839185591,-1.24622215944095,-0.407013506916018,-1.63058317065788,2,2,2,3,3,2,3,1,3,3,4,4,4
0.486249222790206,0.529939028231244,0.166640139999516,-1.0519517537166,-0.814315405114614,0.70133178598961,2,2,2,2,3,3,4,2,2,1,2,2,4
-1.66549567945355,2.56051478596535,-0.91947426777252,-1.34177091302436,-1.4071793320565,-0.0578000680781474,1,1,2,1,2,3,1,3,1,2,4,3,3
1.6511710121974,-0.728840825517868,1.94192452249046,-0.560839145010104,-0.565105932849659,-0.13575377430237,1,1,1,1,1,3,3,2,1,1,2,3,2
0.119116115370799,2.58640200688976,-0.272225872414635,-0.625712041030304,0.498993256542661,0.00666698867073798,1,2,2,2,3,2,2,2,1,3,3,4,2
0.476247906476625,-0.629706111203466,-1.50133932119383,-1.69343624851915,0.697720040445233,0.15859442446967,1,2,2,1,2,1,1,1,2,3,1,4,2
-1.68077802787614,0.454387027442117,-0.317666049078095,1.31217291592458,-0.869550611781899,1.61006922360092,1,2,1,2,1,1,2,1,2,1,1,4,5
-0.320233910679318,-0.667644183718913,-0.510480914583192,-1.61960242228147,-0.862235789519016,0.45933072117434,2,1,1,3,1,3,3,3,2,1,2,5,4
-0.559101522562828,-2.13047614309773,1.5322600567259,-0.392915356895773,-1.02790832357971,-1.76499869506448,2,2,1,2,3,2,4,4,1,3,4,5,3
0.0258798211852252,0.312605010053532,2.34297861025926,-0.280057194356009,-0.22271640614119,0.0981914193632821,2,1,1,1,1,1,1,1,2,3,3,1,1
-1.11142024848411,-0.158685418815908,0.470392675544976,0.635997537024883,1.07241451678898,0.148622371501333,1,1,2,3,2,1,4,1,2,1,3,5,3
-0.983161882315374,-0.88620959506348,-1.01657228210857,1.48880825047581,2.01950572095431,0.724507629233222,1,1,2,1,1,1,2,1,2,3,3,5,2
1.6859926016226,0.895641841565758,1.55044292265464,0.0791122460930799,0.391960196501423,-0.746704427534489,2,1,1,3,1,3,4,2,1,1,4,2,2
-1.44549699349054,-0.0177487526045524,-0.526703635228861,1.33335990893867,1.119815354382,1.75340101783634,1,2,2,3,2,1,1,2,1,1,5,5,5
-1.13532929674825,-0.104316543551517,0.439987999859825,-0.686139454633717,0.963100294826793,-0.0610265981170355,2,2,2,1,1,1,2,4,1,3,5,4,3
-1.02677244764156,-1.25531157534021,0.891964713713036,0.765404953890389,0.0191282608898911,0.231406281064308,1,2,1,2,2,1,2,2,2,1,2,3,3
0.50342496171768,-0.561499080298425,0.503156892060782,-2.31846183575771,-0.651670669852229,1.74176238208534,2,1,1,3,2,3,4,2,3,1,2,4,3
-1.41427435058098,1.61048093980051,-0.323548227086292,1.93872355109598,-1.0665018878909,0.916941628980666,1,2,1,2,2,2,3,3,1,1,5,5,4
1.97093192299037,0.777033381885813,-0.441368032416974,2.41787201956259,-0.539961389250591,-0.748244565296658,2,2,2,3,1,3,2,2,1,1,5,3,3
-0.0691408902503212,-0.312982552307751,0.4949287681188,-0.282594458382816,0.498187309646509,1.03385714802998,2,2,2,2,1,1,2,2,2,1,4,5,1
0.484750516813246,-0.0846695638827588,-0.292803344870559,-1.10178085467133,-0.737718006675279,-2.07369740752636,2,1,1,3,3,3,3,4,3,1,5,1,3
-0.256589134043068,-1.82715270052581,-0.624760448006369,-0.862727609469846,1.09429139422418,0.171160613226672,2,1,1,3,3,3,3,2,2,1,3,4,5
0.216910735816155,-0.264752927091257,-0.680630009013721,-0.168706097865167,1.78454990425604,1.56116615885539,2,2,1,3,3,3,2,3,2,1,2,5,1
-1.32031744211149,-0.204920435009062,0.981576491417136,-1.3619279702442,-1.52790718313965,1.12410140792619,1,2,1,3,2,2,3,2,2,1,3,4,5
0.27190282572949,1.18440054558963,0.42570792657248,0.478104740619386,1.70486567722023,0.868757803134939,2,1,2,3,2,3,1,2,1,2,4,5,4
0.126773285145465,0.703250112637786,-0.768908949047004,-1.02990587265653,1.60860057505692,-1.54664573443768,2,1,1,3,3,3,4,4,2,2,1,5,2
-2.15831407765674,1.91581950926736,-0.76788373850103,-1.62067134394768,1.11068842246044,-0.257336731993726,1,1,1,3,2,1,3,2,1,2,5,4,3
0.313944996697468,0.246293662997831,0.686444085744692,0.466223321584548,1.03727014289864,-1.95683197330028,1,2,2,1,1,2,4,1,2,1,3,4,3
-0.0702054580294125,-0.367113626406603,0.241758299322257,-0.544313309252162,-0.355217885029899,1.32249214626045,1,1,2,3,1,1,1,3,1,1,5,3,2
1.47443228664488,-0.0885282518660103,0.0315284097194529,-0.536128244406438,0.301861278500386,-0.731351655504506,1,2,2,2,1,3,3,3,1,2,3,3,3
-2.14805204838056,-0.137252411837654,-0.168800544893423,-0.747608794476924,0.9757741215349,0.508121285997421,2,2,2,2,2,1,3,2,1,1,3,2,4
-0.842592869270928,-0.0659489487855492,-0.583890515347891,0.711552657490772,-0.913071451701325,-1.56698212825766,2,1,1,3,1,2,1,1,3,1,4,3,5
-1.52100355809315,0.296084047367137,3.00719561060338,-0.202821147902101,-0.250740450892049,-1.26323930425784,1,1,2,2,2,2,2,2,2,1,2,2,4
-2.76285188100989,1.09976081065427,0.390321137621353,-1.20991813124964,-1.31627507980608,-1.17505873029508,2,2,2,1,2,2,1,2,1,1,4,4,2
0.603627240313607,-1.31852271635593,0.206162580477392,0.146913256147034,-0.860577683840155,-1.38336485095915,2,2,2,1,3,3,1,1,2,1,3,5,4
0.503544723951206,0.301439829709428,1.27161930125229,1.9380479749606,-0.977208833350564,0.846334154916143,1,1,2,1,1,1,1,1,2,1,5,5,3
0.802936294022458,-0.408910703694985,-0.68483906072771,-0.542414486362931,-1.17908154554197,0.843725593311003,2,1,2,1,2,1,1,1,1,1,4,5,4
-0.886026756364786,0.613452508555905,-1.0508913731957,0.017952433977692,-0.35228635418227,1.05754989149929,1,1,1,1,1,1,1,1,1,1,2,4,2
0.936218481002534,0.257505677940511,-0.990125673704748,-0.537585767968264,-0.317934377742208,0.562023788896527,1,2,2,3,1,3,1,2,3,1,3,5,1
-0.0320320192553467,-0.530415645345405,-0.41274409023609,1.14223169901103,-0.924650454872895,1.85664593216295,1,2,1,1,1,1,1,1,2,3,2,5,1
-0.32696790324155,-0.238914022437364,0.224303251751785,0.700333390628836,-0.882207260067876,0.227955266363403,1,2,2,1,2,1,1,2,1,1,2,5,3
1.7534820617202,0.731691879807466,0.679354277387388,0.23984130091612,-0.94892454390349,-1.35577946578998,2,2,1,3,3,3,4,4,2,1,2,1,2
-0.382943488537068,-0.700582780030115,1.72904302013155,-0.721696535718603,-1.04623192351531,1.01381448005471,1,2,2,3,3,1,2,4,1,3,3,4,2
-0.614626247637505,0.137025803588223,0.269878387226142,-1.30087947329807,0.369225337207038,-0.271635665150518,1,1,1,2,2,1,2,1,3,1,1,4,3
-1.75021535763981,-0.181140692612097,0.0128578802507761,0.69183284109902,0.382491736429419,-0.168499051362692,2,1,1,3,2,1,4,1,2,1,5,1,1
-0.0445453072451588,1.38135223763118,0.0129419897807006,-0.532006794908637,-0.193609456427796,-0.277194424625126,2,2,1,1,3,1,4,3,3,1,2,1,2
0.238456481796032,-1.21201766084798,0.556481233208573,-0.204685666632358,0.64190753391438,0.691160959686184,2,1,1,3,3,1,1,1,1,1,2,5,1
1.04673649681294,-0.690474962322549,-1.18393154883187,0.382647883636355,-0.380823172978346,-0.715855612396535,2,1,1,2,1,1,1,3,1,2,3,2,1
-0.439371745308597,-1.08497519883555,-0.358432616673703,0.0448257429719064,-0.962756140359351,0.470267692146323,1,1,1,1,1,1,4,2,2,1,2,4,2
0.106123688826918,1.15507058644902,0.416455796545933,-0.21755253068572,-1.05525252371709,-0.200797404099341,1,2,2,2,1,1,2,4,1,1,1,4,2
0.591717495650274,0.246036698091759,-0.607116096234002,-0.511820410613253,0.399416434065556,2.07791988947355,1,1,1,2,1,1,3,3,1,1,5,4,1
-0.312837839463307,1.90886022775255,-1.04908025487235,2.59417387348842,-1.43012310646759,-0.0814839849522233,2,2,1,3,3,1,3,4,2,1,5,5,1
1.66396948747512,-0.546198522618782,-1.82335202658741,-0.211969987741596,-0.876591944417611,1.67366257735712,1,2,1,1,2,2,3,1,2,1,4,5,3
-1.8760252842059,1.09199219187899,2.54689471607133,-0.129927030615786,0.767176003982139,-1.25062304862552,2,1,2,3,1,1,1,4,2,2,1,3,3
0.22858976531662,-0.0861686443796809,-0.0852917877406912,-1.30637661563371,0.144292274747279,1.08161710560692,1,1,2,3,1,1,4,2,1,1,3,5,1
1.50926924966271,0.0818981462346761,0.240748803996807,0.108382905515595,0.938676511301896,0.89543627255139,2,1,1,1,1,3,2,4,2,3,4,5,2
0.113496734037955,-0.963133055732034,-1.75276484497045,0.875842823252912,-1.46542728765479,1.72072040339859,1,2,1,3,3,2,4,4,1,1,1,3,1
-0.940989860308011,-0.13159242463117,-0.0249678680146319,-0.772178814412757,-0.301238946655715,0.0183557089637252,1,2,2,1,1,1,4,2,2,3,3,1,1
-0.287146587842645,0.197317080331549,-0.553973159090571,2.08269846681314,0.00360494229631127,-0.916658799776496,2,1,1,3,2,3,1,1,2,1,4,3,2
-0.0214589525145173,1.60923056013772,-0.444269232356575,0.628933899392718,-1.71879822595474,-0.562901497184294,1,1,2,1,3,2,3,3,2,1,2,3,3
-0.192754282794689,0.223983518608604,-0.131212581961852,-0.300430965183093,-0.238529501244923,0.326687483488141,2,2,1,2,1,1,1,1,1,1,4,4,1
0.488092939297271,1.95400938036978,-1.16666347728298,-1.75251329261569,0.498484681691547,0.830804795574313,1,2,2,1,2,2,4,2,1,2,2,5,2
-0.933770346399647,-1.13550797465524,-0.720752672585339,-1.80458914443114,0.574983598061962,-0.273658659881375,1,1,1,2,2,1,1,3,2,3,4,3,3
0.180118296633911,-0.625513663504248,-0.344220208366575,-0.7431930005588,-1.02964692091618,-0.215552922300596,2,1,1,3,3,2,3,4,1,1,5,3,1
0.4762843041017,0.329450457212722,-1.88639598338993,1.18196803565057,1.18764847301405,-0.587663099705535,1,1,2,2,2,1,2,2,1,3,2,2,1
-1.61810607274946,0.931136639914823,0.475208100792946,-0.620842457637432,0.657635920071017,1.15566037864414,1,2,1,2,2,3,2,1,2,3,5,2,4
-1.81458394487165,0.656396019577083,0.868889497562301,-0.581987703560041,0.00347761300338285,-0.680399769233308,1,2,1,2,2,1,3,2,3,1,4,5,5
-0.543026958493678,0.203411055877561,0.0995344809177475,-1.53085781204794,1.33866550125018,-0.1005630971686,1,1,1,1,1,1,2,1,2,2,3,2,1
0.0352237498473545,-0.711943407056499,0.689799081834108,0.171796893032189,0.435738590249992,-0.146594373598472,2,1,2,3,3,2,4,4,1,3,1,5,3
-1.59287757138509,2.44670760489153,-1.95505710973085,0.0193769685374096,-0.213925415214264,-2.69585179762942,2,2,2,1,3,1,2,2,2,2,4,2,5
1.00528571842329,0.457496656745983,-0.0944768021915978,-0.253588373168067,1.41011251895787,0.68030945981649,2,1,2,3,1,3,4,4,1,1,3,3,2
1.02719328786011,0.84116242100683,-0.218496169155947,1.02111506439191,-0.751577686292049,-0.600295623836676,1,2,2,1,1,3,3,2,3,2,5,5,3
-0.00501733908261268,-1.13156134037158,-0.408339770672688,-0.26520630779482,1.07805129848515,-0.610401539101735,1,1,1,1,1,1,1,1,1,1,3,4,3
0.611207395015378,2.11091560743726,2.28362768896316,0.517908598195752,-0.621113081460201,0.983909075556896,2,1,2,1,2,1,2,2,2,1,3,5,4
-0.668773785510695,1.76047735980307,1.49720855783039,-0.477383775682465,0.474869654072427,-1.28906139396382,1,1,2,3,1,1,3,2,2,1,5,2,4
0.301511003747179,-0.522326198063978,0.814957186008507,1.55429488675989,-0.00293168932376891,0.594368613892862,2,2,1,3,1,3,3,2,2,1,3,5,3
0.412135933224206,0.644301982698065,2.08740651358571,-1.33741886137715,-0.467931021582566,1.24258965829337,2,2,1,3,3,3,2,3,2,1,2,3,3
-0.118736546703066,-0.622803194608254,-1.01797047221174,2.49073598630216,0.220295685100348,1.74904657011437,1,2,2,1,2,1,1,2,2,1,4,5,2
-0.898578645612549,0.147182476937427,0.456521040314533,-0.389410835301549,1.50803200207139,-1.52167284561774,2,2,1,3,3,3,4,2,1,1,1,5,5
-2.46970944885682,-0.176122537159908,0.197093858681654,0.542414259962576,0.395711182251073,-1.28658008800108,2,2,2,3,2,3,3,3,2,1,1,3,3
-2.47755532702896,0.323030043541927,0.241163852736509,1.55082074469524,-1.29811716335729,0.952305420780673,1,1,2,2,2,1,2,1,2,1,1,5,1
-0.976930018076675,-0.322928105013322,-0.826187299529283,0.730102426351117,0.897717044372782,-0.559326628970421,2,1,2,2,2,1,1,4,2,1,2,2,3
0.14094827689888,-0.293360154642948,-0.437174360171168,0.482906471541502,0.405940884972883,-0.496148799164587,1,1,2,3,2,3,2,2,1,1,3,2,2
-0.337067232802411,0.406430716730403,-0.323101231607112,0.0649696637426718,1.52612614238227,0.790057179395078,2,2,1,1,1,2,3,4,2,1,3,5,4
0.339103797674981,-0.487078345698784,0.702275888898907,0.893917292213345,-0.00287061902225661,0.890418181261615,2,2,1,3,3,2,2,4,1,1,1,3,2
-0.353005432917054,-0.7980979534564,-0.990754646314611,0.113975031779959,1.03942108139062,0.550474571198887,2,2,2,3,1,3,3,4,2,3,4,2,5
-0.678814022910577,-0.155576989048162,-0.25277273101555,-1.21343130376481,0.697487898614244,0.00896040715423159,1,1,2,2,2,1,2,1,2,2,1,5,3
0.492233044602985,-0.508863872587422,0.691253178531464,-0.430663495065039,-0.634359863600032,2.223236886757,2,2,2,3,3,3,4,4,1,1,3,1,3
-0.781945346745533,-0.421425463349683,-0.204860687753873,0.66546426336001,1.92430237631591,0.958078407675478,2,1,2,3,2,1,4,2,1,1,4,1,2
0.612163130395974,-0.180359616309015,1.21875264718411,0.259104093986546,-0.184171365128004,0.326767950851861,2,2,1,3,3,3,3,3,1,1,2,4,2
0.321051410019827,0.458509404635853,0.190258632706607,0.720061615113309,-1.39789946189206,-0.813507276871874,2,1,2,2,3,2,2,3,1,1,5,4,2
0.818452753636993,0.892961563753744,-0.707590379570627,0.850650318479309,1.36094334284333,1.72222330152792,1,1,2,2,2,1,1,2,1,3,3,1,2
0.781220844147597,-0.971312112073804,2.87563985341858,-1.5731274668389,-0.552587470668959,0.202330426333508,2,2,1,3,3,3,4,4,2,1,2,5,2
0.0470245221517057,0.673220391096106,-0.0452803872985991,1.98369422027271,2.44385285773716,0.789542494861303,1,1,2,3,3,1,4,4,1,3,2,4,5
-1.5250836078404,-0.273756131871012,0.0124150024777894,0.359960914799759,-0.298432261937964,-2.26905006684688,1,2,2,1,1,2,3,1,2,1,3,5,5
-0.933910983023108,1.36379178942568,1.98820758063002,1.11920256090322,-1.38230073944895,0.817919641366061,1,1,1,1,2,1,1,1,3,1,5,5,2
2.27106790011388,-1.50003333747763,1.3507912578659,-0.973784776487718,-0.192191942244043,-0.220403426004912,2,2,2,3,1,3,4,2,1,1,4,4,2
-1.6289433004414,1.78676348834238,1.14499330352278,-2.26689601380719,-1.44691695305509,2.54225524819136,1,2,1,2,2,2,4,2,1,1,2,3,4
0.325061198903193,0.658546421171446,-1.06600040887639,1.67262022273247,-1.83159985343588,0.32042049406155,2,1,2,2,3,2,4,3,2,1,5,5,1
-0.803077051772497,-0.0989419562824717,-1.86585217253026,-0.0746673876722979,-0.255486580077048,1.72617130130144,2,1,2,1,1,1,1,2,2,2,4,2,3
-0.038519000115199,-0.048486643492791,1.24586355225112,0.0961975655924454,-0.440396390260097,0.620613250167089,2,2,2,2,3,2,2,1,1,1,1,3,2
0.909360691324005,0.586417234570729,-2.06597479094506,-0.612369337356978,0.0238436586350877,-0.97453043136064,2,2,1,1,1,3,3,4,1,1,2,5,2
0.460206161705659,-0.275617096549075,-1.10575689902878,2.0543632605808,0.661222766621286,-1.4611981881016,2,1,1,1,2,1,2,2,1,3,3,5,3
2.18661518918547,-0.164151544952244,-0.959786913537663,-0.81102531364395,-2.13231963847186,-0.389644669875283,1,2,1,1,3,1,4,2,2,3,4,5,5
-0.345764256735501,0.760583955138643,-0.306603506667068,-1.37418710541801,-0.340241452140097,0.829541353755479,1,2,2,2,1,1,2,3,1,1,5,4,4
-1.12699707445695,-2.38916221758723,-0.364206208646905,0.87007508960096,-1.05996941911366,1.23455635925346,1,2,1,2,2,2,1,4,2,3,5,5,2
-1.39224671447017,-1.94476734127808,0.797335903280643,-1.11269425201421,-1.15539497654866,-0.0332939064994508,2,1,1,3,3,3,4,4,2,1,1,2,3
0.84943866359833,-0.814406708501872,0.687378785031251,-1.97146764313247,0.259775653045086,-0.703132984563407,2,2,2,3,2,1,1,2,1,3,4,1,4
-1.71822515139175,-1.31927468784851,-0.245929669879304,-1.26748430400336,0.251131546965685,1.17513746602809,1,1,1,1,1,1,1,1,1,1,1,3,3
-0.378768930857543,0.606383949117256,-0.120192554855256,-1.19073095330252,0.523601654873596,0.969925360265681,2,2,1,2,3,1,4,4,1,2,5,3,4
-0.56318262806018,1.35165833456412,-1.95998042890175,1.20802415154124,0.67573629028948,-1.04974636038362,1,1,2,1,2,3,3,4,1,1,2,4,1
-1.39457327438297,-0.185244245122771,1.32390609269262,1.40034770552904,0.763197020941287,1.09901791756999,1,1,2,1,1,1,1,2,1,1,5,5,4
0.6894946722198,0.466494284113968,-2.89690974926161,0.812530808315313,-2.10388241723648,-0.0502465218116575,2,2,1,2,1,1,2,2,2,1,3,5,5
0.26753178380238,1.10447152061671,-0.533802265803164,1.45496461603986,1.81921056686052,1.51106963268304,1,1,2,1,2,1,2,4,3,1,4,5,3
1.71366316253069,-1.02313108735351,-0.912979034128763,2.28619977263004,-0.0283268354021462,1.61839358206424,1,2,1,1,1,1,1,1,2,3,3,5,3
-0.637648443045938,0.657109273588522,-0.595318693872847,0.815091536442251,0.10901589157078,-0.64340706770723,2,1,2,3,1,3,2,3,1,1,1,2,2
-0.867638055077619,0.715693524367896,0.504994748370173,-0.692295228867314,1.30128019017369,1.91263810199212,2,2,1,3,2,1,2,2,1,1,5,5,4
1.118524586827,1.2462401920311,-0.258318115608839,1.48629477261595,1.68029134193104,0.419298633548787,2,1,1,1,1,1,1,4,1,3,5,4,5
1.87911612385413,0.385758395609828,-0.919451212815217,0.074265851356051,-1.38285282091319,-0.614077925547668,2,1,1,3,1,3,4,1,1,3,2,2,3
-0.118601702354489,1.14218858965453,0.718906844522788,-1.50274725008433,0.0571927367970572,0.954244207085576,2,2,2,3,1,3,1,2,2,1,2,3,5
-1.1385176285406,0.180129272862103,-0.985131662490401,0.378378901769533,-0.131835043797222,-0.511170808930351,1,2,2,1,2,1,1,3,2,1,5,3,4
-0.913586709491287,-0.402973594680132,0.240044931024727,0.489780118862569,1.45917082171891,0.700188229942218,1,2,2,3,3,3,4,4,2,1,1,5,1
-1.62619122093809,-1.0478356166742,0.497914752889133,-0.0318532794537924,0.84039163709102,-0.470896634723179,1,1,2,1,3,1,1,1,2,1,4,3,3
-0.684284518964877,1.79061237392309,-0.426197888315967,0.313486413061524,0.0514799661165508,-2.00267490264041,1,1,2,1,2,1,4,2,1,1,2,4,2
0.616933755205901,-0.257836513414091,-0.00717971731166376,0.452750727779065,0.319250830459216,-0.819368208755405,2,2,1,3,3,3,4,4,1,1,4,4,5
1.2987983428475,1.33297544398134,-0.295873469369379,1.31314955237454,0.404629572589945,0.844618885015302,1,1,2,2,2,1,2,2,2,3,5,4,1
-1.34592209920536,-0.60002992140028,0.163043576272911,0.554990287039144,0.559897620183302,-0.796049645689623,2,1,2,3,1,1,3,1,2,1,1,2,3
-1.28871085676535,-1.18727107888086,-0.494963406256981,-1.47826340026732,1.19553033299068,0.329363997197747,2,2,2,3,2,2,4,3,1,1,4,3,1
0.33030575338231,1.71143822306543,-0.978450551410778,0.426692401881628,-0.311072775122908,-0.64822873691147,2,1,2,2,1,3,3,2,2,1,4,3,3
0.738347408692135,-0.444684715360689,-0.466320118294835,1.26391912418788,-2.14614916123656,-0.861146133827051,2,2,1,3,3,1,4,4,1,1,2,3,2
1.0126221265239,0.650296094676412,-0.943919911230761,1.54077378828118,-2.32201841429649,-1.27354410083804,2,2,2,2,2,1,3,1,1,1,3,4,2
1.15792742716446,1.43810693212741,-1.71987628483526,0.245153764902029,1.05007765238913,-0.363559792560495,1,2,2,3,2,1,1,1,2,3,1,5,2
0.143863910664922,0.170411493175934,-0.354125179922751,-0.685622014176946,-1.11580545395711,2.72071178376396,1,1,1,1,2,1,1,4,1,1,4,5,3
1.11376453564178,-0.195701770517173,-1.15042530522866,-0.177904135941209,-0.270163916360076,-1.41250626455327,1,2,1,3,3,3,3,4,2,3,1,5,1
1.65418635732476,-0.0357282726999099,0.216532269278176,-0.578603726282793,0.581365006975321,-0.124219872981531,2,2,2,3,1,3,1,4,2,1,4,5,5
1.76032707221986,-1.07876534298396,0.913614957524323,-0.361029645591808,1.93563137994647,-0.429546315481624,2,2,1,3,1,3,3,2,1,2,2,1,3
1.15781884211989,0.291133654382247,-1.01277123531443,-0.949015718530235,-0.188736033703718,1.58620204830053,1,2,1,1,3,2,2,3,1,3,5,5,4
-0.431041845188014,-0.241614870696803,-0.316685104707942,0.141877314824419,1.78356220776199,0.922377039563751,1,2,2,1,1,3,2,3,1,1,2,4,3
-0.420350491218229,0.968405428759254,-0.764136426740448,0.0394625897687443,0.179115658527509,-1.26922613173863,2,2,1,3,3,1,3,2,2,1,4,2,3
0.721056041441081,-0.152778984534459,0.92093854750889,-0.30137319938756,0.946032855285306,-1.06448250745337,2,2,1,3,2,3,3,3,1,1,3,2,2
0.0976196211490175,0.443318306543839,-0.369395819170311,-0.907380889255539,2.84422901472982,-1.67823667706552,2,2,1,3,3,3,3,1,1,1,5,4,1
-0.338990795846029,-0.981367350024556,-0.88849405476866,-0.230764352411182,0.164462893402627,-0.458665738763068,1,2,2,1,1,1,2,1,2,1,3,4,2
-0.210580205150072,-1.20305960486902,-0.192447768474982,-0.811239988494194,0.979117708956346,-0.0339500624302029,2,2,2,3,2,1,4,4,2,1,3,4,4
-1.35160535662443,0.582640346412623,-0.292055782619406,0.56134962199502,-2.85691269736467,0.0812274616107575,2,1,2,2,2,2,4,1,2,1,3,2,4
-0.305304216362633,-0.774333316278375,1.52112073106717,-0.225607517840547,-0.0983767877003971,0.061445574710326,2,2,1,3,2,3,1,1,3,1,5,2,3
-0.746951170130681,-0.555554639014745,2.46359942381934,-0.802202303557618,-0.34955692207409,-0.719024051745433,1,1,1,1,1,1,1,1,1,1,2,4,3
1.63228348524528,-0.108559653457483,-0.812931883514401,-0.250184523190055,-1.27564933085916,2.78760994810466,2,2,1,3,2,1,4,4,1,1,2,1,5
1.42312727160915,0.0423602699623011,0.356688645420059,1.52722492956623,0.773514006104876,0.197687129977296,2,2,2,1,1,1,2,1,3,1,1,3,1
-0.699654553453003,0.391994297569478,0.124531730253672,-1.27629478603701,-0.705766852301819,1.20997021361598,2,1,2,3,2,2,3,1,1,2,1,4,3
0.450479114553491,-0.642736710008018,-0.865516663166356,-1.90404966846214,-0.0119581325991294,0.533101949306484,2,2,1,3,1,3,1,4,2,2,1,1,2
-1.15477396540769,1.09815163075121,-0.91107126050673,1.72077576108987,-1.33740654051148,1.34999802888388,2,2,2,1,2,1,1,2,2,1,1,4,3
0.501980965639931,0.660156196057428,-0.420182448797882,-0.966126569018134,0.799949451606203,1.30556840251279,1,1,1,1,1,3,1,4,1,3,2,4,3
0.931380913341758,-0.267049293539067,0.367837545408241,-1.06236487505921,-1.11388689562422,0.610184061521806,2,1,1,3,1,3,2,2,3,1,1,2,1
-2.22576388929008,0.422115922568714,-1.72170410695949,2.29330849309859,-0.739803880848273,0.695285582500579,1,2,1,1,2,2,1,2,2,1,5,4,2
1.15550370844633,-0.464433434377912,0.141008540228187,-1.95821159341903,-0.969450661410638,-0.277137506428612,2,2,1,2,3,3,1,4,2,1,1,3,1
0.594881346335995,0.923859456099818,1.48678011984246,-0.336633902909995,-2.21839347570996,0.564836989668078,2,2,1,2,3,3,4,3,1,1,4,2,3
0.151726728853815,-1.3972077357203,0.78766250841771,-0.414529044655077,-1.84672114249801,-0.283570713682815,2,2,2,3,2,2,3,4,1,1,3,3,2
1.58950794096085,0.0511359355729085,-1.32476575664945,-0.00148138596393874,1.55198020974817,0.0589768740359013,2,1,1,2,3,2,2,4,1,1,1,3,1
1.20864324367628,-0.211304208860459,1.02436889750955,0.937568787333624,1.09512696762226,1.34868174609309,2,2,1,3,1,2,3,2,3,3,4,4,1
1.3407569776623,-0.00705790664994481,1.46667464045877,0.668297032297704,0.371291451709579,-0.638902916807064,2,2,1,3,3,3,4,4,2,1,3,3,3
1.81295823368894,0.256955256028499,-0.497114618496215,0.444283662555058,-1.65807078863882,1.15296768722254,1,2,1,1,3,3,4,4,3,3,3,4,5
-0.0735794800805965,1.24166918027074,0.685975388790919,0.342009975219424,-0.237309781813779,-0.127386440699024,1,1,2,3,2,1,3,1,2,1,4,5,2
-1.48401425974359,1.24616326317816,0.386644816005215,0.955983468362585,-0.651178823444848,-1.37954854968811,2,2,2,1,2,2,1,3,2,1,1,2,3
0.622429676213209,1.73375607231117,1.22353228023858,-0.26185560261095,-0.965936150069786,-0.124092290012435,2,2,1,1,2,3,3,1,3,1,3,3,3
0.712748778144985,0.340330624488525,-0.609860762647168,0.286901835729258,1.68903154197427,0.963808773923575,2,1,1,2,1,1,1,3,1,3,4,2,3
-0.860558763368794,-1.32486822043272,0.294812296023592,-0.519380961365616,0.84474238451084,0.220222918055289,1,1,1,1,1,1,3,1,2,1,3,3,1
0.465314469190298,0.504795122305566,-1.03827735879933,1.40275180269166,1.18436439833837,-0.0453942574726195,1,1,1,2,1,1,2,3,1,1,2,2,3
-1.70439091155429,0.537168076588609,1.45779241130858,0.250474840511725,-1.32904549345902,-0.683057618859934,2,2,1,2,3,3,2,3,2,2,1,5,1
0.695780962177475,0.817205812395401,-0.201272891120063,-1.19390695987837,0.443701463050409,-0.318781889158807,2,2,1,1,3,3,4,4,2,3,5,3,2
-1.79439642956674,-1.23398639330324,0.88572935882103,-0.129443603024153,0.808804045205241,-1.15708688247579,2,1,1,1,2,1,1,1,1,1,3,5,2
0.887658841511426,0.79995560700658,-1.39283209309217,-0.749600110612367,0.4436837754879,-0.977482493059811,1,1,1,1,2,2,3,4,2,3,3,5,2
0.377419361603837,-0.11292405435601,-0.421055889640688,1.29833067989898,-0.667808465079858,1.0854109930659,2,2,2,1,2,1,2,2,1,3,3,4,4
-0.937053828647142,-1.43658014867346,1.20070234387763,-0.359609875951709,0.6309606567438,1.31656503097186,2,2,2,3,3,3,1,3,1,1,4,2,3
1.33309890061124,-0.918148321380073,-1.53686846893393,-0.241082795953831,-0.647411126757108,0.591183971017173,1,2,1,2,3,3,3,2,2,3,1,4,3
-0.120470561685214,-1.10515754355168,1.99922051348446,0.291853328409811,-1.57065806631515,-1.01322770677269,2,2,1,3,3,3,2,3,1,1,2,5,3
-1.41851883205038,-0.505138831278499,0.479752163004138,0.446362411202615,-0.834631527518803,0.161824102615088,2,2,2,2,3,2,2,1,1,1,5,3,3
-0.170906858687371,1.09072923892847,-0.820236251536624,1.96275221913474,-0.592966168544279,0.94746082024693,1,2,1,3,3,1,1,2,3,1,1,5,3
-0.175238835389506,0.830960642915483,-1.60314735260777,-0.193453951003646,1.18582366473848,-0.336645860207576,2,2,2,3,3,2,4,4,3,1,2,3,4
0.783733446318038,-0.444056343735999,-0.17126420385214,0.362604464937313,-1.10322461659344,-0.48740170704226,1,1,1,1,1,1,1,2,2,3,1,4,2
0.488328731275414,0.390751275539731,0.852749440709829,-0.307822858617745,1.00406123362508,2.18252366285301,2,2,1,1,3,3,3,4,1,1,2,4,3
0.363821392308265,0.678634411605721,0.0761269646992539,0.141234651287515,0.89198515642467,0.0765204061495222,1,1,2,1,2,3,1,1,2,1,3,4,3
-1.12336624717657,-0.374413372586427,-1.07903532504322,-0.702415562008218,1.93622576181221,0.162409702046052,2,2,1,2,2,2,4,4,2,1,5,5,2
-1.47511212104414,0.28318109136562,0.880176670940809,-0.350827061184041,-0.990681206568809,1.44773009427739,2,1,1,2,3,2,2,3,1,1,2,4,1
0.182575148178488,-1.19075000551797,-0.0361688220159184,1.06909239714386,-0.811691330701444,1.13665924035851,2,2,2,3,3,3,4,4,2,2,3,4,1
0.00645598203810161,-0.934216559622707,-1.35631714381703,-0.417855108839215,1.80164909820874,-0.00741698740505627,1,2,1,3,1,2,4,3,2,1,3,5,3
1.24589258845683,-0.840274141662284,2.29599901027947,0.419099498527805,0.496973141242429,-1.22810564123828,2,2,1,2,3,2,3,4,1,1,5,1,1
-1.20975546160989,1.53127883459461,0.575306689107797,0.510400490830431,0.317728152858449,0.852690540963851,2,2,2,3,3,2,4,4,1,3,1,4,3
0.724718258530537,0.124866251403032,1.01389813814135,-0.762189132409523,1.75867766721457,-1.38303852963716,1,2,1,3,2,3,4,4,1,1,5,3,2
-1.53778892464588,-1.50596432260889,1.00105007759634,0.121586647125557,0.0871516824555086,1.81269205976857,1,1,1,1,1,1,2,1,2,1,3,5,3
0.475214107055226,-0.309287854987611,0.434531086409955,-0.613443856668079,-1.20256492515752,-0.754708757880525,2,2,1,3,3,3,3,3,1,3,4,4,1
-0.797106605177369,-0.0334831534363587,1.57833472963449,0.874844670535407,-0.965515719983114,-0.440046700718495,2,2,2,1,1,2,2,1,1,1,5,4,3
1.70824918441838,-1.63490149192639,-1.93238736455074,0.768708521195681,-1.66476559781504,-1.73826746442367,2,2,2,3,3,3,4,4,2,1,2,4,2
0.344496368830461,0.382618520311308,-1.66129677671042,0.645110569626901,-0.970145779248312,0.26601527255752,2,1,1,3,2,2,4,1,2,1,5,5,1
0.472792487337702,0.170039314102768,-0.185831476327225,-1.25274948683693,0.299490891464841,-0.806855692334061,1,2,2,3,2,1,3,2,1,1,5,1,1
-1.02297569191233,-1.64460946702391,-1.10382800178077,0.90848659629828,1.24418876365672,-0.350561490272277,2,1,2,1,2,1,2,1,2,1,2,5,3
0.473432241189775,0.286844342669666,-1.00887679463556,-1.13640705971364,0.0203855509281581,-0.55210680552515,1,2,1,1,2,2,1,1,3,3,4,5,4
1.66844279805194,-1.20524310306252,-1.30831359305079,-1.92914949044991,-1.51392128221212,-1.18007273574518,2,1,1,1,3,3,4,1,2,1,3,3,3
-0.667465563976303,-0.0754779770445224,-1.3756607230069,0.64861945652241,-0.770899236519924,0.906179609912712,1,1,1,1,2,3,2,1,1,1,5,4,3
-0.875813099621878,0.679689299173016,-2.29116514578825,0.0557724651136494,0.168039786014291,-1.156710936071,1,2,1,3,2,2,3,4,2,1,4,5,5
1.88939610714987,0.0240596820409256,-0.505501601507272,-1.23420787386967,-0.734070933561663,0.949346218769218,2,2,2,1,3,1,3,4,2,3,4,5,5
-0.753358534039556,-0.324038693832631,1.60991314197961,1.05977161271998,-0.123125275366413,-1.66724563883974,2,2,2,2,1,1,1,3,1,3,3,4,2
0.00900197641681342,-1.36254186414454,-0.802019354888174,-1.57538291055065,0.51740231280917,-0.878273935781411,1,1,2,2,3,1,1,3,3,1,3,3,3
1.85651114253553,1.03874337324663,1.06956807816383,1.77233157971936,-1.28780387242207,0.771283997610327,2,1,2,1,2,1,1,1,1,3,4,1,5
-0.115125474384293,-0.76302501298569,-0.808927931415594,-1.66975142659487,-0.103797711612861,0.286302983929598,2,2,1,3,3,3,4,4,2,3,5,4,3
0.420494962957987,-0.927362324710082,0.461769198702913,-0.123789026041859,-0.791169500923912,0.395840868103959,2,1,1,3,1,3,1,2,2,3,3,5,3
1.11077532713507,0.714164425507943,0.379074338295362,-0.979744677768507,1.17765302567528,0.0891117951701877,2,2,2,2,3,3,4,4,2,1,4,5,1
-0.943292799324216,0.579242648047121,-0.879094632591358,-0.587584628494719,0.2383659730065,-1.42656454414217,2,1,2,3,2,1,2,3,1,3,4,2,2
0.139263953704103,2.1491383404745,-0.267884857817417,-1.03045005249049,0.0934303349824505,0.217517130617033,1,2,2,3,1,1,3,3,2,3,5,2,3
-3.16213768054973,0.0378053559507672,0.0559057790156441,-0.596797167755672,-0.156110237438277,0.928680137843697,1,2,2,2,2,1,3,2,1,1,1,5,2
-2.40764203180688,0.238728651169568,0.307714976753623,0.776578234501079,-2.14464185976378,1.76565824231234,2,2,2,1,2,2,1,3,3,1,2,1,1
2.22096745360135,0.00137194744614448,1.11416218807096,0.508911743670877,-0.128074869647786,0.531019068842475,2,2,1,3,1,3,1,2,1,1,1,5,2
-0.809261700242661,-0.505509031835006,1.27082732383466,-1.10294213578492,1.2338800398518,0.122778543793617,1,1,2,1,2,1,1,1,2,1,4,5,2
0.229098150865916,-0.62426891063473,0.811312781724744,0.380945419628742,-0.189388317068111,0.864770101522354,2,2,1,3,2,3,4,4,3,1,5,5,2
0.655777256239189,1.9621104935482,0.00219323773709525,0.922861905783163,-2.00014057691695,-0.502444835529275,1,2,1,2,2,1,2,2,3,3,2,5,3
-0.578639056677628,-0.148835017410174,-0.427333170567613,2.37521190105651,-0.733015761133726,1.26284763053869,1,1,2,3,1,3,1,3,2,2,3,5,1
-0.949237670437941,1.39441975976111,-1.46809085515298,0.683285394160363,-1.38050251842192,-0.322731116237823,2,1,1,3,2,2,1,1,1,1,2,2,2
0.947343165553949,1.18248401314674,0.300059730723528,0.664619600332085,0.631258531917981,-0.114764173133484,1,1,2,2,1,1,1,2,2,1,4,2,4
0.171956865653614,0.33253952000054,0.921453262335952,1.7880530548776,0.231929083063411,0.295432132388258,1,2,2,1,1,1,1,2,2,1,2,2,5
-0.224229055393401,-1.36336850354546,-0.1062645838579,0.301189452902438,-1.82443751565416,0.539733989387285,1,1,1,1,3,1,3,1,1,1,5,1,3
0.543520128654431,-1.01591835949271,-0.144961845656957,-1.04334747897032,-0.267561399301542,-0.766626982945029,2,1,2,1,3,3,4,4,3,3,4,5,5
-2.4404086082836,0.793866574917609,0.739898495837519,-1.13468548047085,-0.473998434581696,-0.473776898630855,2,2,2,1,2,2,2,2,1,1,1,3,2
-0.0345011141233763,-0.673276960115291,1.04873872530447,-0.509659142939795,-1.64849845198572,-0.29056622399499,2,2,1,3,1,1,3,2,2,1,4,1,3
0.199916633736652,-0.0993266876345336,0.134588874900103,0.229694273910805,1.1415820377263,-0.731551776373293,1,1,2,1,2,1,1,2,1,1,5,4,2
-1.1024814980546,0.0160083508266945,0.950862281073731,-0.992780149697599,-0.606629247962374,0.108523311858762,1,2,2,3,2,2,1,2,1,2,4,2,2
-0.744368488664708,0.856157127135631,-1.72131618044986,-0.789935635453716,1.9542224008324,2.20327049855066,1,2,2,3,2,1,2,1,1,1,1,3,2
-1.74602726307273,-0.976520712104051,0.984992820580849,-1.09796825725021,1.2302362345913,0.814485933096186,1,2,2,3,1,1,1,1,2,3,2,4,2
-0.0171781138781438,-0.181513645953628,-0.558572587264532,-0.192351413167402,0.399994099529175,-0.243030388249198,1,1,1,1,1,1,1,3,1,2,4,5,2
-1.67310883350068,1.07931354721085,0.161510699706878,-0.0659958667853456,2.01932089627464,-1.21948181222406,1,2,2,2,3,2,3,1,3,1,3,5,4
-0.745255222430722,0.0321317610759474,0.0824770252767434,0.303489783330021,0.0726967946604495,0.818607449153356,2,2,2,2,2,1,1,1,2,1,3,3,3
0.782184005958301,0.331257378548082,-0.453266304217093,-0.453633393110317,1.34015556683951,0.615022425495823,2,1,1,2,3,3,4,3,1,1,4,2,3
0.621300312582284,-1.30523204204282,1.1816797247317,-1.56307035098846,-1.71829015965672,-0.0222193316582068,2,2,1,3,3,1,4,3,2,1,2,5,1
0.524740166633064,0.462752577287575,-0.400100632860952,0.210776207725755,-0.775147932450169,0.65009679823671,2,2,1,3,2,3,3,2,2,1,4,3,2
0.293628889865713,1.66959448150945,-0.957503796870925,-0.848101706291261,0.602932931386454,-0.275438161618786,1,1,1,1,1,3,2,2,1,2,1,5,2
0.709171955061522,-0.347612135571561,0.319021486449815,0.136817041009888,0.543432203997336,-0.0177064413568997,2,2,2,2,1,2,1,2,2,1,1,3,2
-0.85809314811425,0.741136633094593,-1.38687496904912,1.11660723403683,-0.415150458257942,0.561391857893818,1,2,2,3,2,2,1,2,1,2,5,4,5
-3.63324885897012,-1.57486322378867,1.51947717348268,-0.391167483287961,-0.802719208078137,-0.671687583195047,1,1,2,3,1,1,1,4,2,1,2,1,2
-0.280455137600867,-0.0437308396239942,2.0094818882029,0.515626365035555,-0.71116464547952,2.15046631670369,1,1,1,1,1,1,1,3,2,3,1,4,1
-0.422873774202006,1.2508347223204,0.17531893197547,0.881950921119169,1.78313172510987,-2.81810575790057,1,1,1,2,2,2,3,2,1,1,3,2,2
-2.42622193226718,0.853249356466256,-0.762248344222875,1.09542922441047,0.324118291626539,-1.25033442610227,1,2,2,1,2,3,4,4,1,1,3,5,4
-0.54167513608485,0.919270030292537,-0.459979533840605,0.741804203427136,0.361002142727127,0.273369686104543,1,2,2,3,2,1,4,3,1,1,5,5,3
-3.06191911315453,-1.06237522698813,-1.28801264060954,-0.203831060198244,0.762526800905761,-0.238200769658901,1,2,2,3,2,2,1,3,2,3,3,2,1
-0.917941785914717,-1.26761081989358,-1.4611408614018,-0.392151051752122,0.00897004604948921,0.667015237047919,1,2,2,1,3,1,1,2,2,2,5,1,1
0.0312083635599052,0.721463608721988,0.030272558519183,1.05112117457461,0.387388305356464,0.0385480613327379,2,1,1,2,3,2,3,1,1,1,4,3,5
0.660797965891434,-0.480336080699781,-1.68673476874999,-0.270945809047654,-0.679396941131945,-1.15968360334179,2,2,2,3,2,3,1,3,1,1,1,3,2
-0.599620230941057,1.02460388133658,0.665586647759134,1.86349239233712,0.142734407314408,0.193105292950274,2,1,1,3,3,1,2,3,2,1,2,5,1
-0.836724826753832,-0.665321368158331,-0.157590831731589,-1.12837735472833,-1.38996361343866,1.48832780189225,2,2,2,3,3,3,1,2,3,1,4,2,1
0.508130214503967,-1.51588862111311,-1.66452446039939,0.277674457996863,2.34228896155853,-0.417616585108109,2,2,2,1,3,3,4,1,3,1,4,5,1
0.793107089578165,-0.147079646715519,-0.0706058742023009,0.873215656160893,0.0550588207946762,0.538515125078858,1,1,2,2,3,1,2,3,2,1,5,4,2
1.23421646510452,1.16815035119125,0.791100299168672,1.22797887376706,-0.0535092049421423,-0.332817309295663,2,2,1,3,3,1,4,4,2,1,4,4,2
1.42881483172542,-0.906313637939721,-0.844564719178812,0.157084168348271,-0.36042877379846,-0.580579904671554,2,2,1,3,1,3,2,4,3,2,2,3,2
0.222887874940872,1.03205919652791,-1.11829315342435,-0.364553183300001,0.23847295491372,0.969263290676748,2,1,2,1,3,2,4,2,2,1,2,3,2
0.376730013794025,-0.0883519221529183,-1.84669122587981,2.46441583993524,-1.92798190581744,-0.553191269113456,1,2,1,2,2,1,1,2,2,1,3,2,4
-0.242600559265947,0.800410861983567,-0.0581684894650201,1.07083888482174,0.107428832947091,0.24038968644281,1,2,2,2,3,1,2,2,3,1,3,5,2
1.30406910935194,0.0787203637936592,0.140952861625053,-0.0230283542462864,-0.697707093891954,-0.9154026052059,1,1,2,1,2,2,1,4,1,1,1,3,4
-0.0164721176537814,-1.11966450552512,-1.81783634490529,-2.43073306563013,1.38610602160592,0.42957624364949,2,2,1,3,2,3,4,4,1,3,1,3,2
-1.04108052602706,-0.887340395789127,-0.335855239413237,-0.153729907689252,-0.0523985376007346,-0.74844907726616,1,2,1,1,3,2,3,3,2,1,1,5,2
-1.10103102633435,-0.528820901806189,-0.366769780906952,0.593674930212619,-1.59520100561739,-0.647557907733099,1,2,2,1,1,1,1,2,1,1,5,4,5
-1.29173072834512,-2.38233542976817,0.395539600675471,-2.35076434887834,0.285825097799174,0.98803488456625,1,2,1,1,1,2,4,3,1,3,1,4,3
-0.227410609287834,-1.45107921939638,0.215002036829665,-0.975913551930636,-0.469149159869774,0.0582733243414795,2,2,2,3,3,1,4,3,1,1,2,5,2
-0.896983360796446,0.0876823298272453,1.80968382494187,-2.0800423389096,0.252540847582877,-0.0856438386774373,2,2,1,1,1,1,1,1,3,3,4,5,2
-0.0409005988616565,-0.402838812350129,-1.34736280584567,-0.651899147156018,0.204778010295227,1.14157037844971,1,2,1,2,2,1,2,4,2,1,3,5,5
0.555406378172216,0.130172260825868,-1.04430775188443,1.11327537697219,2.06582234604158,-0.791629265072471,2,2,2,1,2,1,2,4,2,1,2,3,3
1.40231474124174,0.404631015965094,-1.24594327937316,0.604541749692452,-1.1408061611637,-1.09297768655022,2,2,2,2,3,1,1,1,2,1,4,5,5
-0.731332412697745,0.188367921535777,1.45032674594091,0.502655669668996,1.23884246576797,1.67889735528495,2,1,1,3,3,3,1,4,2,1,5,2,3
-0.360143426871172,-1.50735342740734,0.0789280364885289,-2.37073192377521,-1.83634121191261,0.979974152708942,2,2,1,1,1,2,3,4,1,1,4,2,3
-0.381922144528302,1.17534700527503,1.22472178969738,-1.98570879580942,0.549290819831912,-0.499983665452852,2,1,2,1,1,1,1,1,1,3,1,5,5
-1.37460033848713,-0.337597156334511,-0.262586419937421,-0.477897769877715,-0.689288535098329,-1.45500922606175,1,1,1,1,1,1,1,1,2,1,1,4,1
1.16620154835095,-0.128536378433303,0.792369881308263,-1.04521677202438,-1.46560343925365,0.799507879923484,2,2,1,2,3,1,4,3,1,3,4,5,1
0.261238649555001,-2.03790117805398,0.214739733164471,1.39378459115503,2.83506529600838,0.335778796318901,1,2,1,3,3,1,4,4,1,3,2,5,1
-1.07965985080406,-1.05529686439563,0.0302066603674902,-2.50056786025828,0.312106640135034,-1.4552815661905,2,2,1,3,3,1,2,4,1,1,2,3,1
1.82872889028371,0.594280094344818,0.00153013026747105,1.09172112208017,1.33255471397104,0.261822942919503,2,1,1,2,2,3,4,4,2,1,4,1,3
-0.100016647600229,-0.524840322581418,-0.984394636298394,-1.44031544489147,1.31361692658677,-0.215690409915903,1,1,1,2,2,2,3,3,2,1,2,4,3
-0.401036037715331,1.22983754964671,-0.32471583897024,1.48099859611483,0.726793979092068,0.650211533685529,1,2,1,2,2,2,3,4,1,3,2,4,2
1.79331949798172,-2.16339979190331,0.449144287094836,-0.695474216048565,-0.658008224103981,-1.24487552222954,2,2,1,3,2,3,3,2,2,3,1,5,3
-0.130265727489785,1.67985359554709,0.854667690014858,3.26718498332235,-0.687007803225905,-0.478102737765929,2,1,2,1,2,1,1,1,2,3,2,4,2
0.621542302004805,0.289758751083729,-2.34888899458777,-0.0642408179319538,0.0109983948288047,0.0741617441138706,2,1,2,2,1,1,2,3,2,3,3,5,2
-0.541721471445329,0.756497041063877,-1.48887898660837,-0.119894799094043,-0.503948264326516,-0.994573031239905,1,1,1,1,2,1,3,3,2,1,4,5,5
1.10727516157888,0.529282298463164,0.147918567881111,-0.336487816954178,0.16672368811648,-1.31589494143162,2,1,2,1,1,1,2,3,2,1,2,4,1
-0.0463842990156025,-1.36229569849056,-0.65403324380027,-0.281005575463977,-0.654404024295412,0.768512576451915,2,2,1,3,3,3,1,4,1,1,2,5,5
0.0337412648884412,-1.1053694159994,0.137009296896188,0.748046719205916,1.06769837548279,-2.2723371205513,1,2,1,1,1,3,1,1,2,1,2,2,3
1.96417397189328,-1.66442420049663,-0.612319293847373,-0.0250837023366276,-1.76643199172874,0.588846026598354,2,2,1,2,3,3,2,2,2,1,2,2,1
-0.27058849483984,-0.634637152978833,-0.89915004895469,1.27724308367485,1.46666594353883,-1.67100112257473,2,2,1,1,2,1,1,3,2,1,3,5,1
-0.0571165835086725,1.26631479086396,0.660811742492519,-0.528457308330558,-1.47548072050833,1.57712959028004,2,2,1,3,3,3,1,3,2,3,3,2,3
-0.675514616612808,0.257396410390626,-2.25003469746043,1.78647351759239,-2.00011535915922,1.66407913795891,2,2,2,1,1,2,3,3,2,3,4,5,3
1.21798697245789,0.195965018040075,0.260073736903698,1.19770525982334,-1.09278364605552,-0.47460875715299,1,1,1,3,1,1,1,1,1,1,2,4,2
1.91221170552742,0.0404185751966141,-1.31749003068884,-0.484976621469941,0.885519311665488,0.855863644143481,2,2,1,3,3,3,3,3,2,1,1,5,2
-1.00174872171249,1.59385063152037,-0.356270825836056,0.601544927451396,0.992953071247791,1.57965927266587,1,1,2,2,2,3,2,3,2,1,3,4,2
1.22489351306775,-0.452642823530321,0.527428522632693,-0.258632618506474,-0.741523230211633,1.53136402148026,2,2,1,3,3,1,4,4,1,1,4,3,2
-0.203984847197965,1.14736028989211,1.3146531283791,0.263661915161306,-1.45875059185991,-0.396775220751495,2,1,1,2,1,2,1,1,2,1,5,5,2
0.828706219276374,0.463400249540985,-0.0507710240760492,1.41178168459023,0.247588406633623,-0.650217233311086,1,1,2,3,2,2,1,2,1,1,3,2,4
0.858581531085936,-0.439163196765628,-0.127331346241292,1.11975575858766,0.347332097381224,-2.56401584305233,2,2,1,1,2,3,4,2,2,3,3,5,1
-0.865079550150907,0.632975952177097,0.839387701910858,-0.798616786223267,0.943249305875735,-1.87205172314851,1,1,1,1,2,1,1,1,2,1,4,4,1
1.39377103333802,-0.654891228622073,-0.099849322649322,1.22657927893695,0.364848143171884,-0.67664937582635,2,2,2,3,3,1,3,1,3,1,3,4,1
-1.2488107038048,-0.242619843910739,1.11732734095858,-0.559650161952819,-0.0987609059320071,-0.591694760601132,1,1,2,2,3,3,2,2,2,1,2,4,5
-1.31771440779962,0.912681178929702,0.504176904632054,-0.944116638959568,1.24486662855255,-0.29220425317983,1,1,2,2,2,1,2,1,1,1,2,2,5
1.36499498005604,-1.12266380138422,1.11412432114886,1.19972224723,0.770751258067491,-1.67141827300851,2,1,1,3,2,3,3,3,1,1,1,5,4
1.38842176447349,-1.13548448917182,0.789075647462402,0.92777005813732,-1.21405383553267,0.627375307617116,2,1,1,3,1,1,4,4,2,1,5,5,3
1.42335249670579,-0.72054125661457,0.819415842250108,-1.26331813395675,-1.00019470885138,-0.71768499055044,1,2,1,1,1,1,2,1,1,1,2,3,2
0.123853315626289,1.45307478219884,0.106092606840599,1.50596530957775,-0.794379788055065,-0.623482209944688,1,2,2,2,3,2,3,2,2,3,4,4,3
1.10117411330868,-0.303659117144683,-0.423036479494567,-0.56624006685658,-0.92280457037505,-0.521459395846852,2,2,1,3,2,2,1,1,1,1,2,5,2
-1.66793918102681,-1.18040455561073,1.192908537927,1.06251442099725,0.293581259400311,-0.226899660345964,1,1,2,1,1,1,1,2,2,2,5,5,1
-0.605748919404754,-0.926978321463391,0.82606626856187,0.756577490351475,-0.0758609769232941,0.819960698566905,2,2,2,1,2,2,3,3,3,3,5,4,1
-0.386863656908414,-0.716161206581357,0.990830114284787,-0.57196053697328,1.29126449026915,-0.86037448876573,2,1,1,3,3,2,4,3,2,3,2,3,1
0.362356534718994,2.2059781364758,-1.0288616078229,2.05071929562922,1.19922108443172,0.191831650599091,1,1,1,3,3,1,3,1,2,3,5,3,4
-0.0208948693978823,0.227924226597033,0.393089305153618,-0.521637730622187,1.2096875717354,-0.577966433394035,1,1,2,1,1,2,3,2,2,1,2,3,2
0.0719097259564359,2.00159737508675,-0.0620629866555409,-1.17239876846384,-1.91686598324898,1.19832030822561,1,1,2,1,3,2,2,3,2,3,3,2,1
-1.28595841091469,1.45053465154806,0.87713573878181,0.0141553909020502,-0.202162610463842,-1.86181879658968,1,2,1,3,2,1,1,3,1,1,1,5,2
