"BR1","BR2","BR3","BR5","SOD1","SD1","SD2","SD3","SA1","SA2","SA3","SA4","NW1","NW2","NW3","P1","P2","P3","P4","P5","P6","P7","SDB1","SDB2","SDB3","DS1","DS2","DS3","DS4","DS5","DS6","DS7","DS8"
1,1,1,1,2,1,1,1,1,1,1,1,1,2,1,1,3,3,1,3,1,1,1,1,1,3,1,1,1,1,1,1,1
1,1,1,1,2,1,2,2,1,1,1,1,1,1,1,1,1,2,1,1,1,2,1,1,1,1,1,1,1,1,1,1,1
1,1,1,1,1,1,1,1,1,1,1,1,1,1,1,1,2,2,2,1,1,1,1,1,1,2,2,1,1,2,2,1,1
1,1,1,1,1,1,1,1,1,2,1,2,1,1,1,1,2,1,1,1,1,2,1,1,1,3,3,1,2,1,2,1,1
1,1,1,1,1,2,2,2,1,1,1,1,1,2,2,1,1,3,1,1,1,1,1,1,1,2,2,2,2,2,2,1,1
1,1,1,2,1,1,1,1,1,1,2,1,1,1,1,1,1,1,1,1,1,1,1,1,1,1,1,1,1,1,1,1,1
1,1,1,1,2,1,1,1,2,3,1,1,1,1,1,1,1,2,1,1,1,2,1,1,1,3,1,1,2,1,1,1,1
1,2,2,2,2,2,2,2,1,1,1,1,1,1,1,1,1,3,1,1,1,1,1,1,1,3,3,1,2,2,2,2,2
1,1,1,2,2,1,2,2,3,1,2,1,2,2,2,1,2,1,1,1,1,2,1,1,1,1,1,1,1,1,1,1,1
2,3,3,3,1,1,1,1,3,3,3,2,2,2,2,1,2,2,1,2,1,1,1,1,1,1,1,1,2,2,2,1,1
2,1,1,1,3,3,3,2,1,1,1,3,1,3,3,1,1,3,1,1,1,1,1,1,1,2,2,1,1,2,2,1,1
1,1,1,1,1,1,1,1,1,1,1,1,1,1,1,3,1,2,1,2,1,1,1,1,1,3,1,1,2,1,1,1,1
1,2,2,2,3,2,2,1,2,2,2,2,3,3,1,1,2,2,2,3,2,2,1,2,1,2,2,3,3,2,2,1,1
2,1,1,1,2,2,2,1,1,1,1,1,1,1,1,1,1,2,1,1,1,1,1,1,1,2,2,3,3,3,2,2,1
1,1,1,1,1,1,1,1,1,1,1,1,1,1,1,1,1,1,1,1,1,1,1,1,1,2,1,1,1,1,1,1,1
2,1,1,1,2,1,2,2,1,1,1,2,1,1,1,1,1,1,1,1,1,1,1,1,1,1,2,1,3,2,3,3,1
1,1,1,3,3,3,3,3,3,2,3,3,2,2,2,1,1,3,1,2,1,1,2,1,2,1,2,2,1,2,2,1,2
1,1,1,3,1,1,1,1,2,2,3,3,3,3,1,1,1,1,1,1,1,1,2,1,1,3,1,1,1,1,1,1,1
1,1,1,2,2,1,1,1,3,1,2,2,2,2,1,1,1,1,1,1,1,2,1,1,1,3,1,1,1,1,1,1,1
1,2,2,3,2,2,2,1,3,3,3,2,3,3,2,1,2,3,1,3,1,1,1,1,1,3,2,2,1,1,2,3,2
1,1,1,2,1,1,1,1,2,2,2,1,2,2,2,1,1,2,1,1,1,1,2,1,1,1,2,1,1,1,1,1,1
1,1,1,1,1,1,1,1,1,2,1,1,1,1,1,1,1,2,1,1,1,1,1,1,1,1,1,1,1,1,1,1,1
3,1,2,3,1,1,1,1,3,3,3,1,1,2,1,1,2,2,1,1,1,1,1,1,1,1,1,1,1,1,1,1,1
1,1,1,1,2,2,3,2,1,1,1,1,3,3,3,1,1,2,1,1,1,1,1,1,1,1,1,1,2,1,1,1,1
1,1,1,3,2,2,2,2,3,1,2,2,3,3,2,1,2,1,1,1,1,1,1,1,1,1,1,1,1,1,2,1,1
2,1,1,1,1,1,1,1,1,1,1,1,1,1,1,1,1,2,1,1,1,1,1,1,1,1,1,1,1,1,1,1,2
1,3,2,3,2,3,3,1,3,3,3,3,2,3,3,1,1,3,1,3,1,1,2,1,1,3,1,1,1,1,3,1,1
1,1,1,1,2,2,2,2,1,1,1,1,1,1,1,1,1,1,1,1,1,1,1,1,1,2,2,2,2,2,2,1,1
1,1,1,1,1,1,1,1,1,1,1,2,1,1,1,1,1,2,1,1,1,2,1,1,1,1,1,2,2,1,2,1,1
1,1,1,1,1,2,2,1,1,2,1,2,1,2,1,1,3,2,1,1,2,2,1,1,1,1,2,2,1,1,2,1,1
1,1,1,1,3,2,2,3,1,2,1,1,1,1,1,1,1,2,1,1,1,1,1,1,1,2,1,2,1,1,1,1,1
1,1,1,1,2,1,1,1,1,1,1,1,1,1,1,1,2,3,1,1,1,1,3,1,2,1,1,1,1,1,1,1,1
1,1,1,2,2,2,1,1,2,3,2,2,2,2,1,1,2,2,1,1,2,1,1,1,1,3,1,1,1,1,2,1,1
1,1,1,1,1,1,1,1,1,1,1,1,1,1,1,1,1,1,1,1,1,1,2,1,1,2,1,2,2,1,1,1,1
1,1,1,1,1,1,1,1,2,1,1,2,1,1,1,1,2,2,1,1,1,1,1,1,1,2,2,2,2,1,1,2,1
1,1,1,3,1,1,1,1,3,3,3,1,1,1,1,1,2,1,1,1,1,1,3,1,1,1,1,1,1,1,1,1,1
2,2,3,2,3,1,2,1,3,2,2,3,3,3,2,1,2,3,1,2,1,2,2,1,1,1,1,2,1,2,2,1,1
1,1,1,1,2,3,2,3,1,1,1,3,2,3,3,2,1,3,2,1,1,1,3,1,2,1,2,2,1,2,3,1,1
1,1,1,2,2,2,1,2,1,3,2,2,2,3,2,1,3,3,2,1,1,3,1,1,1,1,2,1,3,3,2,1,2
1,1,1,2,1,2,2,3,1,3,2,2,2,3,2,1,1,3,1,1,1,2,1,1,1,2,2,2,1,1,3,1,1
2,1,1,1,2,1,1,2,1,1,1,1,1,1,1,1,1,1,1,1,1,1,2,1,1,1,2,1,2,2,2,3,1
1,1,1,1,3,1,1,1,1,2,1,1,1,1,1,1,1,2,1,1,1,1,1,1,1,3,1,1,1,1,1,1,1
1,1,1,1,1,1,1,1,1,1,1,1,1,1,1,1,1,1,1,1,1,1,1,1,1,3,1,1,1,1,1,1,1
1,3,3,3,1,1,1,1,3,1,3,1,1,2,2,1,1,3,1,1,1,1,1,1,1,1,1,1,1,1,1,1,1
2,1,1,2,2,2,1,1,3,1,2,1,1,1,1,1,2,1,1,3,1,1,1,1,1,1,1,1,1,1,1,1,1
3,1,1,1,2,2,1,2,1,1,1,1,1,2,1,1,1,2,1,1,1,1,1,1,2,1,2,1,1,1,2,1,1
1,1,1,1,1,1,1,1,1,1,1,2,1,1,1,1,1,1,1,1,1,1,1,1,1,1,1,1,1,1,1,1,1
1,1,1,1,2,1,1,1,3,1,1,1,3,3,1,1,1,2,1,2,1,1,1,1,1,1,1,1,1,1,1,1,1
1,1,1,3,2,2,1,1,1,3,3,1,2,2,1,1,1,3,1,1,1,1,1,1,1,1,1,1,1,1,1,1,3
1,1,1,1,1,1,1,1,1,1,1,1,1,1,1,1,1,1,1,1,1,1,1,1,1,1,1,1,1,1,1,1,1
1,1,1,1,2,2,2,2,1,3,2,2,1,1,1,1,1,2,1,1,1,1,1,1,1,3,3,2,3,1,2,1,1
1,3,3,1,1,1,3,1,3,1,1,1,1,1,1,1,1,2,1,1,1,1,3,1,1,1,2,1,2,1,1,1,1
2,1,1,1,3,1,1,1,1,2,1,1,1,1,1,1,1,1,1,1,1,1,1,1,1,2,1,1,2,1,2,1,1
1,1,3,1,2,2,2,2,3,1,1,1,3,1,1,1,2,2,1,2,1,1,1,1,1,3,1,1,1,1,1,1,1
1,1,1,1,2,1,1,1,1,1,1,1,1,2,2,1,1,3,1,2,1,2,1,1,1,2,2,2,3,2,3,1,1
1,1,1,2,1,1,1,1,2,1,2,1,1,2,1,1,2,2,1,1,1,1,1,1,1,1,2,1,1,1,2,1,1
1,1,1,1,2,1,1,1,1,1,1,2,1,1,1,1,1,1,1,1,2,2,1,1,1,2,1,2,1,1,2,1,1
2,1,1,1,1,1,1,2,1,1,1,1,1,1,1,1,1,1,1,1,1,1,1,1,1,2,1,2,1,1,2,1,1
2,1,1,1,2,3,3,2,1,1,1,1,1,1,1,1,1,1,1,1,1,1,1,1,1,2,2,1,3,2,3,1,1
1,1,1,1,3,1,1,1,1,1,1,2,1,3,3,1,2,1,1,1,1,1,2,1,1,2,2,2,2,1,3,1,1
1,1,1,1,1,1,1,1,1,2,1,1,1,1,1,1,1,1,1,1,1,1,1,1,1,1,1,1,1,1,1,1,1
2,1,1,1,2,1,1,1,2,1,1,2,1,2,1,1,1,1,1,1,1,1,1,1,1,2,2,2,2,1,2,1,1
2,1,1,3,1,2,2,2,3,3,3,3,1,3,2,1,2,2,1,3,1,1,2,1,1,1,2,1,2,1,2,1,1
1,1,1,1,1,1,1,1,1,1,1,2,1,1,1,1,2,1,1,1,1,1,1,1,2,3,1,1,1,1,1,1,2
1,1,1,2,1,3,3,1,3,3,3,2,2,2,2,1,2,2,1,1,1,2,2,1,1,1,1,1,1,1,2,1,2
2,1,1,1,2,2,2,2,1,1,1,1,1,2,1,1,2,2,1,1,1,1,1,1,1,2,1,3,2,1,1,1,1
2,1,1,2,2,1,1,1,2,2,2,1,2,2,2,1,2,2,1,2,1,1,1,1,1,3,1,1,2,2,2,1,1
1,2,2,3,2,2,2,3,3,2,3,2,2,3,1,1,1,1,1,2,1,1,1,1,1,1,2,1,1,2,1,1,2
1,1,1,3,3,3,3,3,3,1,3,3,3,3,3,2,1,3,1,2,1,2,2,1,1,2,2,2,2,2,3,3,3
1,2,2,3,3,3,3,3,2,3,2,2,2,2,1,3,2,3,1,2,2,2,1,1,1,1,1,2,2,2,2,1,3
1,1,1,1,1,1,1,1,3,1,1,1,1,1,1,1,1,1,1,1,1,1,1,1,1,2,1,2,1,1,1,1,1
1,1,1,2,2,1,1,1,1,2,2,1,2,3,2,1,1,3,1,1,2,3,1,1,1,1,1,1,2,1,1,1,2
1,1,1,1,3,2,2,3,1,1,1,2,2,2,2,1,1,1,1,1,1,1,1,1,1,1,2,1,1,1,1,3,2
2,1,2,1,2,2,2,2,1,3,1,2,3,3,3,1,1,2,1,2,1,1,1,1,1,2,2,3,2,1,3,1,1
2,1,1,1,2,2,2,2,3,1,1,2,1,2,2,1,1,1,1,2,1,1,1,1,1,1,1,1,2,1,1,1,1
2,1,1,2,2,1,1,1,1,2,2,2,2,2,1,1,2,1,1,2,2,2,1,1,2,1,2,2,2,2,2,1,1
1,1,1,2,1,2,2,2,2,3,2,2,2,3,2,2,2,1,2,1,1,2,1,1,1,1,1,1,1,1,1,1,2
1,1,1,3,1,2,2,1,3,3,3,3,1,2,1,1,1,3,1,3,1,1,1,1,1,1,1,1,1,1,1,1,1
1,1,1,1,1,1,1,1,1,3,1,1,1,1,1,1,1,1,1,1,1,1,2,1,1,2,1,2,1,1,1,1,1
1,1,1,1,1,1,1,1,1,1,1,1,1,1,1,1,2,1,2,1,1,1,2,1,1,3,2,1,2,2,1,2,2
1,1,1,1,3,1,1,1,1,1,1,2,1,1,1,1,2,2,1,2,1,1,2,1,1,1,2,3,3,1,2,1,1
1,1,1,3,1,1,1,1,1,3,3,1,1,1,1,1,1,2,1,1,1,1,1,1,1,1,2,2,1,1,1,2,2
1,3,3,3,2,2,3,3,3,1,3,3,3,3,3,1,1,3,1,1,2,1,1,1,1,2,3,3,2,2,2,1,2
1,1,1,3,1,1,1,1,3,3,3,1,1,1,1,1,1,2,1,1,1,1,1,1,1,1,2,1,2,1,2,1,1
1,1,2,3,2,2,2,2,3,1,3,2,2,2,2,1,2,2,1,2,1,1,1,1,1,1,2,2,2,2,2,1,1
1,1,1,1,1,1,1,1,1,1,1,2,1,1,1,1,2,1,1,1,1,1,2,1,1,2,1,2,1,1,1,1,1
1,1,1,1,1,1,1,1,1,1,1,1,1,1,1,2,1,1,1,1,1,1,1,1,1,1,1,1,1,1,1,1,1
2,1,1,1,1,1,1,1,1,1,1,1,2,1,1,1,1,1,1,1,1,1,1,1,1,2,2,2,2,1,1,1,1
1,2,3,2,3,1,1,1,2,3,2,1,3,1,1,1,1,2,1,1,1,1,1,1,1,3,1,2,1,2,2,1,1
2,1,1,3,2,1,2,1,3,3,3,1,1,1,1,3,2,2,1,3,1,2,2,1,1,2,1,1,2,2,2,1,1
1,1,1,3,2,1,1,1,3,3,3,1,1,2,1,2,1,2,1,1,1,1,1,1,1,1,2,1,1,1,2,3,1
1,1,1,2,2,3,2,1,1,3,2,2,1,3,3,1,1,2,1,1,1,1,1,1,1,1,2,2,1,1,1,1,1
1,3,3,3,2,1,1,2,3,3,3,2,1,2,1,1,2,2,1,1,1,1,1,1,1,1,1,1,1,1,1,1,1
1,1,1,2,3,3,3,1,2,2,2,3,1,2,1,1,2,2,1,2,1,1,1,1,1,1,2,1,2,2,3,1,1
1,1,1,1,2,1,1,1,3,2,1,1,1,3,2,1,1,3,1,1,1,1,1,1,1,2,1,2,1,1,1,1,1
2,1,1,1,2,1,1,1,2,2,1,1,2,2,1,1,2,3,1,1,1,2,1,1,1,1,1,2,1,1,2,1,1
1,1,1,1,2,2,2,1,3,1,3,2,3,3,2,1,1,2,1,1,1,1,2,1,1,1,1,1,1,1,1,1,1
1,1,1,2,3,2,2,2,1,3,2,1,1,1,1,1,1,1,1,1,1,1,1,1,1,2,1,2,2,2,2,1,1
1,1,1,1,3,2,2,2,1,1,1,2,1,2,1,1,1,3,1,1,1,1,1,1,1,1,3,1,3,2,2,1,1
1,1,1,3,3,3,2,3,3,1,2,3,3,3,2,1,2,3,1,1,1,1,1,1,1,3,2,1,3,3,3,1,1
1,3,3,3,3,3,3,3,2,3,3,2,3,3,1,3,1,3,1,3,1,1,1,1,1,1,3,3,3,2,3,1,2
1,1,1,2,1,1,1,2,3,1,2,1,2,1,1,1,2,3,2,3,1,1,2,1,2,1,1,1,1,1,1,1,1
1,1,1,1,1,1,1,1,1,1,1,1,1,2,2,1,2,2,1,1,1,1,2,1,1,1,2,1,2,1,1,1,1
2,1,1,2,3,2,2,2,2,1,2,1,2,2,1,1,1,3,1,1,1,1,1,1,1,3,3,3,3,2,2,1,2
1,3,3,3,1,1,1,1,3,1,3,1,1,1,1,1,1,2,1,1,1,1,1,1,1,2,1,2,1,1,1,1,1
1,1,1,1,1,1,1,1,1,1,1,1,1,1,1,1,1,1,1,1,1,1,1,1,1,1,1,1,1,1,1,1,1
1,1,1,1,1,1,1,1,1,1,1,1,1,2,1,3,1,3,1,1,2,2,1,1,1,1,2,2,2,1,2,1,1
1,1,1,1,1,1,1,1,1,1,1,2,2,2,1,1,1,1,1,1,1,1,1,1,1,3,1,1,1,1,1,1,2
1,1,1,1,2,2,2,2,1,1,1,1,1,3,3,1,1,1,1,1,1,2,1,1,1,2,2,2,3,3,3,1,1
2,3,3,1,1,1,1,1,1,1,1,1,1,1,1,1,1,1,1,1,1,1,1,1,1,3,1,1,1,1,1,1,2
1,1,1,2,3,1,1,1,1,2,2,2,1,1,1,1,2,2,1,1,1,2,1,1,1,2,1,2,2,1,1,1,1
1,1,1,1,1,3,1,1,1,1,1,1,1,1,1,1,1,1,1,1,1,1,1,1,1,3,1,1,1,2,1,1,1
2,1,1,1,2,3,3,3,1,1,1,3,2,3,3,2,3,3,2,3,2,1,2,2,2,1,3,1,2,1,3,1,1
1,1,1,1,2,2,1,1,1,3,1,2,1,2,1,1,3,3,1,1,1,1,1,1,1,2,1,3,2,1,2,1,2
1,1,1,3,1,2,2,2,3,2,3,1,3,3,1,1,1,2,1,2,1,1,1,1,1,1,2,1,1,1,2,1,2
1,2,2,2,3,3,3,1,2,3,2,2,1,1,1,1,2,2,1,1,1,2,1,1,1,1,1,2,1,1,3,1,1
1,2,1,2,1,1,3,1,3,1,3,1,1,1,1,1,1,1,1,1,1,1,1,1,1,1,1,1,1,1,2,1,1
2,1,1,1,2,2,3,3,1,2,1,2,1,1,1,1,2,2,1,1,1,2,2,1,2,2,1,2,3,2,2,1,2
2,2,2,3,1,2,2,2,3,1,3,2,1,1,1,1,2,3,2,3,1,1,2,1,2,2,2,1,2,1,2,1,1
1,1,1,1,1,2,1,1,1,1,1,1,1,1,1,2,2,2,1,1,1,1,1,1,1,2,1,3,2,2,2,1,1
1,1,1,1,2,1,2,1,1,2,2,1,1,2,1,1,2,2,1,3,1,2,1,1,1,2,2,1,2,1,2,1,1
1,1,1,1,1,1,1,1,1,1,1,1,1,1,1,1,1,1,1,1,1,1,1,1,1,1,1,1,1,1,2,1,1
1,1,1,1,1,1,2,1,2,3,1,2,1,1,1,1,2,2,1,3,1,1,1,1,1,1,1,3,2,1,2,1,2
1,1,1,1,2,1,1,1,2,1,1,1,1,1,1,1,1,2,1,1,1,1,1,1,1,1,2,1,1,2,2,1,2
1,1,1,1,3,3,3,2,1,2,1,3,1,2,2,1,1,3,1,2,2,2,3,2,2,1,2,1,1,1,2,1,1
1,1,1,1,2,1,1,1,1,1,1,1,1,1,1,1,1,1,1,1,1,1,1,1,1,1,1,1,2,1,2,1,1
1,1,1,3,3,1,1,1,3,3,3,1,1,1,1,1,1,1,1,1,1,2,2,1,1,1,1,2,1,1,2,1,1
2,1,1,3,3,2,2,2,3,3,3,1,3,3,3,3,1,1,1,1,1,1,2,1,1,2,3,2,3,3,3,1,2
1,3,1,3,1,1,1,1,3,1,3,1,1,2,1,1,2,2,1,1,1,2,1,1,1,2,1,2,1,1,1,1,2
1,1,1,3,1,2,2,1,3,1,3,1,2,3,2,1,2,2,1,2,1,2,1,1,1,1,2,2,2,2,2,1,1
1,1,1,2,1,1,1,1,1,2,2,2,1,1,1,1,1,2,1,1,1,2,1,1,1,1,1,2,1,1,1,1,2
1,1,1,3,3,2,2,2,1,3,3,3,1,2,2,1,1,1,1,2,2,1,1,1,1,2,2,2,1,1,1,1,1
1,1,3,3,2,2,2,2,3,2,3,3,3,3,1,1,1,2,1,1,1,1,1,1,1,1,2,1,2,1,2,1,1
2,1,1,1,3,1,1,1,1,1,1,1,1,2,1,1,1,1,1,1,1,1,1,1,1,1,1,1,1,1,1,1,1
2,2,2,2,2,2,2,2,2,2,2,2,2,2,2,2,2,2,2,2,2,2,2,2,2,2,3,2,2,2,2,3,2
3,1,1,1,3,3,3,3,1,1,1,2,1,1,1,1,1,2,1,1,1,1,2,1,1,2,3,3,3,2,3,1,2
2,1,1,3,1,2,2,2,3,2,3,2,3,3,3,1,3,3,1,3,2,2,1,2,2,1,3,2,2,2,2,1,1
3,1,1,1,2,1,1,1,1,3,1,3,1,1,1,1,2,2,1,1,1,1,1,1,1,1,1,1,1,1,1,1,1
1,1,1,1,1,1,1,1,1,1,1,2,1,1,1,1,1,2,1,1,1,1,1,1,2,3,1,1,1,1,1,1,2
2,1,1,1,1,2,1,2,2,3,1,1,2,2,1,1,1,2,1,1,1,2,1,1,1,2,1,2,2,2,2,1,1
1,1,1,1,1,2,2,2,1,1,1,1,1,2,2,3,1,2,1,3,2,2,3,1,2,1,2,1,1,1,2,1,1
1,1,1,1,2,1,1,1,1,1,1,1,1,1,1,1,1,1,1,1,1,1,1,1,1,2,2,2,1,1,2,1,1
1,1,1,2,3,1,1,1,1,2,1,1,1,2,1,1,1,2,1,1,1,1,1,1,1,1,2,2,2,2,2,1,1
1,1,1,1,3,2,3,1,2,1,1,2,1,1,1,1,1,2,1,1,1,1,2,1,1,2,1,1,2,1,1,1,1
1,1,1,1,2,3,3,3,1,1,1,1,1,2,3,3,1,3,1,1,2,1,1,1,1,1,2,1,2,2,2,2,1
1,1,1,1,1,1,1,1,1,1,1,1,1,1,1,1,1,1,1,1,1,1,1,1,1,1,2,1,1,1,1,1,1
1,1,1,1,1,3,3,1,1,1,1,3,1,3,3,1,1,2,1,1,2,2,1,1,1,1,2,2,1,1,2,1,1
1,1,1,1,3,1,1,2,1,1,1,1,1,1,1,1,1,2,1,1,1,1,1,1,1,2,1,2,1,1,1,1,1
