"","ParticipantType","Age","FamilySize","Relationship","ChildAge","Gender","Diagnosis_ID","Diagnosis_ASD","Diagnosis_ADHD","Diagnosis_Other","Diagnosis_None","Diagnosis_Other_TEXT","SchoolType","BR1","BR2","BR3","BR5","SOD1","SD1","SD2","SD3","SA1","SA2","SA3","SA4","NW1","NW2","NW3","P1","P2","P3","P4","P5","P6","P7","SDB1","SDB2","SDB3","DS1","DS2","DS3","DS4","DS5","DS6","DS7","DS8","sleep_data_total_score","sleep_disorders","other_diagnoses","female"
"1","Parent/caregiver",37,"4+","Mother",5,"Female",0,0,0,0,1,"                                                                                                                                                                                                                                                               ","Primary school (mainstream)",1,1,1,1,2,1,1,1,1,1,1,1,1,2,1,1,3,3,1,3,1,1,1,1,1,3,1,1,1,1,1,1,1,43,1,0,1
"2","Parent/caregiver",32,"3","Mother",6,"Male",0,0,0,0,1,"                                                                                                                                                                                                                                                               ","Primary school (mainstream)",1,1,1,1,2,1,2,2,1,1,1,1,1,1,1,1,1,2,1,1,1,2,1,1,1,1,1,1,1,1,1,1,1,38,0,0,0
"3","Parent/caregiver",39,"2","Mother",15,"Male",0,0,0,0,1,"                                                                                                                                                                                                                                                               ","Secondary school",1,1,1,1,1,1,1,1,1,1,1,1,1,1,1,1,2,2,2,1,1,1,1,1,1,2,2,1,1,2,2,1,1,40,0,0,0
"4","Parent/caregiver",34,"4+","Mother",6,"Male",0,0,0,0,1,"                                                                                                                                                                                                                                                               ","Primary school (mainstream)",1,1,1,1,1,1,1,1,1,2,1,2,1,1,1,1,2,1,1,1,1,2,1,1,1,3,3,1,2,1,2,1,1,43,1,0,0
"5","Parent/caregiver",33,"4+","Mother",4,"Female",0,0,0,0,1,"                                                                                                                                                                                                                                                               ","Preschool",1,1,1,1,1,2,2,2,1,1,1,1,1,2,2,1,1,3,1,1,1,1,1,1,1,2,2,2,2,2,2,1,1,46,1,0,1
"6","Parent/caregiver",39,"4+","Mother",8,"Male",0,0,0,0,1,"                                                                                                                                                                                                                                                               ","Primary school (mainstream)",1,1,1,2,1,1,1,1,1,1,2,1,1,1,1,1,1,1,1,1,1,1,1,1,1,1,1,1,1,1,1,1,1,35,0,0,0
"7","Parent/caregiver",38,"4+","Mother",9,"Female",0,0,0,0,1,"                                                                                                                                                                                                                                                               ","Primary school (mainstream)",1,1,1,1,2,1,1,1,2,3,1,1,1,1,1,1,1,2,1,1,1,2,1,1,1,3,1,1,2,1,1,1,1,42,1,0,1
"8","Parent/caregiver",38,"4+","Mother",10,"Male",1,0,0,1,0,"Dyslexia                                                                                                                                                                                                                                                       ","Primary school (mainstream)",1,2,2,2,2,2,2,2,1,1,1,1,1,1,1,1,1,3,1,1,1,1,1,1,1,3,3,1,2,2,2,2,2,51,1,1,0
"9","Parent/caregiver",27,"3","Mother",4,"Male",0,0,0,0,1,"                                                                                                                                                                                                                                                               ","Preschool",1,1,1,2,2,1,2,2,3,1,2,1,2,2,2,1,2,1,1,1,1,2,1,1,1,1,1,1,1,1,1,1,1,45,1,0,0
"10","Parent/caregiver",34,"4+","Mother",5,"Female",0,0,0,0,1,"                                                                                                                                                                                                                                                               ","Primary school (mainstream)",2,3,3,3,1,1,1,1,3,3,3,2,2,2,2,1,2,2,1,2,1,1,1,1,1,1,1,1,2,2,2,1,1,56,1,0,1
"11","Parent/caregiver",39,"2","Mother",12,"Male",0,0,1,0,0,"                                                                                                                                                                                                                                                               ","Primary school (mainstream)",2,1,1,1,3,3,3,2,1,1,1,3,1,3,3,1,1,3,1,1,1,1,1,1,1,2,2,1,1,2,2,1,1,53,1,1,0
"12","Parent/caregiver",43,"4+","Father",6,"Male",0,0,1,0,0,"                                                                                                                                                                                                                                                               ","Primary school (mainstream)",1,1,1,1,1,1,1,1,1,1,1,1,1,1,1,3,1,2,1,2,1,1,1,1,1,3,1,1,2,1,1,1,1,40,0,1,0
"13","Parent/caregiver",37,"4+","Mother",9,"Male",0,0,0,1,0,"Tourettes                                                                                                                                                                                                                                                      ","Primary school (mainstream)",1,2,2,2,3,2,2,1,2,2,2,2,3,3,1,1,2,2,2,3,2,2,1,2,1,2,2,3,3,2,2,1,1,64,1,1,0
"14","Parent/caregiver",35,"3","Mother",12,"Female",0,0,0,0,1,"                                                                                                                                                                                                                                                               ","Secondary school",2,1,1,1,2,2,2,1,1,1,1,1,1,1,1,1,1,2,1,1,1,1,1,1,1,2,2,3,3,3,2,2,1,48,1,0,1
"15","Parent/caregiver",38,"4+","Mother",13,"Female",0,0,0,0,1,"                                                                                                                                                                                                                                                               ","Secondary school",1,1,1,1,1,1,1,1,1,1,1,1,1,1,1,1,1,1,1,1,1,1,1,1,1,2,1,1,1,1,1,1,1,34,0,0,1
"16","Parent/caregiver",47,"4+","Mother",15,"Male",0,0,0,0,1,"                                                                                                                                                                                                                                                               ","Secondary school",2,1,1,1,2,1,2,2,1,1,1,2,1,1,1,1,1,1,1,1,1,1,1,1,1,1,2,1,3,2,3,3,1,46,1,0,0
"18","Parent/caregiver",35,"4+","Mother",4,"Male",0,1,0,1,0,"Sensory Processing Disorder                                                                                                                                                                                                                                    ","Early intervention/ASD preschool",1,1,1,3,3,3,3,3,3,2,3,3,2,2,2,1,1,3,1,2,1,1,2,1,2,1,2,2,1,2,2,1,2,63,1,1,0
"19","Parent/caregiver",46,"4+","Mother",5,"Male",0,0,0,0,1,"                                                                                                                                                                                                                                                               ","Primary school (mainstream)",1,1,1,3,1,1,1,1,2,2,3,3,3,3,1,1,1,1,1,1,1,1,2,1,1,3,1,1,1,1,1,1,1,48,1,0,0
"21","Parent/caregiver",40,"4+","Mother",5,"Male",0,0,0,0,1,"                                                                                                                                                                                                                                                               ","Primary school (mainstream)",1,1,1,2,2,1,1,1,3,1,2,2,2,2,1,1,1,1,1,1,1,2,1,1,1,3,1,1,1,1,1,1,1,44,1,0,0
"22","Parent/caregiver",31,"4+","Mother",6,"Female",0,0,0,0,1,"                                                                                                                                                                                                                                                               ","Primary school (mainstream)",1,2,2,3,2,2,2,1,3,3,3,2,3,3,2,1,2,3,1,3,1,1,1,1,1,3,2,2,1,1,2,3,2,65,1,0,1
"23","Parent/caregiver",42,"4+","Mother",7,"Male",0,0,0,0,1,"                                                                                                                                                                                                                                                               ","Primary school (mainstream)",1,1,1,2,1,1,1,1,2,2,2,1,2,2,2,1,1,2,1,1,1,1,2,1,1,1,2,1,1,1,1,1,1,43,1,0,0
"24","Parent/caregiver",36,"4+","Mother",7,"Female",0,0,0,0,1,"                                                                                                                                                                                                                                                               ","Primary school (mainstream)",1,1,1,1,1,1,1,1,1,2,1,1,1,1,1,1,1,2,1,1,1,1,1,1,1,1,1,1,1,1,1,1,1,35,0,0,1
"25","Parent/caregiver",38,"3","Mother",5,"Male",0,0,0,0,1,"                                                                                                                                                                                                                                                               ","Primary school (mainstream)",3,1,2,3,1,1,1,1,3,3,3,1,1,2,1,1,2,2,1,1,1,1,1,1,1,1,1,1,1,1,1,1,1,47,1,0,0
"26","Parent/caregiver",33,"2","Mother",8,"Female",0,1,0,0,0,"                                                                                                                                                                                                                                                               ","Primary school (special education classroom)",1,1,1,1,2,2,3,2,1,1,1,1,3,3,3,1,1,2,1,1,1,1,1,1,1,1,1,1,2,1,1,1,1,46,1,0,1
"27","Parent/caregiver",33,"4+","Mother",9,"Female",1,1,0,0,0,"                                                                                                                                                                                                                                                               ","Primary school (special education classroom)",1,1,1,3,2,2,2,2,3,1,2,2,3,3,2,1,2,1,1,1,1,1,1,1,1,1,1,1,1,1,2,1,1,50,1,0,1
"28","Parent/caregiver",35,"4+","Mother",4,"Female",0,0,0,0,1,"                                                                                                                                                                                                                                                               ","Preschool",2,1,1,1,1,1,1,1,1,1,1,1,1,1,1,1,1,2,1,1,1,1,1,1,1,1,1,1,1,1,1,1,2,36,0,0,1
"29","Parent/caregiver",37,"4+","Mother",8,"Female",0,0,0,0,1,"                                                                                                                                                                                                                                                               ","Primary school (mainstream)",1,3,2,3,2,3,3,1,3,3,3,3,2,3,3,1,1,3,1,3,1,1,2,1,1,3,1,1,1,1,3,1,1,65,1,0,1
"30","Parent/caregiver",42,"2","Mother",6,"Male",0,0,0,0,1,"                                                                                                                                                                                                                                                               ","Primary school (mainstream)",1,1,1,1,2,2,2,2,1,1,1,1,1,1,1,1,1,1,1,1,1,1,1,1,1,2,2,2,2,2,2,1,1,43,1,0,0
"31","Parent/caregiver",36,"3","Mother",7,"Male",0,0,0,0,1,"                                                                                                                                                                                                                                                               ","Primary school (mainstream)",1,1,1,1,1,1,1,1,1,1,1,2,1,1,1,1,1,2,1,1,1,2,1,1,1,1,1,2,2,1,2,1,1,39,0,0,0
"32","Parent/caregiver",38,"4+","Mother",6,"Female",0,0,0,0,1,"                                                                                                                                                                                                                                                               ","Primary school (mainstream)",1,1,1,1,1,2,2,1,1,2,1,2,1,2,1,1,3,2,1,1,2,2,1,1,1,1,2,2,1,1,2,1,1,46,1,0,1
"33","Parent/caregiver",36,"4+","Mother",10,"Male",0,0,1,0,0,"                                                                                                                                                                                                                                                               ","Primary school (mainstream)",1,1,1,1,3,2,2,3,1,2,1,1,1,1,1,1,1,2,1,1,1,1,1,1,1,2,1,2,1,1,1,1,1,43,1,1,0
"34","Parent/caregiver",40,"4+","Mother",6,"Male",0,0,0,0,1,"                                                                                                                                                                                                                                                               ","Primary school (mainstream)",1,1,1,1,2,1,1,1,1,1,1,1,1,1,1,1,2,3,1,1,1,1,3,1,2,1,1,1,1,1,1,1,1,40,0,0,0
"35","Parent/caregiver",40,"3","Mother",6,"Male",0,0,0,0,1,"                                                                                                                                                                                                                                                               ","Primary school (mainstream)",1,1,1,2,2,2,1,1,2,3,2,2,2,2,1,1,2,2,1,1,2,1,1,1,1,3,1,1,1,1,2,1,1,49,1,0,0
"36","Parent/caregiver",32,"4+","Mother",4,"Female",0,0,0,0,1,"                                                                                                                                                                                                                                                               ","Preschool",1,1,1,1,1,1,1,1,1,1,1,1,1,1,1,1,1,1,1,1,1,1,2,1,1,2,1,2,2,1,1,1,1,37,0,0,1
"37","Parent/caregiver",40,"3","Mother",10,"Female",0,0,0,0,1,"                                                                                                                                                                                                                                                               ","Primary school (mainstream)",1,1,1,1,1,1,1,1,2,1,1,2,1,1,1,1,2,2,1,1,1,1,1,1,1,2,2,2,2,1,1,2,1,42,1,0,1
"38","Parent/caregiver",35,"2","Mother",6,"Male",0,0,0,0,1,"                                                                                                                                                                                                                                                               ","Primary school (mainstream)",1,1,1,3,1,1,1,1,3,3,3,1,1,1,1,1,2,1,1,1,1,1,3,1,1,1,1,1,1,1,1,1,1,44,1,0,0
"39","Parent/caregiver",37,"4+","Mother",6,"Male",0,0,0,0,1,"                                                                                                                                                                                                                                                               ","Primary school (mainstream)",2,2,3,2,3,1,2,1,3,2,2,3,3,3,2,1,2,3,1,2,1,2,2,1,1,1,1,2,1,2,2,1,1,61,1,0,0
"40","Parent/caregiver",41,"4+","Mother",11,"Male",1,1,0,0,0,"                                                                                                                                                                                                                                                               ","Special education school",1,1,1,1,2,3,2,3,1,1,1,3,2,3,3,2,1,3,2,1,1,1,3,1,2,1,2,2,1,2,3,1,1,58,1,0,0
"41","Parent/caregiver",36,"4+","Mother",8,"Male",0,0,0,0,1,"                                                                                                                                                                                                                                                               ","Primary school (mainstream)",1,1,1,2,2,2,1,2,1,3,2,2,2,3,2,1,3,3,2,1,1,3,1,1,1,1,2,1,3,3,2,1,2,59,1,0,0
"42","Parent/caregiver",37,"4+","Mother",4,"Female",0,0,0,0,1,"                                                                                                                                                                                                                                                               ","Preschool",1,1,1,2,1,2,2,3,1,3,2,2,2,3,2,1,1,3,1,1,1,2,1,1,1,2,2,2,1,1,3,1,1,54,1,0,1
"43","Parent/caregiver",40,"4+","Mother",13,"Female",0,0,0,0,1,"                                                                                                                                                                                                                                                               ","Secondary school",2,1,1,1,2,1,1,2,1,1,1,1,1,1,1,1,1,1,1,1,1,1,2,1,1,1,2,1,2,2,2,3,1,43,1,0,1
"44","Parent/caregiver",40,"4+","Father",5,"Female",0,0,0,0,1,"                                                                                                                                                                                                                                                               ","Primary school (mainstream)",1,1,1,1,3,1,1,1,1,2,1,1,1,1,1,1,1,2,1,1,1,1,1,1,1,3,1,1,1,1,1,1,1,39,0,0,1
"45","Parent/caregiver",43,"4+","Mother",11,"Female",0,0,0,0,1,"                                                                                                                                                                                                                                                               ","Primary school (mainstream)",1,1,1,1,1,1,1,1,1,1,1,1,1,1,1,1,1,1,1,1,1,1,1,1,1,3,1,1,1,1,1,1,1,35,0,0,1
"46","Parent/caregiver",43,"4+","Mother",4,"Male",0,0,0,0,1,"                                                                                                                                                                                                                                                               ","Preschool",1,3,3,3,1,1,1,1,3,1,3,1,1,2,2,1,1,3,1,1,1,1,1,1,1,1,1,1,1,1,1,1,1,47,1,0,0
"47","Parent/caregiver",40,"4+","Father",6,"Male",0,0,0,0,1,"                                                                                                                                                                                                                                                               ","Primary school (mainstream)",2,1,1,2,2,2,1,1,3,1,2,1,1,1,1,1,2,1,1,3,1,1,1,1,1,1,1,1,1,1,1,1,1,43,1,0,0
"48","Parent/caregiver",35,"4+","Mother",8,"Female",0,0,0,0,1,"                                                                                                                                                                                                                                                               ","Primary school (mainstream)",3,1,1,1,2,2,1,2,1,1,1,1,1,2,1,1,1,2,1,1,1,1,1,1,2,1,2,1,1,1,2,1,1,43,1,0,1
"49","Parent/caregiver",47,"2","Father",11,"Female",0,0,0,1,0,"Dyslexia                                                                                                                                                                                                                                                       ","Primary school (mainstream)",1,1,1,1,1,1,1,1,1,1,1,2,1,1,1,1,1,1,1,1,1,1,1,1,1,1,1,1,1,1,1,1,1,34,0,1,1
"50","Parent/caregiver",35,"3","Mother",4,"Male",0,0,0,0,1,"                                                                                                                                                                                                                                                               ","Preschool",1,1,1,1,2,1,1,1,3,1,1,1,3,3,1,1,1,2,1,2,1,1,1,1,1,1,1,1,1,1,1,1,1,42,1,0,0
"51","Parent/caregiver",44,"4+","Mother",5,"Male",0,0,0,0,1,"                                                                                                                                                                                                                                                               ","Preschool",1,1,1,3,2,2,1,1,1,3,3,1,2,2,1,1,1,3,1,1,1,1,1,1,1,1,1,1,1,1,1,1,3,47,1,0,0
"52","Parent/caregiver",40,"4+","Father",7,"Male",0,0,0,0,1,"                                                                                                                                                                                                                                                               ","Primary school (mainstream)",1,1,1,1,1,1,1,1,1,1,1,1,1,1,1,1,1,1,1,1,1,1,1,1,1,1,1,1,1,1,1,1,1,33,0,0,0
"53","Parent/caregiver",50,"4+","Mother",12,"Female",0,0,1,1,0,"Dyslexia                                                                                                                                                                                                                                                       ","Primary school (mainstream)",1,1,1,1,2,2,2,2,1,3,2,2,1,1,1,1,1,2,1,1,1,1,1,1,1,3,3,2,3,1,2,1,1,50,1,1,1
"54","Parent/caregiver",31,"2","Mother",12,"Male",0,0,0,1,0,"Dyscixa                                                                                                                                                                                                                                                        ","Secondary school",1,3,3,1,1,1,3,1,3,1,1,1,1,1,1,1,1,2,1,1,1,1,3,1,1,1,2,1,2,1,1,1,1,46,1,1,0
"55","Parent/caregiver",45,"4+","Mother",13,"Male",1,1,1,0,0,"                                                                                                                                                                                                                                                               ","Secondary school",2,1,1,1,3,1,1,1,1,2,1,1,1,1,1,1,1,1,1,1,1,1,1,1,1,2,1,1,2,1,2,1,1,40,0,1,0
"56","Parent/caregiver",40,"3","Mother",8,"Male",0,0,0,0,1,"                                                                                                                                                                                                                                                               ","Primary school (mainstream)",1,1,3,1,2,2,2,2,3,1,1,1,3,1,1,1,2,2,1,2,1,1,1,1,1,3,1,1,1,1,1,1,1,48,1,0,0
"57","Parent/caregiver",31,"4+","Mother",8,"Female",0,0,0,0,1,"                                                                                                                                                                                                                                                               ","Primary school (mainstream)",1,1,1,1,2,1,1,1,1,1,1,1,1,2,2,1,1,3,1,2,1,2,1,1,1,2,2,2,3,2,3,1,1,48,1,0,1
"58","Parent/caregiver",35,"4+","Mother",4,"Female",0,0,0,0,1,"                                                                                                                                                                                                                                                               ","Preschool",1,1,1,2,1,1,1,1,2,1,2,1,1,2,1,1,2,2,1,1,1,1,1,1,1,1,2,1,1,1,2,1,1,41,1,0,1
"59","Parent/caregiver",39,"4+","Mother",8,"Male",0,1,1,0,0,"                                                                                                                                                                                                                                                               ","Primary school (mainstream)",1,1,1,1,2,1,1,1,1,1,1,2,1,1,1,1,1,1,1,1,2,2,1,1,1,2,1,2,1,1,2,1,1,40,0,1,0
"60","Parent/caregiver",38,"4+","Father",11,"Female",0,0,0,0,1,"                                                                                                                                                                                                                                                               ","Primary school (mainstream)",2,1,1,1,1,1,1,2,1,1,1,1,1,1,1,1,1,1,1,1,1,1,1,1,1,2,1,2,1,1,2,1,1,38,0,0,1
"61","Parent/caregiver",48,"4+","Mother",15,"Female",0,0,0,0,1,"                                                                                                                                                                                                                                                               ","Secondary school",2,1,1,1,2,3,3,2,1,1,1,1,1,1,1,1,1,1,1,1,1,1,1,1,1,2,2,1,3,2,3,1,1,47,1,0,1
"62","Parent/caregiver",34,"4+","Father",8,"Male",0,1,0,1,0,"Dyspraxia and Sensory Processing Disorder                                                                                                                                                                                                                      ","Primary school (mainstream)",1,1,1,1,3,1,1,1,1,1,1,2,1,3,3,1,2,1,1,1,1,1,2,1,1,2,2,2,2,1,3,1,1,48,1,1,0
"63","Parent/caregiver",39,"4+","Mother",4,"Female",0,0,0,0,1,"                                                                                                                                                                                                                                                               ","Preschool",1,1,1,1,1,1,1,1,1,2,1,1,1,1,1,1,1,1,1,1,1,1,1,1,1,1,1,1,1,1,1,1,1,34,0,0,1
"64","Parent/caregiver",40,"3","Mother",4,"Male",0,0,0,0,1,"                                                                                                                                                                                                                                                               ","Preschool",2,1,1,1,2,1,1,1,2,1,1,2,1,2,1,1,1,1,1,1,1,1,1,1,1,2,2,2,2,1,2,1,1,43,1,0,0
"65","Parent/caregiver",34,"3","Father",6,"Male",0,0,0,0,1,"                                                                                                                                                                                                                                                               ","Primary school (mainstream)",2,1,1,3,1,2,2,2,3,3,3,3,1,3,2,1,2,2,1,3,1,1,2,1,1,1,2,1,2,1,2,1,1,58,1,0,0
"66","Parent/caregiver",34,"3","Father",6,"Male",0,0,0,0,1,"                                                                                                                                                                                                                                                               ","Primary school (mainstream)",1,1,1,1,1,1,1,1,1,1,1,2,1,1,1,1,2,1,1,1,1,1,1,1,2,3,1,1,1,1,1,1,2,39,0,0,0
"67","Parent/caregiver",37,"4+","Mother",4,"Female",0,0,0,0,1,"                                                                                                                                                                                                                                                               ","Preschool",1,1,1,2,1,3,3,1,3,3,3,2,2,2,2,1,2,2,1,1,1,2,2,1,1,1,1,1,1,1,2,1,2,54,1,0,1
"69","Parent/caregiver",46,"3","Mother",12,"Female",0,0,0,0,1,"                                                                                                                                                                                                                                                               ","Primary school (mainstream)",2,1,1,1,2,2,2,2,1,1,1,1,1,2,1,1,2,2,1,1,1,1,1,1,1,2,1,3,2,1,1,1,1,45,1,0,1
"70","Parent/caregiver",39,"3","Mother",7,"Male",0,1,0,0,0,"                                                                                                                                                                                                                                                               ","Primary school (mainstream)",2,1,1,2,2,1,1,1,2,2,2,1,2,2,2,1,2,2,1,2,1,1,1,1,1,3,1,1,2,2,2,1,1,50,1,0,0
"71","Parent/caregiver",39,"3","Mother",4,"Female",0,1,0,0,0,"                                                                                                                                                                                                                                                               ","Early intervention/ASD preschool",1,2,2,3,2,2,2,3,3,2,3,2,2,3,1,1,1,1,1,2,1,1,1,1,1,1,2,1,1,2,1,1,2,55,1,0,1
"72","Parent/caregiver",44,"4+","Mother",4,"Male",0,1,0,0,0,"                                                                                                                                                                                                                                                               ","Early intervention/ASD preschool",1,1,1,3,3,3,3,3,3,1,3,3,3,3,3,2,1,3,1,2,1,2,2,1,1,2,2,2,2,2,3,3,3,72,1,0,0
"73","Parent/caregiver",48,"4+","Mother",9,"Male",0,1,1,0,0,"                                                                                                                                                                                                                                                               ","Primary school (mainstream)",1,2,2,3,3,3,3,3,2,3,2,2,2,2,1,3,2,3,1,2,2,2,1,1,1,1,1,2,2,2,2,1,3,66,1,1,0
"74","Parent/caregiver",33,"4+","Mother",5,"Female",0,0,0,0,1,"                                                                                                                                                                                                                                                               ","Primary school (mainstream)",1,1,1,1,1,1,1,1,3,1,1,1,1,1,1,1,1,1,1,1,1,1,1,1,1,2,1,2,1,1,1,1,1,37,0,0,1
"76","Parent/caregiver",42,"4+","Mother",4,"Female",0,0,0,0,1,"                                                                                                                                                                                                                                                               ","Preschool",1,1,1,2,2,1,1,1,1,2,2,1,2,3,2,1,1,3,1,1,2,3,1,1,1,1,1,1,2,1,1,1,2,48,1,0,1
"77","Parent/caregiver",41,"3","Father",5,"Female",0,1,0,0,0,"                                                                                                                                                                                                                                                               ","Other (please state)",1,1,1,1,3,2,2,3,1,1,1,2,2,2,2,1,1,1,1,1,1,1,1,1,1,1,2,1,1,1,1,3,2,47,1,0,1
"78","Parent/caregiver",29,"4+","Mother",4,"Female",0,1,0,0,0,"                                                                                                                                                                                                                                                               ","Early intervention/ASD preschool",2,1,2,1,2,2,2,2,1,3,1,2,3,3,3,1,1,2,1,2,1,1,1,1,1,2,2,3,2,1,3,1,1,57,1,0,1
"79","Parent/caregiver",32,"2","Mother",5,"Male",0,1,0,0,0,"                                                                                                                                                                                                                                                               ","Early intervention/ASD preschool",2,1,1,1,2,2,2,2,3,1,1,2,1,2,2,1,1,1,1,2,1,1,1,1,1,1,1,1,2,1,1,1,1,45,1,0,0
"81","Parent/caregiver",39,"2","Mother",6,"Male",0,0,0,1,0,"Dyspraxia                                                                                                                                                                                                                                                      ","Primary school (mainstream)",2,1,1,2,2,1,1,1,1,2,2,2,2,2,1,1,2,1,1,2,2,2,1,1,2,1,2,2,2,2,2,1,1,51,1,1,0
"85","Parent/caregiver",45,"4+","Mother",9,"Male",0,0,0,0,1,"                                                                                                                                                                                                                                                               ","Primary school (mainstream)",1,1,1,2,1,2,2,2,2,3,2,2,2,3,2,2,2,1,2,1,1,2,1,1,1,1,1,1,1,1,1,1,2,51,1,0,0
"87","Parent/caregiver",49,"3","Mother",7,"Male",0,0,0,0,1,"                                                                                                                                                                                                                                                               ","Primary school (mainstream)",1,1,1,3,1,2,2,1,3,3,3,3,1,2,1,1,1,3,1,3,1,1,1,1,1,1,1,1,1,1,1,1,1,50,1,0,0
"88","Parent/caregiver",24,"2","Mother",5,"Female",0,0,0,0,1,"                                                                                                                                                                                                                                                               ","Primary school (mainstream)",1,1,1,1,1,1,1,1,1,3,1,1,1,1,1,1,1,1,1,1,1,1,2,1,1,2,1,2,1,1,1,1,1,38,0,0,1
"90","Parent/caregiver",38,"2","Mother",11,"Female",0,0,0,0,1,"                                                                                                                                                                                                                                                               ","Primary school (mainstream)",1,1,1,1,1,1,1,1,1,1,1,1,1,1,1,1,2,1,2,1,1,1,2,1,1,3,2,1,2,2,1,2,2,43,1,0,1
"91","Parent/caregiver",47,"3","Mother",16,"Female",0,0,0,0,1,"                                                                                                                                                                                                                                                               ","Secondary school",1,1,1,1,3,1,1,1,1,1,1,2,1,1,1,1,2,2,1,2,1,1,2,1,1,1,2,3,3,1,2,1,1,46,1,0,1
"92","Parent/caregiver",35,"4+","Mother",6,"Female",0,0,0,0,1,"                                                                                                                                                                                                                                                               ","Primary school (mainstream)",1,1,1,3,1,1,1,1,1,3,3,1,1,1,1,1,1,2,1,1,1,1,1,1,1,1,2,2,1,1,1,2,2,44,1,0,1
"93","Parent/caregiver",31,"4+","Mother",5,"Female",0,1,0,1,0,"Global Development Delay                                                                                                                                                                                                                                       ","Early intervention/ASD preschool",1,3,3,3,2,2,3,3,3,1,3,3,3,3,3,1,1,3,1,1,2,1,1,1,1,2,3,3,2,2,2,1,2,69,1,1,1
"94","Parent/caregiver",45,"4+","Father",10,"Female",0,1,0,0,0,"                                                                                                                                                                                                                                                               ","Primary school (mainstream)",1,1,1,3,1,1,1,1,3,3,3,1,1,1,1,1,1,2,1,1,1,1,1,1,1,1,2,1,2,1,2,1,1,45,1,0,1
"95","Parent/caregiver",34,"4+","Mother",9,"Female",1,1,0,0,0,"                                                                                                                                                                                                                                                               ","Primary school (special education classroom)",1,1,2,3,2,2,2,2,3,1,3,2,2,2,2,1,2,2,1,2,1,1,1,1,1,1,2,2,2,2,2,1,1,56,1,0,1
"96","Parent/caregiver",39,"4+","Mother",6,"Female",0,0,0,0,1,"                                                                                                                                                                                                                                                               ","Primary school (mainstream)",1,1,1,1,1,1,1,1,1,1,1,2,1,1,1,1,2,1,1,1,1,1,2,1,1,2,1,2,1,1,1,1,1,38,0,0,1
"97","Parent/caregiver",29,"2","Mother",6,"Male",0,0,0,0,1,"                                                                                                                                                                                                                                                               ","Primary school (mainstream)",1,1,1,1,1,1,1,1,1,1,1,1,1,1,1,2,1,1,1,1,1,1,1,1,1,1,1,1,1,1,1,1,1,34,0,0,0
"98","Parent/caregiver",37,"4+","Mother",4,"Male",0,0,0,0,1,"                                                                                                                                                                                                                                                               ","Primary school (mainstream)",2,1,1,1,1,1,1,1,1,1,1,1,2,1,1,1,1,1,1,1,1,1,1,1,1,2,2,2,2,1,1,1,1,39,0,0,0
"99","Parent/caregiver",38,"4+","Mother",7,"Female",0,0,0,0,1,"                                                                                                                                                                                                                                                               ","Primary school (mainstream)",1,2,3,2,3,1,1,1,2,3,2,1,3,1,1,1,1,2,1,1,1,1,1,1,1,3,1,2,1,2,2,1,1,51,1,0,1
"100","Parent/caregiver",32,"4+","Mother",4,"Female",0,0,0,0,1,"                                                                                                                                                                                                                                                               ","Primary school (mainstream)",2,1,1,3,2,1,2,1,3,3,3,1,1,1,1,3,2,2,1,3,1,2,2,1,1,2,1,1,2,2,2,1,1,56,1,0,1
"101","Parent/caregiver",39,"2","Mother",8,"Female",0,1,0,0,0,"                                                                                                                                                                                                                                                               ","Primary school (special education classroom)",1,1,1,3,2,1,1,1,3,3,3,1,1,2,1,2,1,2,1,1,1,1,1,1,1,1,2,1,1,1,2,3,1,49,1,0,1
"102","Parent/caregiver",39,"4+","Mother",8,"Male",1,0,0,0,0,"                                                                                                                                                                                                                                                               ","Primary school (mainstream)",1,1,1,2,2,3,2,1,1,3,2,2,1,3,3,1,1,2,1,1,1,1,1,1,1,1,2,2,1,1,1,1,1,49,1,0,0
"103","Parent/caregiver",39,"3","Mother",5,"Male",0,0,0,0,1,"                                                                                                                                                                                                                                                               ","Primary school (mainstream)",1,3,3,3,2,1,1,2,3,3,3,2,1,2,1,1,2,2,1,1,1,1,1,1,1,1,1,1,1,1,1,1,1,51,1,0,0
"104","Parent/caregiver",46,"3","Mother",8,"Female",0,0,0,0,1,"                                                                                                                                                                                                                                                               ","Primary school (mainstream)",1,1,1,2,3,3,3,1,2,2,2,3,1,2,1,1,2,2,1,2,1,1,1,1,1,1,2,1,2,2,3,1,1,54,1,0,1
"105","Parent/caregiver",45,"3","Mother",9,"Female",0,0,0,0,1,"                                                                                                                                                                                                                                                               ","Primary school (mainstream)",1,1,1,1,2,1,1,1,3,2,1,1,1,3,2,1,1,3,1,1,1,1,1,1,1,2,1,2,1,1,1,1,1,44,1,0,1
"106","Parent/caregiver",42,"4+","Mother",8,"Female",0,0,0,0,1,"                                                                                                                                                                                                                                                               ","Primary school (mainstream)",2,1,1,1,2,1,1,1,2,2,1,1,2,2,1,1,2,3,1,1,1,2,1,1,1,1,1,2,1,1,2,1,1,45,1,0,1
"107","Parent/caregiver",39,"4+","Mother",4,"Female",0,0,0,0,1,"                                                                                                                                                                                                                                                               ","Preschool",1,1,1,1,2,2,2,1,3,1,3,2,3,3,2,1,1,2,1,1,1,1,2,1,1,1,1,1,1,1,1,1,1,48,1,0,1
"108","Parent/caregiver",43,"2","Mother",7,"Male",0,0,0,0,1,"                                                                                                                                                                                                                                                               ","Primary school (mainstream)",1,1,1,2,3,2,2,2,1,3,2,1,1,1,1,1,1,1,1,1,1,1,1,1,1,2,1,2,2,2,2,1,1,47,1,0,0
"109","Parent/caregiver",37,"4+","Mother",5,"Female",0,1,0,0,0,"                                                                                                                                                                                                                                                               ","Primary school (special education classroom)",1,1,1,1,3,2,2,2,1,1,1,2,1,2,1,1,1,3,1,1,1,1,1,1,1,1,3,1,3,2,2,1,1,48,1,0,1
"110","Parent/caregiver",42,"4+","Mother",12,"Male",0,1,0,0,0,"                                                                                                                                                                                                                                                               ","Primary school (mainstream)",1,1,1,3,3,3,2,3,3,1,2,3,3,3,2,1,2,3,1,1,1,1,1,1,1,3,2,1,3,3,3,1,1,64,1,0,0
"111","Parent/caregiver",42,"4+","Mother",11,"Male",0,0,0,0,1,"                                                                                                                                                                                                                                                               ","Primary school (mainstream)",1,3,3,3,3,3,3,3,2,3,3,2,3,3,1,3,1,3,1,3,1,1,1,1,1,1,3,3,3,2,3,1,2,73,1,0,0
"112","Parent/caregiver",36,"3","Mother",5,"Male",0,0,0,0,1,"                                                                                                                                                                                                                                                               ","Primary school (mainstream)",1,1,1,2,1,1,1,2,3,1,2,1,2,1,1,1,2,3,2,3,1,1,2,1,2,1,1,1,1,1,1,1,1,47,1,0,0
"113","Parent/caregiver",35,"4+","Mother",4,"Female",0,0,0,0,1,"                                                                                                                                                                                                                                                               ","Preschool",1,1,1,1,1,1,1,1,1,1,1,1,1,2,2,1,2,2,1,1,1,1,2,1,1,1,2,1,2,1,1,1,1,40,0,0,1
"114","Parent/caregiver",37,"2","Mother",4,"Female",0,0,0,0,1,"                                                                                                                                                                                                                                                               ","Preschool",2,1,1,2,3,2,2,2,2,1,2,1,2,2,1,1,1,3,1,1,1,1,1,1,1,3,3,3,3,2,2,1,2,57,1,0,1
"115","Parent/caregiver",43,"4+","Mother",5,"Male",0,0,0,0,1,"                                                                                                                                                                                                                                                               ","Primary school (mainstream)",1,3,3,3,1,1,1,1,3,1,3,1,1,1,1,1,1,2,1,1,1,1,1,1,1,2,1,2,1,1,1,1,1,46,1,0,0
"116","Parent/caregiver",40,"4+","Father",6,"Male",0,0,0,0,1,"                                                                                                                                                                                                                                                               ","Primary school (mainstream)",1,1,1,1,1,1,1,1,1,1,1,1,1,1,1,1,1,1,1,1,1,1,1,1,1,1,1,1,1,1,1,1,1,33,0,0,0
"117","Parent/caregiver",40,"4+","Father",4,"Female",0,0,0,1,0,"Asthma                                                                                                                                                                                                                                                         ","Preschool",1,1,1,1,1,1,1,1,1,1,1,1,1,2,1,3,1,3,1,1,2,2,1,1,1,1,2,2,2,1,2,1,1,44,1,0,1
"118","Parent/caregiver",37,"2","Mother",4,"Female",0,0,0,0,1,"                                                                                                                                                                                                                                                               ","Primary school (mainstream)",1,1,1,1,1,1,1,1,1,1,1,2,2,2,1,1,1,1,1,1,1,1,1,1,1,3,1,1,1,1,1,1,2,39,0,0,1
"119","Parent/caregiver",53,"4+","Mother",15,"Female",0,1,1,0,0,"                                                                                                                                                                                                                                                               ","Other (please state)",1,1,1,1,2,2,2,2,1,1,1,1,1,3,3,1,1,1,1,1,1,2,1,1,1,2,2,2,3,3,3,1,1,51,1,1,1
"120","Parent/caregiver",35,"3","Mother",4,"Male",0,0,0,0,1,"                                                                                                                                                                                                                                                               ","Preschool",2,3,3,1,1,1,1,1,1,1,1,1,1,1,1,1,1,1,1,1,1,1,1,1,1,3,1,1,1,1,1,1,2,41,1,0,0
"121","Parent/caregiver",29,"3","Mother",8,"Male",0,0,0,0,1,"                                                                                                                                                                                                                                                               ","Primary school (mainstream)",1,1,1,2,3,1,1,1,1,2,2,2,1,1,1,1,2,2,1,1,1,2,1,1,1,2,1,2,2,1,1,1,1,45,1,0,0
"122","Parent/caregiver",37,"3","Mother",5,"Male",0,0,0,0,1,"                                                                                                                                                                                                                                                               ","Primary school (mainstream)",1,1,1,1,1,3,1,1,1,1,1,1,1,1,1,1,1,1,1,1,1,1,1,1,1,3,1,1,1,2,1,1,1,38,0,0,0
"123","Parent/caregiver",39,"4+","Mother",10,"Male",0,1,0,0,0,"                                                                                                                                                                                                                                                               ","Primary school (mainstream)",2,1,1,1,2,3,3,3,1,1,1,3,2,3,3,2,3,3,2,3,2,1,2,2,2,1,3,1,2,1,3,1,1,65,1,0,0
"125","Parent/caregiver",41,"4+","Mother",8,"Male",0,0,0,0,1,"                                                                                                                                                                                                                                                               ","Primary school (mainstream)",1,1,1,1,2,2,1,1,1,3,1,2,1,2,1,1,3,3,1,1,1,1,1,1,1,2,1,3,2,1,2,1,2,49,1,0,0
"126","Parent/caregiver",37,"4+","Mother",5,"Female",0,0,0,0,1,"                                                                                                                                                                                                                                                               ","Primary school (mainstream)",1,1,1,3,1,2,2,2,3,2,3,1,3,3,1,1,1,2,1,2,1,1,1,1,1,1,2,1,1,1,2,1,2,52,1,0,1
"127","Parent/caregiver",52,"4+","Mother",12,"Male",0,1,0,0,0,"                                                                                                                                                                                                                                                               ","Primary school (mainstream)",1,2,2,2,3,3,3,1,2,3,2,2,1,1,1,1,2,2,1,1,1,2,1,1,1,1,1,2,1,1,3,1,1,53,1,0,0
"128","Parent/caregiver",42,"2","Mother",10,"Male",0,0,0,0,1,"                                                                                                                                                                                                                                                               ","Primary school (mainstream)",1,2,1,2,1,1,3,1,3,1,3,1,1,1,1,1,1,1,1,1,1,1,1,1,1,1,1,1,1,1,2,1,1,42,1,0,0
"129","Parent/caregiver",56,"4+","Primary female caregiver",11,"Male",0,1,1,1,0,"Dyslexia                                                                                                                                                                                                                                                       ","Primary school (mainstream)",2,1,1,1,2,2,3,3,1,2,1,2,1,1,1,1,2,2,1,1,1,2,2,1,2,2,1,2,3,2,2,1,2,54,1,1,0
"130","Parent/caregiver",38,"2","Mother",10,"Male",0,0,0,0,1,"                                                                                                                                                                                                                                                               ","Primary school (mainstream)",2,2,2,3,1,2,2,2,3,1,3,2,1,1,1,1,2,3,2,3,1,1,2,1,2,2,2,1,2,1,2,1,1,58,1,0,0
"131","Parent/caregiver",41,"4+","Father",7,"Male",0,0,0,1,0,"Dyslexia                                                                                                                                                                                                                                                       ","Primary school (mainstream)",1,1,1,1,1,2,1,1,1,1,1,1,1,1,1,2,2,2,1,1,1,1,1,1,1,2,1,3,2,2,2,1,1,43,1,1,0
"132","Parent/caregiver",41,"4+","Mother",7,"Male",0,0,0,0,1,"                                                                                                                                                                                                                                                               ","Primary school (mainstream)",1,1,1,1,2,1,2,1,1,2,2,1,1,2,1,1,2,2,1,3,1,2,1,1,1,2,2,1,2,1,2,1,1,47,1,0,0
"133","Parent/caregiver",36,"4+","Mother",4,"Male",0,0,0,0,1,"                                                                                                                                                                                                                                                               ","Preschool",1,1,1,1,1,1,1,1,1,1,1,1,1,1,1,1,1,1,1,1,1,1,1,1,1,1,1,1,1,1,2,1,1,34,0,0,0
"134","Parent/caregiver",36,"3","Father",4,"Female",0,0,0,0,1,"                                                                                                                                                                                                                                                               ","Preschool",1,1,1,1,1,1,2,1,2,3,1,2,1,1,1,1,2,2,1,3,1,1,1,1,1,1,1,3,2,1,2,1,2,47,1,0,1
"135","Parent/caregiver",44,"2","Father",4,"Male",0,0,0,0,1,"                                                                                                                                                                                                                                                               ","Preschool",1,1,1,1,2,1,1,1,2,1,1,1,1,1,1,1,1,2,1,1,1,1,1,1,1,1,2,1,1,2,2,1,2,40,0,0,0
"136","Parent/caregiver",42,"4+","Mother",12,"Male",0,1,1,0,0,"                                                                                                                                                                                                                                                               ","Secondary school",1,1,1,1,3,3,3,2,1,2,1,3,1,2,2,1,1,3,1,2,2,2,3,2,2,1,2,1,1,1,2,1,1,56,1,1,0
"137","Parent/caregiver",43,"4+","Mother",10,"Female",0,0,0,0,1,"                                                                                                                                                                                                                                                               ","Primary school (mainstream)",1,1,1,1,2,1,1,1,1,1,1,1,1,1,1,1,1,1,1,1,1,1,1,1,1,1,1,1,2,1,2,1,1,36,0,0,1
"139","Parent/caregiver",36,"4+","Mother",8,"Male",0,0,0,0,1,"                                                                                                                                                                                                                                                               ","Primary school (mainstream)",1,1,1,3,3,1,1,1,3,3,3,1,1,1,1,1,1,1,1,1,1,2,2,1,1,1,1,2,1,1,2,1,1,47,1,0,0
"140","Parent/caregiver",36,"4+","Mother",5,"Female",0,0,0,0,1,"                                                                                                                                                                                                                                                               ","Primary school (mainstream)",2,1,1,3,3,2,2,2,3,3,3,1,3,3,3,3,1,1,1,1,1,1,2,1,1,2,3,2,3,3,3,1,2,67,1,0,1
"141","Parent/caregiver",55,"4+","Other",4,"Female",0,0,0,0,1,"                                                                                                                                                                                                                                                               ","Preschool",1,3,1,3,1,1,1,1,3,1,3,1,1,2,1,1,2,2,1,1,1,2,1,1,1,2,1,2,1,1,1,1,2,48,1,0,1
"142","Parent/caregiver",43,"4+","Mother",6,"Female",0,0,0,0,1,"                                                                                                                                                                                                                                                               ","Primary school (mainstream)",1,1,1,3,1,2,2,1,3,1,3,1,2,3,2,1,2,2,1,2,1,2,1,1,1,1,2,2,2,2,2,1,1,54,1,0,1
"144","Parent/caregiver",38,"4+","Mother",6,"Male",0,0,0,0,1,"                                                                                                                                                                                                                                                               ","Primary school (mainstream)",1,1,1,2,1,1,1,1,1,2,2,2,1,1,1,1,1,2,1,1,1,2,1,1,1,1,1,2,1,1,1,1,2,41,1,0,0
"146","Parent/caregiver",42,"4+","Father",4,"Female",0,0,0,0,1,"                                                                                                                                                                                                                                                               ","Preschool",1,1,1,3,3,2,2,2,1,3,3,3,1,2,2,1,1,1,1,2,2,1,1,1,1,2,2,2,1,1,1,1,1,53,1,0,1
"148","Parent/caregiver",38,"4+","Mother",8,"Female",0,1,0,0,0,"                                                                                                                                                                                                                                                               ","Primary school (special education classroom)",1,1,3,3,2,2,2,2,3,2,3,3,3,3,1,1,1,2,1,1,1,1,1,1,1,1,2,1,2,1,2,1,1,56,1,0,1
"149","Parent/caregiver",46,"3","Mother",8,"Male",0,0,0,0,1,"                                                                                                                                                                                                                                                               ","Primary school (mainstream)",2,1,1,1,3,1,1,1,1,1,1,1,1,2,1,1,1,1,1,1,1,1,1,1,1,1,1,1,1,1,1,1,1,37,0,0,0
"150","Parent/caregiver",34,"3","Father",8,"Female",0,1,0,0,0,"                                                                                                                                                                                                                                                               ","Early intervention/ASD preschool",2,2,2,2,2,2,2,2,2,2,2,2,2,2,2,2,2,2,2,2,2,2,2,2,2,2,3,2,2,2,2,3,2,68,1,0,1
"151","Parent/caregiver",43,"4+","Mother",5,"Male",0,0,0,0,1,"                                                                                                                                                                                                                                                               ","Primary school (mainstream)",3,1,1,1,3,3,3,3,1,1,1,2,1,1,1,1,1,2,1,1,1,1,2,1,1,2,3,3,3,2,3,1,2,57,1,0,0
"152","Parent/caregiver",40,"4+","Mother",9,"Male",0,0,0,0,1,"                                                                                                                                                                                                                                                               ","Primary school (mainstream)",2,1,1,3,1,2,2,2,3,2,3,2,3,3,3,1,3,3,1,3,2,2,1,2,2,1,3,2,2,2,2,1,1,67,1,0,0
"153","Parent/caregiver",58,"4+","Mother",16,"Male",0,1,1,0,0,"                                                                                                                                                                                                                                                               ","Primary school (special education classroom)",3,1,1,1,2,1,1,1,1,3,1,3,1,1,1,1,2,2,1,1,1,1,1,1,1,1,1,1,1,1,1,1,1,42,1,1,0
"154","Parent/caregiver",42,"3","Mother",5,"Female",0,0,0,0,1,"                                                                                                                                                                                                                                                               ","Primary school (mainstream)",1,1,1,1,1,1,1,1,1,1,1,2,1,1,1,1,1,2,1,1,1,1,1,1,2,3,1,1,1,1,1,1,2,39,0,0,1
"155","Parent/caregiver",43,"2","Father",4,"Female",0,0,0,0,1,"                                                                                                                                                                                                                                                               ","Preschool",2,1,1,1,1,2,1,2,2,3,1,1,2,2,1,1,1,2,1,1,1,2,1,1,1,2,1,2,2,2,2,1,1,48,1,0,1
"156","Parent/caregiver",40,"3","Mother",8,"Male",1,1,0,0,0,"                                                                                                                                                                                                                                                               ","Special education school",1,1,1,1,1,2,2,2,1,1,1,1,1,2,2,3,1,2,1,3,2,2,3,1,2,1,2,1,1,1,2,1,1,50,1,0,0
"157","Parent/caregiver",40,"4+","Mother",9,"Female",0,0,0,0,1,"                                                                                                                                                                                                                                                               ","Primary school (mainstream)",1,1,1,1,2,1,1,1,1,1,1,1,1,1,1,1,1,1,1,1,1,1,1,1,1,2,2,2,1,1,2,1,1,38,0,0,1
"158","Parent/caregiver",41,"2","Mother",11,"Male",0,0,0,1,0,"Brain abnormality rare diagnosed by MRI                                                                                                                                                                                                                        ","Primary school (mainstream)",1,1,1,2,3,1,1,1,1,2,1,1,1,2,1,1,1,2,1,1,1,1,1,1,1,1,2,2,2,2,2,1,1,44,1,1,0
"159","Parent/caregiver",40,"4+","Mother",5,"Male",0,0,0,0,1,"                                                                                                                                                                                                                                                               ","Other (please state)",1,1,1,1,3,2,3,1,2,1,1,2,1,1,1,1,1,2,1,1,1,1,2,1,1,2,1,1,2,1,1,1,1,44,1,0,0
"160","Parent/caregiver",38,"4+","Mother",7,"Female",1,1,0,0,0,"                                                                                                                                                                                                                                                               ","Primary school (special education classroom)",1,1,1,1,2,3,3,3,1,1,1,1,1,2,3,3,1,3,1,1,2,1,1,1,1,1,2,1,2,2,2,2,1,53,1,0,1
"161","Parent/caregiver",36,"4+","Mother",4,"Female",0,0,0,0,1,"                                                                                                                                                                                                                                                               ","Primary school (mainstream)",1,1,1,1,1,1,1,1,1,1,1,1,1,1,1,1,1,1,1,1,1,1,1,1,1,1,2,1,1,1,1,1,1,34,0,0,1
"162","Parent/caregiver",43,"4+","Mother",4,"Male",1,1,0,0,0,"                                                                                                                                                                                                                                                               ","Early intervention/ASD preschool",1,1,1,1,1,3,3,1,1,1,1,3,1,3,3,1,1,2,1,1,2,2,1,1,1,1,2,2,1,1,2,1,1,49,1,0,0
"163","Parent/caregiver",36,"4+","Mother",10,"Male",0,0,1,0,0,"                                                                                                                                                                                                                                                               ","Primary school (mainstream)",1,1,1,1,3,1,1,2,1,1,1,1,1,1,1,1,1,2,1,1,1,1,1,1,1,2,1,2,1,1,1,1,1,39,0,1,0
