"","age","female","ASD","ID","other"
"1",-0.753816853811896,1,0,0,0
"2",-0.426647075617877,0,0,0,0
"3",2.5178809281283,0,0,0,0
"4",-0.426647075617877,0,0,0,0
"5",-1.08098663200592,1,0,0,0
"6",0.227692480770162,0,0,0,0
"7",0.554862258964182,1,0,0,0
"8",0.882032037158201,0,0,1,1
"9",-1.08098663200592,0,0,0,0
"10",-0.753816853811896,1,0,0,0
"11",1.53637159354624,0,0,0,1
"12",-0.426647075617877,0,0,0,1
"13",0.554862258964182,0,0,0,1
"14",1.53637159354624,1,0,0,0
"15",1.86354137174026,1,0,0,0
"16",2.5178809281283,0,0,0,0
"17",-1.08098663200592,0,1,0,1
"18",-0.753816853811896,0,0,0,0
"19",-0.753816853811896,0,0,0,0
"20",-0.426647075617877,1,0,0,0
"21",-0.0994772974238574,0,0,0,0
"22",-0.0994772974238574,1,0,0,0
"23",-0.753816853811896,0,0,0,0
"24",0.227692480770162,1,1,0,0
"25",0.554862258964182,1,1,1,0
"26",-1.08098663200592,1,0,0,0
"27",0.227692480770162,1,0,0,0
"28",-0.426647075617877,0,0,0,0
"29",-0.0994772974238574,0,0,0,0
"30",-0.426647075617877,1,0,0,0
"31",0.882032037158201,0,0,0,1
"32",-0.426647075617877,0,0,0,0
"33",-0.426647075617877,0,0,0,0
"34",-1.08098663200592,1,0,0,0
"35",0.882032037158201,1,0,0,0
"36",-0.426647075617877,0,0,0,0
"37",-0.426647075617877,0,0,0,0
"38",1.20920181535222,0,1,1,0
"39",0.227692480770162,0,0,0,0
"40",-1.08098663200592,1,0,0,0
"41",1.86354137174026,1,0,0,0
"42",-0.753816853811896,1,0,0,0
"43",1.20920181535222,1,0,0,0
"44",-1.08098663200592,0,0,0,0
"45",-0.426647075617877,0,0,0,0
"46",0.227692480770162,1,0,0,0
"47",1.20920181535222,1,0,0,1
"48",-1.08098663200592,0,0,0,0
"49",-0.753816853811896,0,0,0,0
"50",-0.0994772974238574,0,0,0,0
"51",1.53637159354624,1,0,0,1
"52",1.53637159354624,0,0,0,1
"53",1.86354137174026,0,1,1,1
"54",0.227692480770162,0,0,0,0
"55",0.227692480770162,1,0,0,0
"56",-1.08098663200592,1,0,0,0
"57",0.227692480770162,0,1,0,1
"58",1.20920181535222,1,0,0,0
"59",2.5178809281283,1,0,0,0
"60",0.227692480770162,0,1,0,1
"61",-1.08098663200592,1,0,0,0
"62",-1.08098663200592,0,0,0,0
"63",-0.426647075617877,0,0,0,0
"64",-0.426647075617877,0,0,0,0
"65",-1.08098663200592,1,0,0,0
"66",1.53637159354624,1,0,0,0
"67",-0.0994772974238574,0,1,0,0
"68",-1.08098663200592,1,1,0,0
"69",-1.08098663200592,0,1,0,0
"70",0.554862258964182,0,1,0,1
"71",-0.753816853811896,1,0,0,0
"72",-1.08098663200592,1,0,0,0
"73",-0.753816853811896,1,1,0,0
"74",-1.08098663200592,1,1,0,0
"75",-0.753816853811896,0,1,0,0
"76",-0.426647075617877,0,0,0,1
"77",0.554862258964182,0,0,0,0
"78",-0.0994772974238574,0,0,0,0
"79",-0.753816853811896,1,0,0,0
"80",1.20920181535222,1,0,0,0
"81",2.84505070632232,1,0,0,0
"82",-0.426647075617877,1,0,0,0
"83",-0.753816853811896,1,1,0,1
"84",0.882032037158201,1,1,0,0
"85",0.554862258964182,1,1,1,0
"86",-0.426647075617877,1,0,0,0
"87",-0.426647075617877,0,0,0,0
"88",-1.08098663200592,0,0,0,0
"89",-0.0994772974238574,1,0,0,0
"90",-1.08098663200592,1,0,0,0
"91",0.227692480770162,1,1,0,0
"92",0.227692480770162,0,0,1,0
"93",-0.753816853811896,0,0,0,0
"94",0.227692480770162,1,0,0,0
"95",0.554862258964182,1,0,0,0
"96",0.227692480770162,1,0,0,0
"97",-1.08098663200592,1,0,0,0
"98",-0.0994772974238574,0,0,0,0
"99",-0.753816853811896,1,1,0,0
"100",1.53637159354624,0,1,0,0
"101",1.20920181535222,0,0,0,0
"102",-0.753816853811896,0,0,0,0
"103",-1.08098663200592,1,0,0,0
"104",-1.08098663200592,1,0,0,0
"105",-0.753816853811896,0,0,0,0
"106",-0.426647075617877,0,0,0,0
"107",-1.08098663200592,1,0,0,0
"108",-1.08098663200592,1,0,0,0
"109",2.5178809281283,1,1,0,1
"110",-1.08098663200592,0,0,0,0
"111",0.227692480770162,0,0,0,0
"112",-0.753816853811896,0,0,0,0
"113",0.882032037158201,0,1,0,0
"114",0.227692480770162,0,0,0,0
"115",-0.753816853811896,1,0,0,0
"116",1.53637159354624,0,1,0,0
"117",0.882032037158201,0,0,0,0
"118",1.20920181535222,0,1,0,1
"119",0.882032037158201,0,0,0,0
"120",-0.0994772974238574,0,0,0,1
"121",-0.0994772974238574,0,0,0,0
"122",-1.08098663200592,0,0,0,0
"123",-1.08098663200592,1,0,0,0
"124",-1.08098663200592,0,0,0,0
"125",1.53637159354624,0,1,0,1
"126",0.882032037158201,1,0,0,0
"127",0.227692480770162,0,0,0,0
"128",-0.753816853811896,1,0,0,0
"129",-1.08098663200592,1,0,0,0
"130",-0.426647075617877,1,0,0,0
"131",-0.426647075617877,0,0,0,0
"132",-1.08098663200592,1,0,0,0
"133",0.227692480770162,1,1,0,0
"134",0.227692480770162,0,0,0,0
"135",0.227692480770162,1,1,0,0
"136",-0.753816853811896,0,0,0,0
"137",0.554862258964182,0,0,0,0
"138",2.84505070632232,0,1,0,1
"139",-0.753816853811896,1,0,0,0
"140",-1.08098663200592,1,0,0,0
"141",0.227692480770162,0,1,1,0
"142",0.554862258964182,1,0,0,0
"143",1.20920181535222,0,0,0,1
"144",-0.753816853811896,0,0,0,0
"145",-0.0994772974238574,1,1,1,0
"146",-1.08098663200592,1,0,0,0
"147",-1.08098663200592,0,1,1,0
"148",0.882032037158201,0,0,0,1
