"X1","X2","X3","X4","X5","X6","X7","X8","X9","X10","X11","X12","X13","X14","X15"
-0.192878176026674,0.734409251556703,0.121735652271853,-0.974107722217856,0.193860168332158,-0.472012589022432,1,2,1,3,2,1,2,2,2
-0.363541366125746,-1.37925126740036,-0.73453508752672,-1.23187477368739,1.46872149218517,-0.118049464507183,1,1,1,1,2,3,2,1,2
0.243806592801354,0.116520671608081,0.441559237559519,-0.723631049481962,0.395298827554524,-0.0851528743675419,3,1,1,1,2,1,3,2,2
0.0508554569767698,-0.733342063345306,-0.646364330304226,-1.32861529415418,0.48045916353626,0.356210552422697,2,1,1,1,2,2,1,1,2
-0.805388884324362,0.985474427354799,-0.240400290051664,1.09118610561553,-1.53965871122847,0.337735454869205,1,2,2,1,1,3,3,3,2
0.369706368374563,-1.79776348839684,-0.344014809856683,1.04764517869243,1.21260624701384,1.67545486299855,2,1,2,1,2,1,3,2,2
-0.841383103036316,0.480348854778999,1.58991326706682,0.385591385663383,0.738422702915246,0.32009511633784,3,2,3,1,1,1,2,1,1
0.876724937548469,0.198631523364727,-1.04139800127568,-1.09278107457124,0.523744101806781,-0.743696396833486,1,2,1,1,2,1,3,3,2
-0.905597713865534,1.04716747605686,-0.705497301182295,-0.245035551567363,-0.136097663099684,0.25692258882477,1,1,1,2,2,1,3,2,2
0.372975052340087,1.20092973023834,-0.0855058267557188,-0.848242833898094,0.000624994413693006,-0.767888532210016,3,3,3,3,2,1,3,1,1
-1.70858308395934,1.24529250685672,0.55728367357668,0.794861039028852,-0.734519610551141,-0.204779254119271,2,3,3,3,3,1,3,1,1
0.256011314830956,1.33601763691697,-1.38221896261946,0.420959415358791,0.677782940273379,-0.32916512040894,2,1,1,1,1,1,2,2,2
0.541076106110687,1.63782863103177,0.256287057092435,0.839685372510556,1.28262818900464,-1.6324109520091,3,1,3,2,2,1,2,2,1
-1.53752906638813,-1.16259926640832,0.451641965333306,-0.511202356318645,-1.54864032338902,0.321540593126336,1,1,1,1,1,1,2,3,2
2.15557951024336,-0.790813477842843,0.168987619418657,0.210453736875124,-0.1662841591377,-0.895849830230386,3,1,1,1,1,3,2,2,2
-1.14000814946941,0.00100990825016595,0.168327761668041,-1.07734301236457,-1.19924015726751,0.970165052038393,3,1,1,3,1,1,2,3,2
-1.27132144923774,-2.12018311930023,0.699313448461121,-0.0421952138926517,-0.32960176556058,-0.961420819345074,1,2,1,2,2,1,3,3,2
-1.03828017155859,-0.118799156592581,0.443901573754984,0.119827780587298,-0.379662020670864,0.997538869981231,1,3,2,2,2,3,3,1,2
0.615454815015897,1.04016597473284,-0.20455220138371,1.52557249833529,0.684140870014865,-0.403922143514069,3,3,1,1,3,2,3,1,1
1.3810214325376,-0.806414138538214,-0.415550621445769,0.0494812497448213,-0.137120291626529,1.23953442983102,1,3,1,1,3,1,3,2,2
-1.12915269147109,-1.09844221198798,-0.178015452820983,0.519861559588993,0.393617618071766,0.622289698821006,1,1,1,1,1,1,3,1,2
0.0508082637815969,2.73403301894823,1.19049545015835,2.32101547575145,0.703729741314208,1.06341559338098,3,3,3,3,1,3,2,2,1
-0.870898805104474,-0.222940475372521,-1.55501627218227,-0.413652157982028,1.10745794495772,-1.07938093450279,1,2,1,1,3,1,2,3,2
0.000427866278046185,0.353758517329025,0.640860865662111,1.02427148670519,-0.0199737574608604,-1.31649046233664,2,3,1,1,2,3,3,2,1
0.273009911448824,-0.019318581102057,0.0761641483194551,0.0753340570161473,1.0127195068328,-0.176428883831771,2,2,1,2,2,3,3,2,2
0.222944862290025,0.428987526521258,0.722756577373884,-1.40788432158775,0.565574210369836,-1.38596274540285,3,3,2,1,3,1,2,1,1
-0.960733698468344,-1.03044592742538,0.0271347572882494,0.307214090765642,0.408049246697197,-1.94494141419767,1,3,1,2,1,1,2,2,2
-1.0495751985142,0.856401632265221,2.98693033588261,0.104749999305216,0.61404617478623,-0.220063388736803,2,1,3,1,2,3,2,2,1
-0.830322931857145,-0.173483330447747,-1.5784898712284,-0.910656729798264,1.17328534377476,0.175086741373187,1,2,1,3,2,1,3,1,2
-1.92799943361123,0.176477776290662,1.24144975397746,0.409806625475274,1.03357989243983,-0.446872173780766,1,1,1,1,2,1,2,1,2
-0.493081629127981,-0.284474273157217,-0.0672306959289134,-0.569245634592233,-0.296567128993584,0.468476844966928,3,1,1,2,3,3,3,3,1
1.09143895092748,-0.684529256701916,-0.5848388130298,1.79873350478738,-1.15971281703656,-0.185995878984401,2,2,2,3,1,1,2,3,2
-0.293273862205814,-0.641651939992403,0.121440768200364,0.728576837508161,-1.12327262685855,1.44400668019317,2,2,3,3,1,2,3,3,1
-1.14219015018434,0.0837575438501239,-1.86491965561771,1.34058135254629,1.16257255279924,-1.3518018097081,2,1,2,3,2,1,1,2,2
0.568473246794091,0.457972424488747,-0.175546602644799,-0.812472648673577,-1.01317423353695,0.646755878568632,1,1,1,1,2,1,3,2,2
0.264139865782961,-0.953083590707798,1.42978136706543,-0.673355947204269,0.0359523518816353,-0.490042002024628,2,3,3,3,1,1,2,3,1
0.618912624302333,-1.10845924201876,0.0703073705850734,-1.65180397194215,-0.949102263534727,0.430694050999572,2,1,1,3,2,1,1,2,2
0.770829240210804,0.87572088571033,-0.836498834542466,-1.02777792601292,-0.715155569509236,-1.91696000276182,1,1,1,2,1,1,1,2,2
-1.85425747249947,0.37605981591371,0.432072801638041,0.185539705686324,-0.262100494250465,1.6179072119069,2,1,1,1,2,3,3,3,2
0.529887355342357,-1.87654868535781,-0.0404107852318691,-1.20336930512085,0.254325910651727,1.78012693432122,1,2,1,2,2,1,2,1,2
-0.679434427458811,-0.370648842999145,0.187533099350487,0.182792735280432,0.722100852988005,-0.646387358865571,1,1,1,1,1,2,2,3,2
1.02003010440637,-2.18973322947977,-0.317745607134411,-0.731888270169291,0.858936666591619,0.38057062269461,1,2,1,3,2,1,3,3,2
-0.846371766655083,-1.03060867589439,-0.0250566251882317,0.839349122924885,-0.316739522172015,-0.239019420087987,1,2,1,1,2,3,2,2,2
1.11356629503181,-1.23954020141978,0.304035033379158,1.66654069487308,0.613563170372938,-1.88048170151711,3,1,3,3,2,1,3,2,1
-1.27799496273206,0.129669278455352,1.07937466907206,-0.851793628757981,0.175198059013896,-0.751863841778377,1,2,1,1,2,3,2,2,2
-0.907323511788944,-1.66797199563138,0.871452239949254,-0.00186567256507073,0.213372450750436,0.231295278857345,1,2,1,1,1,1,2,3,2
0.569074670591766,-0.301621877083729,0.934591643767671,1.23139290654569,-0.58364452831706,-0.2761390099693,1,1,1,2,2,1,2,1,2
-1.64658760112187,0.154622931208263,0.0842533162959272,-1.11518722095285,2.37362804617625,0.176991374781224,3,1,1,2,2,1,2,1,2
-0.815577152324094,0.226903116406248,-0.282321172044595,-0.587244360613299,-0.237576046783538,0.846031185537148,1,2,3,1,1,2,1,2,1
0.561287498669502,-0.946183276971982,0.34710590231238,-0.615839290781052,-1.87710708180636,0.265737857925861,1,2,1,3,1,2,2,3,2
0.40813846454201,-0.5623602913502,0.04378450003752,-0.536303628109978,0.980116927672004,0.460060442496874,2,1,2,1,1,1,2,2,2
0.17604234286653,0.0863584368366637,-1.83989603159237,-0.0519776552086134,-0.154601900125544,-1.40219193019075,1,1,1,3,1,1,2,3,2
-0.385776827867001,0.713221410035147,-0.867140521098265,-0.24121728359042,0.725373426703576,0.21766135333864,1,1,1,2,2,1,3,3,2
1.25794645810504,0.670999752494073,0.0848382303091579,0.685335883098052,1.30386750121,-0.540123569847502,2,1,3,1,2,3,2,3,1
-1.0366492445847,1.66103318737799,0.199947096695323,0.867840949799797,-0.761444948072859,0.0828357204134259,1,2,1,1,1,2,3,2,2
-1.86636979711855,-0.528445677201186,1.98016416121872,-1.31007405178824,-0.508048839246757,0.978968976774751,3,1,1,3,1,1,1,2,2
-1.17216498713772,-0.894609743559178,1.7987676048897,0.0223683344407086,0.481082152886802,-0.984117390596486,2,1,3,1,2,2,1,1,1
-1.31754521670824,-1.43444297193283,-0.43933513794245,-0.341836799362796,1.35828997920911,0.079501044449805,1,1,1,1,1,1,2,2,2
0.371174650407625,1.95582040037605,-0.691996344745179,-1.20184949262783,0.31775889596045,-0.765844448037693,3,3,3,3,2,1,2,3,1
0.397029143908183,-0.966788503255896,1.60069581679233,1.16029094739912,0.311595404872517,-1.08575091925316,2,3,3,3,3,1,1,2,1
-0.478744177541142,0.304013056383754,-1.12734457930315,-0.539304354031653,-0.97252068934766,0.224290966323892,1,1,1,2,1,3,2,2,2
1.19828913840927,-0.710578166830979,-0.502922497111094,-0.923461517290378,-0.221015970719275,-0.785752684485692,1,2,1,1,3,3,1,1,2
-0.709788752214464,1.54008640312824,0.276264818502059,-0.172951153584275,1.4450685501905,-0.676291932187594,1,1,1,2,1,3,1,1,2
-0.557288464978858,0.432828360095965,-0.336262754380193,1.05523526002751,0.000978056212998877,0.489114361267913,2,1,3,2,1,3,2,1,2
-1.20933982517461,1.09793896204254,-0.844540715677581,1.31698244443859,1.05296884847885,0.846211059284483,1,1,1,2,2,2,2,3,2
-1.62784362896528,-0.574683666575836,0.53268245614132,0.311074143547749,0.759593830517433,-1.47138399077481,3,1,2,2,2,3,3,3,1
0.989622050134275,0.154378634476826,-0.786233503334322,0.712685609840919,-0.737319915273858,1.6834276303715,1,1,1,3,2,1,3,2,2
0.784768482134993,-0.874095802004496,0.072296373389407,1.76389947188663,-1.72009975410474,-0.724362854522047,3,1,1,2,1,1,2,1,1
2.05859126358301,0.348556077233989,-1.13654919599937,-2.025388501504,-0.91198218718957,-1.53474257777796,1,1,1,1,2,3,3,1,2
-2.91737808723966,-0.482911653521652,-0.315401356318328,-1.39023598187784,-0.519673536746395,0.264334312078151,1,1,3,3,1,3,1,3,2
0.575633330410056,-1.01700907650305,1.48571607378418,-1.00438093442308,-1.99063257772096,2.06077592021741,3,2,3,3,1,1,2,1,1
-0.203789417796321,-0.522477895943166,1.60335974454116,-0.398875474892354,-0.331373136839914,-0.000635761098830654,3,2,3,3,1,3,3,3,1
0.219622095297697,1.44749526565785,-0.058095692119807,-1.56555530089597,1.56660482841487,-2.8376405470439,2,1,3,1,2,1,2,1,1
0.614820047833262,1.75896218865419,0.067228192161289,-0.393871891843177,-0.366446494443532,2.12649449811438,3,3,3,2,2,1,2,2,1
-0.0725252242750692,-1.65559628380489,-0.150473937312198,1.04080226321921,1.14069061527166,-0.953950646540821,2,1,2,1,1,1,2,1,2
-0.417144944755312,-0.82658056237826,1.21180317773605,1.99276674649451,0.0892954899476312,1.30841760612798,1,1,2,3,2,2,3,2,2
-0.0698195892494241,2.76557469204044,0.687517420338345,-0.684469337527729,0.217726095768491,-1.43987138114076,3,3,3,2,1,1,2,3,1
1.22638732001558,0.216734330197715,-1.24285334418534,-0.381039600385453,1.0920911308023,-0.211385440800533,1,1,1,2,1,1,3,2,2
1.6770209891116,-1.22496219724191,1.13766440090317,0.760014984745197,0.138946985513419,1.46009882147257,1,2,1,1,1,1,2,3,2
-0.565978796978502,1.73041580027287,-0.786189886118607,-0.227931742987676,1.45866611978289,0.525005775451576,1,1,1,3,3,2,2,1,2
-0.449527444761998,0.1884116270922,0.563718036896163,0.215274173735553,-0.272462825147812,0.920732115614146,2,2,3,2,2,1,3,3,1
-0.258468420738421,0.849733141878252,-0.0135028906706067,0.125757485805792,2.24904730143634,-0.625001122866401,1,3,1,3,2,1,3,2,2
0.477271597930082,-0.175128706300428,-1.73002673218913,-1.24616764230502,1.16643046766422,0.0786104228939665,1,1,1,3,3,1,3,1,2
0.653625275783385,1.3728020927091,-1.42600284790653,-0.049476505405776,-0.713211702940109,-1.14463094882322,1,1,2,2,1,3,1,3,2
-2.76042778555541,-1.33266402371671,0.871110665691722,-0.385009306193916,-1.9930730885682,-0.676503456895619,1,2,1,1,2,1,3,2,2
-0.183405133165571,1.14318563443265,0.414084522690279,-0.490650902011904,-1.26037745239409,-2.2976814914807,2,3,3,3,1,3,2,1,1
-0.866613303694457,-1.33966677995714,0.775736865733659,2.09975678997256,0.883766228590427,-0.10154844748482,1,2,1,1,3,1,3,1,2
0.855142792173309,-0.520782111476297,0.679741700876134,-0.0424461573758733,-2.81962000996874,0.434491421584684,1,1,1,1,1,2,1,3,2
1.87294240518886,0.320613311943223,1.11089963182516,0.0505144595800081,0.354638974640087,0.181495750279531,3,3,3,1,2,3,3,2,1
-0.0156091535393374,-0.110405044017264,1.46202067203007,-0.854788965031072,-2.42092850062408,0.739984597873345,1,2,1,2,2,1,3,3,1
0.534341623576789,0.404118380046325,1.50667110918169,0.970191000054693,0.487911875296413,-1.51056175291462,2,3,3,3,1,1,3,3,1
-1.44019961729818,0.578958692262864,0.67383069873947,-0.644972196798716,-0.0987744413911428,1.0165906777611,1,1,1,2,2,3,3,3,2
0.710322803014025,0.15769535392604,0.419240493512633,0.099955283472528,-0.161162051795091,0.983144165857415,1,1,2,3,1,1,3,1,2
0.382450288843937,-0.865493180872811,-0.302587551016825,0.143801484344402,-0.840042599685912,0.235581837456707,2,2,1,1,2,1,2,3,2
0.107616571345696,-1.26869935582412,-0.985613190874455,0.16513268427668,0.186307096867558,0.983466837152723,1,2,1,1,2,3,2,3,2
1.55077032088739,-0.187639454089378,-0.0876019386163364,-0.023438222282469,1.1099127350987,0.725874615152581,3,3,2,2,3,1,2,1,1
-0.120909396762913,1.19171010579264,1.08438675603476,-0.397821622017143,-0.936171839310506,0.527127792906851,3,2,3,3,1,1,3,2,1
-0.293313342071401,0.600265919178165,1.06144932046976,1.14854453476291,1.520631810892,-0.0808887731590413,3,2,3,2,1,1,2,2,1
-0.328502715512211,0.253729516402711,1.12764594290065,0.877890810498971,1.40588378744537,1.03043711222751,2,3,3,3,1,1,3,3,1
0.681409715473848,-0.0195390878194721,-0.10865760476266,0.28279944516026,0.761635505188699,0.397850018851777,2,1,1,3,2,1,3,1,2
-0.0454660075025707,-1.57123516084456,-0.413374361657523,-0.557076298354487,-0.633784587118392,-1.25370880179534,1,2,1,1,2,1,2,1,2
0.406099372996917,-0.454185771505208,0.850085779790652,-1.19176807533909,0.349064867499758,-1.72782657027566,1,3,2,1,2,1,2,3,2
-2.91899311158138,-1.21915134945146,0.0150524011916693,0.0604720353011641,-0.11409512802335,-0.0300875370726271,1,2,1,1,1,3,2,3,2
-2.66253229929935,0.755590545994021,0.899108134792363,-1.23181296090878,0.962646409579538,2.01832285159598,3,1,2,1,2,3,1,1,2
-0.627778906893259,-0.705935516914139,-0.0346427321714341,0.335154532098345,-0.272139357403998,-0.53741618355173,1,1,1,3,1,1,3,2,2
-1.1450682919103,0.00578802036558511,0.390377784222691,-0.139359755862989,0.455016097819274,-1.55045897944669,1,2,3,3,1,1,2,3,1
-0.526118769026605,-0.128443973726167,-0.859798073796983,-0.19559109958162,-1.9461556715289,-0.449364113346176,1,3,1,1,3,1,3,3,2
0.332950877160257,0.0603280532610123,-0.950271336644577,0.114537215892236,0.928987481414263,0.882170642951816,3,2,1,3,2,1,1,2,2
-0.106086074600258,1.43289390437943,-1.35041459568916,1.12955012228692,-1.65894716997891,-0.203747725551996,3,1,3,2,3,1,3,2,1
-0.835987329066162,-0.641347270892803,-0.375326749348866,2.04454998644747,0.417463742503818,0.356978192891369,3,2,2,1,1,1,3,2,1
-2.59934072700218,0.0547979041162642,-0.583753364726933,0.989686651036809,0.269909393001914,-0.488670712102562,1,1,2,2,3,1,2,2,2
0.122229821519828,-0.379338201960192,0.863310407643832,-1.53541024481617,0.752124794166021,-0.748968764472579,1,3,1,1,1,1,3,3,2
0.367635367891416,-0.722452186730535,-2.0382953392766,-0.032332324538688,-1.7051717153121,0.604023180020582,1,2,1,3,2,1,2,2,2
0.46642117182142,1.81413656448233,0.490020380326076,1.07608280070971,0.44701929959433,0.40426977479625,3,3,2,3,1,1,2,1,1
-1.43348236519102,0.781882467581959,-0.0392868147184896,-1.84524983207923,1.0850768826988,1.4289056490453,3,1,2,1,2,3,2,1,2
-0.291685552552166,-1.99487093587637,-0.347349224442319,-0.95116547667896,1.70606704533199,-0.234584736551704,1,3,1,2,2,1,3,2,2
0.880962697798427,-1.98985357304986,0.702864280223494,0.671213677182377,-0.820299285386927,1.3497174402774,1,2,2,1,3,1,2,3,2
0.457590036410171,0.350514550462132,-0.653256829274124,0.690718546504829,-1.54905613294605,1.9358865474403,3,3,1,3,2,1,2,3,2
0.0226709933229037,2.27736227589945,0.17958834943718,-0.609765068957661,-0.0700056227243491,-0.765594751248577,3,3,3,1,1,1,2,1,1
0.420002938090214,-1.04576338548631,0.460693244015433,0.285582933519959,0.744514155971076,-0.403405231790906,3,1,3,3,2,3,2,1,2
-0.944104444488177,-0.30348914690692,0.0427349940147926,2.52989677310929,0.643248040568627,0.519556830353422,2,1,2,2,1,1,2,2,2
0.344754609799091,0.0312049042303373,0.178814788409629,-1.27772124896007,0.00588167048393319,1.91114161321493,1,1,1,2,2,3,3,3,2
0.270454681816181,0.155210242396519,1.6602982712395,0.466249955267617,0.469241836904227,-0.420114525666897,3,2,3,2,2,1,3,1,1
-0.412966257252178,0.168975175904535,0.421411004534188,-0.779360788504061,0.18195388275757,0.540573612178132,3,2,3,1,2,1,1,3,1
-1.15855402725334,-1.9447623611112,0.350716976995746,-0.718409408336764,0.866817785539604,0.859613794581387,1,1,1,1,1,2,1,2,2
-0.0986793844027739,0.923832788810732,0.464444515108826,0.626823743777146,0.193509618049079,-0.332881615532651,3,1,3,3,2,1,3,2,1
0.672136334397797,-0.250954491129,-1.34259834726333,0.592675056294507,-0.460970416636357,0.0452053820852922,1,2,2,1,1,1,3,3,2
0.227632299089907,0.0353251302814669,0.711663076572734,-0.811460497532504,0.323237280238752,-0.447060450023499,1,3,1,2,1,2,3,2,1
0.00535589275835586,-0.478716407069897,0.816263541064031,-2.44832504687944,1.11045048262045,-0.339386628067496,1,1,1,1,1,3,2,2,2
0.18510476844233,-0.136829270216219,-0.642427115736371,-0.014505510286531,0.138719553470882,-0.947673763011661,3,1,2,2,1,1,2,2,2
-0.370477878209583,-2.85635332864513,0.259221613196104,0.737368925095817,1.25099052927776,0.565123396826215,1,3,1,2,1,3,2,3,2
-0.812245764431838,-1.00936633058743,-0.234506938979393,-0.655086101612461,-0.160974722910682,1.47990699371193,1,1,1,1,2,1,2,2,2
0.0506176216988398,-0.383384027076381,-1.60601910212622,1.03463425398116,0.563504262016977,-0.258244853534449,1,3,3,3,2,1,2,1,1
-0.301757896226679,-0.135284865480418,-1.32882668256439,0.207958347259251,-0.0082673955750707,-0.70478182574091,1,1,1,3,2,1,3,1,2
-0.932331966416127,-1.5329751774759,-0.216782962895631,0.977361261459581,0.226930079276948,0.906510045516436,1,2,1,2,2,1,3,3,2
-0.506737940397758,0.507023147004224,-0.0948629486884321,-1.62218514326668,0.129019530579531,-2.39228990374435,1,1,1,1,1,3,1,3,2
-0.110862265022235,-1.08178714346153,0.331323892591312,0.824769165841147,1.23918850417884,0.548835887814028,3,3,1,3,1,1,2,1,1
1.9184140819931,-1.58189810877995,-0.832847503851541,0.130470349118342,-0.102603078681574,-0.513156292660487,1,1,1,1,1,1,3,3,2
0.798620255076367,0.167249573524179,-1.56155451690011,-0.89574212086515,0.599663286219816,0.309722301300672,2,1,1,1,3,1,2,1,2
-1.32247833468062,-2.50423914137623,0.527972198318062,-2.37317935328174,-1.96611806010666,0.757244403548438,2,1,1,3,1,1,3,1,2
-0.136789832111195,1.69976027249968,-1.49588885563762,1.59965544288465,-0.11132575860328,-1.73393296835788,1,3,3,1,2,1,3,1,1
-1.34391207245818,-0.298984509028693,1.59743189435163,-0.735493660196796,0.522202465751614,-0.207627602521925,1,3,1,3,2,1,2,1,2
1.34610969183865,1.90648138323924,0.115222569181911,-1.30046378067568,-0.0464104665998347,-0.451112879992919,3,1,3,1,2,1,3,2,1
-0.660299771223299,-0.0496865252823445,0.651820670057915,0.552454082922706,-0.60072467086401,-0.0091482453317763,3,3,1,2,3,3,2,1,1
0.697572615824906,-1.25194964868719,-0.223845017513056,-0.850723047193013,-0.283335164542409,0.494955559120868,1,1,2,2,2,1,3,2,2
0.244631152555332,-0.411206090607278,-0.986940953126173,-0.118126041918682,-1.68469459704574,-0.509195222776677,3,2,1,1,1,1,2,1,2
1.0822889919552,0.377339604596623,0.2541442900425,-0.0131851839945397,-0.902617905007575,-0.204346658740958,3,1,2,2,2,1,2,1,1
0.334646831449757,-0.926347991083541,-0.182648130014808,0.0620584238405775,1.08722324345364,-0.831066978735547,1,2,1,1,2,1,3,2,2
0.687990041482303,0.7656520269072,1.59571379259222,2.17428807690576,0.81629946132208,0.193440675827124,3,3,3,1,2,3,3,3,1
1.09256365250395,-1.28207119119143,-1.44672023890716,-0.0292250355560149,-1.00186861116703,0.111681520882689,1,1,1,2,1,1,3,3,2
1.17176768955782,2.80014581667504,0.805089670165831,0.0758693690985646,-0.951277914572628,-0.260712658768068,3,3,3,3,1,1,2,3,1
-0.00478915616623636,2.52849770661093,-0.999484753131138,0.519542417902973,0.558566814874329,1.17201254031653,3,1,3,1,1,3,2,3,1
-0.819176613673159,0.50656433129662,0.670425084947707,0.957217719673782,-1.37746827969756,0.15686638748138,1,1,2,2,1,1,3,3,2
-1.19697373705724,-0.542173371483299,-0.253865751603826,0.0255592274094162,0.363558022863358,1.19203430886922,3,1,1,2,1,3,2,1,2
0.859048744917358,-0.402810199822763,-0.970841784296641,-2.09913328182736,0.430018244780201,-2.43740953611723,2,2,1,2,1,3,3,3,2
0.932352824609111,-1.39610666579988,1.02205663390849,-0.555259330497594,0.0937596938681897,0.19353131645459,3,2,3,3,1,1,3,2,1
-0.486861413733329,-1.36184433974432,2.20980171970268,0.38080961427609,0.914067063318923,0.766389009922837,3,2,3,2,3,3,3,1,1
-0.114472894197103,-1.46926101755397,-1.30552987378204,-1.96452321101746,-0.0139494334503123,0.240842956818785,1,1,1,3,2,1,2,1,2
-0.518633921447221,-0.194853133709165,-1.72062399745476,0.152940562565483,1.95368941405356,1.51471624976093,2,1,2,2,2,1,2,1,2
0.759957490081039,-0.83128599235325,0.353299854539841,-0.797052694353539,0.587926942351784,0.0115356391877226,1,1,1,1,1,2,3,2,2
-1.42781253785588,2.17567693244471,0.481988337539646,1.08946596552426,-0.149598488524514,0.364711050645671,3,2,3,2,1,1,1,1,1
-1.28321433674891,-0.91903794145038,1.97612176383997,0.353820711662662,1.12396660413416,-1.19441273688343,1,1,1,1,2,3,3,2,2
0.172473545503551,-1.22937958410556,-0.53978796770425,0.454682647143843,1.62174756381848,0.402483607697541,1,2,1,1,1,1,2,3,2
0.0352593730353858,-1.07957115773256,1.14877617342996,1.06524086368812,0.235064877270366,0.232272205704484,1,1,1,2,1,1,2,3,2
0.321779718533872,-0.279831970980986,1.21030517089793,0.969406936963404,-0.100342656698796,-0.282316993126275,1,1,2,1,3,1,3,3,2
0.0349377862201951,-0.201529418587981,0.293765402515343,-0.117728091027754,0.611824987586089,-2.00110088331891,2,2,1,1,2,1,2,2,2
0.0635805090893084,1.21341353587308,1.11328547120734,0.538178700638916,0.730293638690167,-0.678963585899164,3,1,3,1,1,1,2,2,1
1.05521022196592,0.782271066862977,-0.02193559351536,-0.140308153344579,-0.978330668651326,0.150205238531987,2,2,2,1,1,1,3,3,2
0.389569853908296,-2.3321190832787,-0.00875392662987515,0.441500504164688,-0.524714196287827,1.34093245504703,1,3,1,2,1,1,2,1,2
0.45018467146319,0.373712603491607,-0.158199389953857,1.43684140431106,-2.24160118306219,-0.102877976231765,1,1,1,2,3,3,2,1,2
-1.04963840701207,-0.595415935441139,1.01152210660281,1.3977409539258,0.696173744364478,1.5874442220917,1,2,2,3,2,3,3,3,1
-1.3581721803131,1.80484085024873,0.0107735968350188,-0.449066284437025,-0.0899202155832653,1.02459338787949,1,2,1,2,2,1,2,2,2
-0.683855879564853,0.933930717849723,-0.64365177408539,0.134891258040316,-0.0872781390488951,0.605745540632381,1,3,1,1,1,1,2,1,2
-1.59662687851931,-0.667817165053374,-1.44510565208257,-1.77224070351234,0.0708401728806137,-1.05721070570898,1,3,1,1,2,3,3,1,2
-0.687971695570968,0.791576927297815,0.833874442168298,-2.08744018041874,0.226635322361489,-0.656134730995681,2,1,1,2,1,2,3,1,2
-1.5675922474513,-1.2680839072668,0.257345841474836,1.36758055421239,-0.522989136393309,-0.581229463375242,2,1,1,2,2,1,2,2,2
1.84358261303258,-0.674361518847556,-0.96547944404886,-1.10124144306268,-0.486550820845201,-0.326710036913401,1,3,1,2,1,1,3,3,2
-0.0682214476388744,0.449137851822435,-0.0292904837176615,-0.447502999746684,1.55255660416505,1.66633932590464,3,1,1,2,2,1,3,2,2
0.160732058364873,1.02498880627652,0.891852407685886,-0.574248446059984,-0.327786293223903,-0.569708801799019,3,3,3,1,2,1,2,2,1
1.06464204311732,-0.636353771424513,-0.724574965253813,-0.462985227694475,-0.396139388713973,-0.947996248986596,3,2,2,1,1,3,3,1,1
1.18189742111158,0.24739530873654,0.387238954078131,-1.04473075594091,-1.0619751459658,0.0931577493387309,1,3,3,2,1,1,3,1,1
-0.469096902342379,0.0405418115931035,0.80531218867632,1.23582513275807,-0.962376552156953,-0.626234314381991,2,3,1,2,2,1,3,1,1
0.642507869030633,0.33157111716744,-1.97906800138657,-0.041479036607396,2.05959137090777,-1.54663562439605,1,1,2,2,2,1,2,3,2
0.534838417465298,-0.178179544381506,0.0397790937230305,0.469692852348173,-0.0673902712970776,0.909898078986071,3,2,3,3,1,1,2,2,1
-1.73545972690467,0.842478499131635,1.11129906426787,-0.0910905502756838,-0.750357684803782,0.236929689246971,1,1,1,1,2,1,2,2,2
-0.21214518376993,-1.08228972985837,-0.300860711967754,-0.996675166094552,-1.64681043234356,1.05506273661412,2,3,3,3,2,3,2,2,1
1.73624121681543,0.549732453344466,-1.87444390299731,0.118112728762674,-0.730426496141747,-0.155555980480408,1,2,3,3,2,3,2,1,1
-0.195664070479489,0.75870469125372,-1.78770318400491,-0.96060855457791,0.517488510255277,-0.0259417305292402,1,2,1,3,3,3,2,1,2
0.177421702919171,-0.487371965590175,-0.43364319337488,1.60932601858719,0.246242682124813,-0.296180549247218,3,1,3,2,3,3,3,1,1
2.70697454354691,0.909383375464689,0.212244324483794,0.35470503647564,-0.212028592664675,1.4947269742486,2,2,3,2,2,1,2,3,1
1.41169769512331,-0.190707277439381,0.865356270254701,-0.836445189212777,0.421281816255933,-0.529353828304644,1,2,1,1,3,1,1,2,2
-0.846346983324371,0.430464829844283,-1.14792796188465,0.720695358196364,1.10271535076722,-0.210615315046408,1,1,1,1,2,1,3,3,2
0.539478603988189,0.975326264039769,0.378513560089922,-0.724661333098284,-1.70303464177393,-0.0258073905484114,1,3,1,2,1,3,3,3,2
0.67381476030211,-0.222060225486346,0.285242949047593,-0.0926587100910208,-0.585855772133006,-0.466577985987178,1,1,1,2,2,1,3,2,1
-1.64002414247172,-1.13132425633614,0.029080471192703,-1.43746342240398,1.95650676933831,-0.178343330665968,3,2,1,2,2,1,3,3,2
0.347132456911276,1.38407750423912,-0.0542447392136231,-0.279487112533565,-2.04747796396354,1.44851842824488,1,2,1,1,2,1,2,3,2
0.828445004676807,0.178184969474084,-0.573462347351451,0.225448179329214,1.0213697261135,0.842259431783654,3,2,3,2,1,1,2,2,1
-1.67249089198395,-0.757730736910373,0.290701085010016,-0.837758727520017,-1.40148020759941,-0.646122645840304,1,3,1,3,1,1,1,2,2
-0.322511969067872,1.60641733181014,-0.164768251126505,1.17176503904862,1.24906632045762,0.318213225955116,2,2,1,2,2,2,3,2,2
-0.740386294692516,-0.116246140644495,1.25554122575736,1.8703916972124,-1.46523845129243,0.806896420787977,3,1,3,1,1,3,2,1,1
-0.0501047440735976,1.40598416804218,-0.24459043824196,0.76443221696067,-0.851813725102175,-0.73408489114083,2,2,3,2,1,3,3,3,1
-0.814358740367222,-0.0644438563958336,0.333272121707708,1.44012372550048,0.33323944026663,0.216787074034619,1,1,3,3,2,1,1,1,1
-0.291266077544109,2.36397417156321,1.03068186462505,0.944395367260317,0.183522220259716,-1.3983377540339,1,2,1,1,3,3,3,3,2
-0.177219602474604,-0.129110370861941,-0.604389642585833,-0.590409524101691,-0.90895552577612,-0.134301822715158,3,2,2,2,1,1,2,3,2
0.116074055543646,0.151325893435592,-0.955018770420357,-0.293765829487565,0.802004711810409,1.21687658351141,3,2,3,3,1,2,3,3,1
1.41267782862803,-0.831235077919043,-1.07054151356163,0.353229434271004,-0.123317609369704,-0.424756976055195,3,1,1,1,2,1,3,3,2
0.34934884028348,-0.674422602584467,0.0429730762826163,-0.553975425324487,1.40077082011033,-1.18687246531243,3,3,1,3,3,1,3,2,1
-1.48963419655796,0.635487147263854,0.528735139100611,0.365829564226282,0.222826833643851,0.685372552289032,1,3,3,2,1,1,2,2,1
-0.845099837243059,1.31099547023482,-0.543803689629466,-0.918889397030313,0.462780329492823,-0.580863501795333,2,1,1,1,2,1,3,1,2
0.0292373995690742,0.540660029605291,-0.898104184936075,-0.968689332261039,0.139507591824281,-0.610151995657453,1,2,1,2,3,1,2,1,2
-1.20244123821402,-0.517976317821049,1.95538853547364,0.0977913253386463,0.167191394243165,1.64865396987419,3,2,3,2,2,1,2,1,1
0.771377634296522,0.872887520336185,-0.498782591053781,-0.466674017920966,-0.885582238839994,-0.516135197894907,2,1,3,1,1,3,2,2,1
2.28799445451009,1.00533442571998,0.467245247697614,-0.0925251973314279,1.1979888866144,-0.376585251379097,3,3,2,1,1,1,3,3,1
0.240611245421497,1.04586568223789,-0.672508940346021,2.13008170486273,0.159060140664494,0.453065372369381,2,3,3,3,1,1,3,1,1
-0.158872339628388,-0.360690841478587,1.44310309479317,0.381153606548584,0.591753048366441,-0.66642177382311,3,1,3,1,1,1,3,1,1
-0.48054622027665,0.433844199379533,-1.87280800377521,0.4588317799198,-0.83031005899224,-1.56317554320157,3,1,1,1,2,3,3,1,2
-1.84827495176132,-1.6185282931116,1.13471369499669,0.125457264919444,-2.18500354263914,-1.42973281723542,2,1,1,2,2,1,2,1,2
-1.10086846458942,-0.434044544369555,0.742455441586798,-0.976472055905709,0.0851545471658022,0.820337450999199,1,1,3,3,2,1,3,2,2
-1.05346145401289,-1.87593210849876,0.73936376622183,0.541118688765693,-0.320422231948743,-1.71219941151037,2,2,1,3,3,1,2,1,2
-1.26682513487667,-1.3079305431309,-1.02468697545475,-1.8936560685468,-0.636211893109615,2.36942191103159,1,1,1,1,2,1,3,1,2
1.09672936723882,0.0546143876900209,-0.837931214389157,0.900183544216152,0.37669066451008,0.0514510421582028,3,2,3,3,1,3,1,1,1
-0.0215114749847777,0.796359175371933,0.517062707376797,-0.315826303206018,-0.20695688422063,-1.47989932437496,2,3,1,2,1,1,2,3,1
-0.64820742217766,0.905876460169002,1.12609584918166,0.445390399442698,-0.345228441306449,1.90096011134195,3,1,3,3,2,3,2,3,1
0.958291603134665,0.305219084823614,1.14350721762825,0.52635020228413,0.953667451785396,-0.564197974942287,3,3,3,2,1,3,3,2,1
-0.487019206266967,-1.41321867720761,1.52507701420006,-1.31476200160758,0.188360007277415,1.35642438914942,2,3,1,1,1,3,2,1,2
-0.660960353282551,-0.479454397430469,-0.0429604664318312,-1.00876761816801,-0.0381051692614218,0.329045275898417,2,1,3,1,1,1,3,2,2
-0.675998136715583,0.952366035133098,-0.191158913419163,0.383733315647123,0.236509195373994,0.96893252586149,1,1,1,3,1,1,2,3,2
-0.504006811588312,0.0867880651096301,0.0714657019280065,0.571873472354606,-1.4417555556135,1.08494875193269,3,1,2,2,1,3,2,2,1
-2.19902552096816,0.86557961677723,-0.963002410399094,-0.0336616852647939,-1.32173466693817,-0.4883695192045,3,1,1,1,1,3,2,1,2
-1.4598058735958,-0.180005914065715,-0.765647336926205,-2.34091993380364,-2.17591617433129,0.149122594918383,1,1,1,2,2,1,2,1,2
-0.750951788091408,-0.62246743243761,1.38450395192934,0.235389166271486,-1.01583380993127,1.72609912553356,1,1,1,1,1,1,2,3,2
1.08428012263901,-1.28709847508591,1.59924579109282,-0.869571156143586,-0.040541932879435,-0.190551399685826,3,3,3,2,2,3,2,1,1
-0.0282931188466247,1.37602180941423,0.169163794425105,0.752931715093362,2.18066136427309,-1.49473447194453,3,3,3,3,2,3,3,3,1
-2.56087651939027,1.32664066222406,-0.432302280613588,-0.778921319924192,0.719361410628624,1.32328929181941,3,3,1,1,1,2,3,2,2
1.55969274390905,-1.55058001092582,-0.822352123005785,0.387873423588729,0.734823725287302,-1.96397341233964,1,1,1,1,2,1,3,2,2
0.128699675135908,-1.82215025348517,-0.849097668966046,0.463320807306913,-0.982947200590076,-1.63312119301791,1,1,1,3,2,1,3,3,2
0.37331354616027,-0.25321113336273,0.337644090087107,1.00463000669242,-0.566098130531277,-2.42916139551858,1,3,2,1,1,1,3,1,2
-0.564520806021652,-0.790295602105463,0.37652949935285,0.900134663098913,2.512597221742,1.1078175511385,1,2,1,1,2,1,3,2,2
0.227121123793355,0.926572509831367,-0.337895970506278,-2.19881767081956,-0.0813182397431526,-0.678629643266191,3,2,1,2,1,1,3,1,2
-2.09917430665014,-0.230109524227895,1.6036446319986,-0.33398195411178,-1.25121990035266,-0.224938977987066,2,1,3,1,1,1,1,3,2
-1.27478395760545,0.799802901673167,-1.06091836710186,-1.23824653316246,0.763033024536196,-2.02169859434519,1,1,1,1,2,1,2,2,2
1.68427929077734,1.50930805981076,0.862836092670349,-0.678863078939893,0.86471811111908,1.29791813450081,2,3,3,3,1,2,2,2,1
-0.722979537835729,1.46584880615867,-1.19428426350813,1.9019667732009,1.09865452083933,-1.49923534511717,1,3,1,2,1,2,2,2,2
0.779323967837441,-1.24853003079206,-0.642624960854542,-1.57621654702982,0.357212580444759,-0.435052534416974,1,1,1,3,1,1,2,2,2
-0.176835146198387,-0.48486396942596,1.15882493325422,-0.847405921569521,1.26042591416812,-0.247352737946289,2,1,1,1,2,1,3,2,2
-0.0838958010487112,0.0177095547328156,0.077080988277969,-0.113000818933646,0.608683133699188,-0.286515420085352,1,3,3,3,1,1,2,2,1
-0.440031880257007,-1.73535549909339,-0.690406785764522,1.36425052313836,0.374229526164929,-0.647662423030084,1,1,2,1,1,3,1,1,2
-0.336246877946148,-0.585297233773286,0.635634134563952,0.187828131107554,-0.985029042568669,0.0354675297577142,1,2,1,2,2,1,2,2,2
-0.672829707707975,1.21130222495533,0.658292193098729,-0.166596728516495,0.454229612509894,0.700873900992421,1,2,3,2,2,1,2,3,1
-0.809240496175313,1.30746067495394,-1.16637971865321,1.21186550093251,-0.473278360738972,-0.770015933295095,3,3,3,2,2,2,3,1,1
-0.540681165386527,0.191308888601263,-0.139554298249351,1.51342295760568,0.790227857255976,-1.30629707910558,1,1,1,2,2,1,2,1,2
0.436670052386199,0.127917602043748,0.394933240821966,0.715067919069057,1.34817707297284,-0.537879274391167,1,2,3,2,3,1,3,3,2
0.675145582438059,-0.824352157620866,-0.271211246346755,0.327093677315783,-1.46113712175106,1.32229941295985,1,1,2,1,2,1,3,1,2
0.247502265292497,1.62358567838917,0.131214614866299,0.492641998934474,0.389849589765366,-1.06664758317844,2,3,2,2,2,3,2,3,1
-0.750438448778746,-1.90984147378285,1.25104378286045,1.46455647927138,-0.516795312373804,-0.226571877534954,1,1,1,1,2,1,2,2,2
0.778211964480831,0.805762583833827,-0.837626854435972,0.134320498542927,-0.998969664520361,-0.706764768809262,3,2,2,3,2,1,2,2,1
-0.64031504467417,0.0660190596435411,0.746714102336921,-0.739009829245046,-0.70232690232096,1.98396059029655,1,2,1,2,2,1,2,1,2
0.24021909153953,-2.34971051872733,0.46341181932809,-0.266330289664437,-1.02788165943095,-0.109292647861347,1,2,1,2,1,3,3,2,2
0.852144662438836,1.65969270423123,-0.492891571186118,-1.70959641540018,1.66396202152784,-0.169076447888842,3,3,3,1,1,2,1,3,1
-1.14600325550751,1.30446637890991,0.156622049357234,0.388009526741911,1.25616163916097,1.4189573941535,1,2,2,2,1,1,1,1,1
0.239646594680601,1.13548117673769,0.87333599987734,0.193224953589339,0.310524064855665,-0.510124043248222,3,3,3,1,1,1,2,1,1
1.96020433548354,0.22143309250551,-0.842707301390071,-2.52542421083379,0.72585949007318,-1.36390926020907,3,1,2,2,2,1,3,2,1
0.134713936649121,-0.996102785762399,-0.916931592446934,-2.61996710673465,1.05500815628855,1.74877171205884,1,1,1,3,2,1,2,1,2
0.639731566009861,0.383309434669163,-1.3055646020534,0.924264965680841,-2.34407127438251,-1.31579099550197,3,3,3,3,2,1,3,3,1
1.35450487373958,-2.79154505754534,-1.45527198905119,0.963232313944346,0.953654232988203,-0.74062537565634,1,1,1,3,2,1,2,2,2
-0.021845190892155,-1.88742562158403,-0.189922176396682,-0.281902466062297,-0.531000356514373,-1.49900076914084,1,3,1,2,3,2,2,3,2
-0.652241651577104,-1.3594557158952,-1.3222902746484,0.928571821008261,0.140082765761014,-1.04465820460257,3,1,1,1,3,1,2,3,2
0.905043720126878,-1.24111405441511,-0.874378517611296,0.397285526072904,-1.93817225317077,0.869523238264763,1,2,3,2,2,1,2,3,2
0.280792259450447,-1.66806223324081,0.301176699537798,-1.10317057056576,0.0774386883707899,-1.42541151668714,1,1,1,1,1,1,3,3,2
-0.0597073623392279,1.67406553089251,1.12074600300473,-0.882021819826977,0.846699912116975,-0.4844616272088,3,2,1,1,1,1,2,1,1
0.170917655399671,2.23063184305681,1.97882931846402,-0.425163159753597,0.60036982088019,0.432928617825989,3,3,3,1,2,1,2,3,1
-1.03285380031738,-1.19743001602599,0.666432914814853,0.256874756703411,-0.164456977683194,0.0953748621235494,1,2,1,3,1,3,3,1,2
-0.497404176209902,1.5755663910244,-0.442959327445891,1.39912149089744,0.228285917481644,-1.23674684523227,2,1,1,1,1,1,3,3,2
-0.112420578042792,-0.0326599489826507,-0.32259834861905,1.42586554824182,-0.3297374810349,-1.8159654543211,1,1,1,2,2,3,2,1,2
0.804334242344925,-0.0996245902551125,0.293258171565333,-0.136544067562255,-0.371553165405384,-3.89421575423696,3,2,1,2,2,1,1,2,1
-0.809013081246494,2.45459575491931,1.99173536131413,0.293432836165239,-0.912524982482461,-2.24732980852931,1,3,1,3,2,1,2,1,1
0.815915022432515,-0.733876810840854,0.00425745575874449,-1.07935362006813,-1.60042095344999,0.426862451243962,1,1,2,1,2,1,2,1,2
-0.738667966857425,-0.39313157905051,-1.15739249434024,-1.49214311621331,1.22991260805971,0.360681899609334,1,2,1,2,1,3,3,1,2
-0.00474765359754897,-0.24889599262713,-0.0413608572725567,0.0457337075065642,0.0552713662408813,1.12779067629929,3,2,3,2,2,1,2,2,1
-0.0404914669059326,0.102009874789134,-1.45121222190811,0.655777225894781,-0.458307333417753,-0.994003848481411,1,1,1,1,1,1,2,2,2
-0.157085325703457,0.262957282950914,-2.15657381118293,-0.674334494228944,0.123421738855872,0.7755143838198,2,3,1,1,1,1,2,3,2
-0.137543558997043,-0.296144033946166,1.05003643752566,-0.419999088089973,1.67585971111491,0.134140361675683,3,1,1,1,2,3,3,3,2
0.71731708784424,-0.418089618420849,-0.380111294645204,-0.510591225059527,-2.57879285793415,0.314454720075011,3,1,1,3,2,1,2,1,2
1.19886451652187,0.684440675419965,-0.563086750216572,0.989195185119926,1.12031582032781,0.118155410064506,3,2,1,1,1,1,3,2,1
0.362203512277144,-0.520889986057224,0.71769078173185,0.419478302959647,1.3260037131567,0.818148587120234,3,2,3,2,2,3,2,2,1
-0.455999363451329,-0.508880870192267,1.24868428215648,-0.0245374747765304,-0.152208887014217,0.333021775806466,1,3,2,3,1,1,3,3,1
2.83627540657995,-0.476285561897831,0.183519182436398,0.65547363239049,-0.322938032624302,-0.0123642996313918,1,1,3,2,2,1,2,1,1
1.41490963342353,-0.675386131235366,-0.0137994379914281,0.139057451643334,-0.458649127180471,0.146793334567699,3,3,3,3,1,1,2,1,1
-0.151206456936822,-0.61508723032827,0.402760222722451,-0.0316837601602803,-1.08438228456632,1.43268770729636,1,1,1,2,3,1,2,1,2
0.650959309426103,-0.145658333659879,-0.195451488660436,1.07204474999979,0.650713842353685,-0.0237248768267708,3,3,3,2,2,2,3,1,1
-0.796537176074652,-0.546154385811824,-0.189036481562106,2.50586628332417,-0.0625073513067015,-0.618759888424269,1,1,3,2,2,1,2,1,2
0.294177071293647,0.177405294027264,-0.0204973511981876,-0.982704662158595,0.741899219933042,-0.53033217133957,1,3,1,1,1,2,2,2,2
-0.915256746703767,-0.104986051845077,1.01877294325841,1.75865576350325,-1.44782989731265,-0.596790244398259,2,1,1,2,2,1,2,3,2
-0.626648802640783,-0.181964552533998,-1.39060292647232,0.926912825282614,-1.38898294846147,-0.736406409174623,1,2,3,3,2,2,3,2,1
-2.53289153860637,-0.856160527630158,-0.216589822252734,1.89552309159366,-0.554036403609808,-0.920648645254397,2,3,1,1,2,1,3,2,2
-0.0977922887809192,0.558847837026609,1.09398402024436,0.0897571238478977,0.0947023903220898,-0.691229313278149,2,3,3,2,2,3,3,2,1
1.90903289990528,0.0482039657094153,1.05664274381748,0.181376274738504,0.115129031812485,1.09557065932697,2,1,3,2,2,1,3,3,1
-0.481038155074682,-0.251829510927859,1.27490970185711,-0.140969777084096,-0.758006770597957,-0.0074934996347488,3,1,1,2,2,1,3,3,1
0.787632769594868,-0.0159694540212491,0.808556674313968,0.304384085551995,-0.455842649351586,-0.626296173625077,3,2,1,3,2,1,2,1,1
-0.421114217416376,-0.73330982463128,-2.38947889713085,-0.26737090598083,0.379060906244611,1.01654877569786,1,1,1,1,2,3,2,2,2
1.07818096328738,-0.671340995962492,-0.704124894459432,-0.680850647011255,0.395080049108784,-1.61765102192888,1,1,1,2,3,2,2,1,2
-0.301987779548234,0.382005885059079,-0.19584010164436,0.930520515041707,-0.642206877215985,0.579758624813556,1,2,1,1,1,1,3,1,2
-0.219656556458263,-0.0937904156489229,-0.388549714516464,0.993345493124848,-0.31300454990813,-1.93858561601624,1,2,1,1,3,3,3,3,2
-0.487570289016537,0.554916404363655,-0.671344828094554,-0.8677320890948,-0.0118192348674872,-0.60759990629369,1,2,3,3,1,1,2,1,1
-0.330643746658995,-0.212903812380406,0.762819333986596,-0.2908200212625,-0.738595491505572,1.72595893298484,3,3,3,1,1,1,3,2,1
-0.824546951367731,0.867421003180566,1.47717959589052,-0.859554559819712,-1.09877278007815,0.362078060931027,1,1,3,3,2,2,3,1,1
0.187826424881978,0.285898887521961,1.20136971465549,1.06326600669366,2.37467758657611,-0.600992936916906,2,3,1,3,1,1,1,1,1
1.65545151580225,1.52554967956908,2.21901396183992,0.115457278109221,0.026539212763582,0.942515302982193,3,2,3,3,1,3,2,2,1
1.15516117943836,-1.21470462744857,-0.788267146218124,1.14930101900696,1.21839241171716,0.169163440577665,2,1,1,2,2,1,1,3,2
-1.04193795064048,0.666960469757664,0.810171738759366,-1.74028341162066,0.173385483945439,-1.3966323801765,1,1,3,3,1,1,3,3,2
1.30713735610442,0.308251815862927,-1.05177900113291,0.903711193917175,0.116090653664142,-0.796580366316417,2,2,1,1,2,1,3,2,2
1.01758086953736,-1.88162964088492,0.77067718898037,0.0317278577358103,-0.906632418463785,-0.747005297812333,2,3,3,1,2,3,2,3,1
0.314980976931777,-1.50394240321091,0.545007654189029,0.866744813391475,-0.538780797382264,-0.636646599012904,1,2,1,1,2,1,3,2,2
0.332062151612235,0.440707706563012,1.0131322181498,-0.378368201171761,0.669388774196883,1.379991098958,1,1,3,3,1,1,1,3,1
0.679904813248422,0.506636779167715,-0.0595291188369699,0.351442397552397,-0.975181243704713,1.29947660381525,1,1,3,1,1,1,1,3,1
-0.564729860991662,-0.236123998492854,-0.0172946887279403,-1.24987245123246,0.290256830597172,-0.0613970648947293,2,3,2,3,3,3,3,3,1
-1.65013669169966,-1.0442651602516,1.17398168856365,-0.108635291268567,0.179805227657679,0.96337324675159,1,1,1,3,1,1,2,1,2
-1.51440328582832,-0.0511367874509776,-1.31762410367382,-0.285323452539263,1.77841113308194,-0.741978738899852,1,1,1,1,2,1,2,1,2
-0.366845981782083,-0.390782369289793,-0.375401828372617,1.12524817720175,0.159576275517929,0.0983087164211427,1,2,1,2,2,1,2,3,2
0.841922205266231,-0.0724507364537357,1.29339257819587,0.163783900806353,-0.958797589241299,0.350928711218051,3,1,1,3,1,1,3,1,1
0.609069646177394,0.633137873651796,0.0562067179823256,-0.194113163377267,-0.961132577398453,-0.895678322864879,1,2,1,1,1,1,2,2,2
0.360522657910223,-0.129427057781905,2.46565266040937,1.42230401532833,1.03709447546344,0.917486127471673,1,1,1,2,2,3,2,3,2
0.443052800642842,2.12120861392145,-1.01807165323345,0.421097319186336,0.287947516531449,1.08230139797636,3,2,3,1,1,2,2,1,1
-0.361671461507011,-2.32125834997716,-0.536675619239424,-1.24145372872412,0.194855801947479,-0.0482760963791436,1,1,1,1,1,1,2,1,2
-1.07172249441869,0.993003487679294,0.276952109325009,-0.329356576934631,-0.453598660308291,0.701273165019684,3,2,1,3,1,1,2,2,2
0.20107168838147,0.0286646913978666,-2.79001552327459,-1.43470393084667,0.441270079642372,-0.712371483432073,1,2,1,2,2,1,3,3,2
0.921263128519724,-1.27923459276745,-1.90056724785875,0.818624467197082,-1.32560702714361,1.33514878269286,1,1,2,2,2,1,3,2,2
0.222655082527607,-1.08185140734589,0.893625714426963,-1.89592552799111,-1.46976448729097,1.02183535938709,3,2,1,2,3,1,3,3,2
0.651882708887815,-0.597098959618173,-0.737387533818139,0.47260622357378,-1.70781271782712,-0.000338198485446677,1,2,1,3,1,1,3,1,2
0.0467917795595392,-0.323025626816628,-0.518294592913191,0.30018563841806,0.25771115360299,-0.538003625403055,1,3,2,1,1,1,1,2,2
0.870109588485816,-0.539601387599963,-0.861623525176524,0.0465579833389749,-3.00354355075494,1.0090516904878,1,1,1,1,3,1,2,2,2
-0.348095683621678,-0.255265538720379,-0.229288491866782,-0.65051560886395,-2.25445939981544,-0.0345260431295825,1,2,2,1,1,1,2,3,2
-0.507958741702839,0.0825227544991349,0.386098053501972,0.346440207317787,-1.55848690539226,1.15512338540644,3,3,3,2,1,1,3,3,1
-1.86632718116413,-0.60330452173247,-0.238446746574358,1.30773264377444,1.11330569555901,0.686664323005725,2,1,1,3,2,1,3,2,2
-0.486028678511075,-0.0502514357491149,-1.99789171137963,0.0424627833991246,0.192076334410742,-0.0213152373170621,1,1,1,2,2,2,2,3,2
0.0477015290506077,1.85701836750085,0.705794835714411,1.76865235791252,1.25731279072685,-0.681601804253786,3,2,2,2,2,3,3,1,1
-1.27310631529914,-1.29768872680391,-1.26596081795629,-1.00993334674785,0.211381302214328,-1.05647727605376,1,3,1,1,1,2,3,1,2
0.0779272507075184,2.24744794653457,-0.327285019184676,-1.12426113231672,-0.451948744752802,-0.785297087288813,1,2,3,1,3,1,1,1,1
-1.38632082837661,-0.783173909577233,2.03533587443942,0.566372168417658,0.841236138631197,0.189334956906923,2,2,1,1,1,1,1,1,2
0.537473238470996,-1.2266767377869,-1.31204894166508,0.0262486937240951,-0.445345989277151,-0.620602377129555,1,1,1,2,2,3,1,2,2
0.477541193378223,0.781244388739646,0.125660470110394,-0.282009952718037,2.48169218997636,1.24161953045986,3,3,3,1,1,1,3,1,1
0.150816997719069,0.526854652956694,-0.847374127584497,-1.20452807026754,-1.96141260102263,-0.743240532798163,1,2,1,3,1,2,2,3,2
0.154274061698829,-0.494371074554398,0.589045190577496,1.88005619342213,-0.741955708127903,-0.603088841196618,1,2,3,3,1,1,2,1,1
1.47225784431724,1.10710629612121,-0.654167606971949,-1.38881255089148,-0.303584614446502,-0.810023554193572,3,2,3,3,2,1,2,3,1
-0.620230815134507,-2.33195441721862,0.638372489672503,-1.57587540339793,0.962785041262666,-0.0525161938785183,1,1,1,1,2,1,2,1,2
-0.937983357261035,0.452586182309567,0.0782732789995302,-0.693385130730209,-0.0660327482347245,0.300387432283159,3,3,3,3,3,1,3,1,1
0.418398666216126,0.599995199642323,-0.826502451662061,0.16073009059291,-0.236639961894347,-0.345868966576453,2,2,3,2,2,1,3,2,1
-0.121531481678849,1.48615701867123,0.465528437030627,-1.17013017172934,-0.282908578943106,1.18050972420469,3,3,3,1,2,1,2,2,1
-1.47271016182902,0.381717530338997,1.33174114697153,-0.740705039260978,2.50744359313405,-0.0410233449475144,3,2,3,3,1,1,3,1,1
0.726604258708578,-1.71305403566918,0.246478508103104,-1.54934480091215,-1.82876231165764,-0.301088033096284,2,1,1,2,2,1,2,1,2
0.810152263846795,-0.269463292554858,-0.424119606133945,-1.21749917359348,-2.17521410899087,-0.782452322562368,1,1,1,2,2,1,3,3,2
-0.971594609399819,-0.303185518532457,-0.294688937424332,0.0499237532554598,-0.844973474244414,0.609672482438288,1,3,1,1,1,1,3,3,2
-0.733576207768245,1.98769718424344,1.34449368280888,1.02392657070783,0.453959592980942,0.673958882367409,2,3,1,2,1,1,1,3,2
0.331533047078258,0.27792049193438,0.492661566726928,0.916605274861226,1.20278302241682,-1.11911580651917,1,1,2,3,1,1,3,1,2
0.236517987543144,1.40242340026822,1.18857137451204,-0.790179666199784,-1.44052284843502,0.828470929625855,1,3,3,1,2,1,3,2,1
-0.405957949908376,0.561212347838913,-0.880436141769637,-0.40527335443532,0.782831555989067,-0.228250339024198,2,2,1,2,2,3,3,1,2
-1.70387960929103,-0.356107470759098,-0.468799811423095,-0.240294276008756,-0.142578023806775,-1.33254273563885,1,1,2,3,2,1,3,1,2
0.387458205492051,0.0946914262307793,-2.55818471014889,-1.13193857971695,-1.68649678846947,0.405693151609259,2,3,1,2,2,1,1,1,2
0.418814101145481,-0.735251567320854,-0.727221293313736,-0.0518727239903591,-0.650890772347529,0.0195403861938335,1,1,1,2,2,1,2,2,2
-1.95202550936855,-0.70118335416494,0.232092791300763,-0.651836753634469,-0.515823207790113,-0.363094498110267,2,2,3,2,3,1,2,2,1
-0.53611888934183,-0.297104719640364,0.0353049130079818,2.01266044806203,-0.819238373478089,1.60628060697868,1,1,1,3,1,1,2,3,2
0.352317385022081,-0.0115260336195178,0.886050749497684,-0.365254064664139,2.42411809739431,-0.116495998536426,1,2,2,2,2,1,2,3,2
0.426927604076288,-0.291309664851024,-0.170247228007852,0.206130390586953,-1.70480223916128,0.10245646727136,3,3,3,3,1,3,3,2,1
1.93404843186018,0.53105845424468,0.947954437325179,-0.554585264865182,2.82833503685554,0.389758083061345,1,1,2,1,1,3,2,1,2
-0.341350242435748,0.126303224351675,-0.232493388098458,-0.921234739011224,0.528687983053926,-1.94550432103045,2,1,1,2,3,1,2,2,2
0.626389298561042,2.01873890273345,-0.809432430948096,0.222939154546873,-1.19981792478031,-0.855676556367769,3,3,3,3,2,1,2,2,1
-0.491126501793577,-0.577356782611666,0.594958971621286,0.368043852870179,2.21983568538236,-0.212042146540168,3,3,3,3,2,1,2,2,1
0.354597128611557,-1.47168817224589,-0.312382075942514,-0.580015287943186,-0.680556396425225,0.168274087700121,1,1,1,3,1,1,3,3,2
0.430404292407997,1.81380991375382,0.25561881518695,0.517443381532284,0.314803852951288,1.21078082738461,3,3,3,2,1,1,2,2,1
0.554364371747558,-0.135492071990292,-0.177714767344961,0.461097549365062,0.153342710504077,0.807610617479073,1,2,1,2,1,1,2,1,2
0.682660436015605,-0.256354800977048,-0.718085526738697,-0.491179042417805,1.03026791203744,-0.963840722279509,1,1,1,2,1,1,1,1,2
-0.48511033292738,0.1975516751163,-0.0166409201704148,0.979257978960216,1.79196670945163,1.34212562881027,3,1,3,3,2,1,3,3,1
1.28061171496113,-0.871764995987976,-1.14930439620188,-0.169214691890585,-0.680800393072764,0.836422792108927,1,2,1,3,1,1,2,1,2
-0.500250014283386,-0.364287685337012,-0.520439186594931,-0.364190279647555,-0.165659977589773,1.64958329673935,1,2,1,1,2,1,2,1,2
-1.17464317069986,-0.527121211515362,0.804249955292396,-0.818363171191878,0.611683505435057,-0.481508013411636,1,2,1,1,1,3,2,1,2
1.09959989591318,0.67977622179623,-0.362955006219786,0.903379794888437,-0.955995653527452,-0.936197488315175,2,3,3,2,2,1,3,2,1
0.900705232652004,0.022184168760344,-1.08401598305558,0.49644346742532,-2.51262316205085,0.405893248131452,1,2,1,1,2,1,2,2,2
-2.24273226662276,0.177090368442744,0.592596073262525,0.535473287828286,-0.857563242071669,0.226151576732561,1,2,1,3,1,3,2,3,2
-1.01371932643134,1.12951694924824,-0.153742852027625,0.999312707205774,-1.43577918246634,-0.110914556856579,3,1,3,3,1,1,2,3,1
3.9062512958956,1.69894847477466,0.316266362682501,-0.567697294068917,-1.95374711257442,0.401750016156936,2,2,3,3,2,1,2,2,1
1.72101921967541,-1.6616188388757,0.77139213637898,0.250520543098767,-1.12138300268572,0.787213237261812,1,1,1,1,2,3,2,1,2
0.0531846741747595,0.303378151928854,0.434876292238767,0.550008840472299,1.13360625627225,-0.13934162739254,3,2,3,3,2,1,3,1,1
-1.45538917640695,-0.464065865434461,-1.17568643038353,2.36723801163277,0.355415775585885,0.827575567990541,1,1,1,1,2,1,2,3,2
-1.11448107948244,-2.69352872383465,-0.942596181216762,0.293047283334007,-0.471235287008645,-2.15697838776498,1,1,2,2,1,1,3,1,2
-2.03570783833172,-0.272976915660678,-1.51885198695927,-1.04655780094408,0.7151735214872,0.816264125563176,1,2,1,1,1,1,2,3,2
0.270292466387295,-0.507088889360441,-0.0064729771162931,-0.24202316351612,1.13864192994281,1.46081229078985,3,3,2,2,2,1,2,3,1
0.744348808644734,-0.156049510688096,-0.376186901205706,1.61225343184166,-0.354732499263562,-0.902190849645034,3,1,2,2,3,3,3,1,1
-0.80693188119933,-0.518673326169561,0.497828746959022,0.39236925336606,-0.461100185861325,0.681681755428253,2,3,3,2,2,1,2,1,1
-0.97212822584835,-0.355888459732019,-0.474919536298985,0.0934688509873035,1.51181995651014,0.603705271602882,1,2,1,1,2,1,2,1,2
0.889925856984697,1.88491508668872,0.490926927325222,0.354761924384714,0.541477649015056,-0.806849609581719,3,2,3,1,2,1,2,3,1
0.971633521631433,-0.470669625828504,1.54128293774572,-1.1722629584789,-0.114550105621713,1.97765058336133,1,1,1,2,3,1,1,2,2
1.15607445784437,0.63946267500181,-0.101198487663907,0.601050889619195,-1.01613341286839,-0.994693277473324,3,2,3,1,2,1,3,1,1
-1.01178949756899,-0.302830110925548,0.574145323637192,1.7015285653197,2.05122071259819,-1.34653544111087,1,3,1,3,2,1,2,3,2
0.880212329296694,-1.0960210376051,-1.00450399604816,-1.44577630817801,-0.330976422782371,0.476011583888089,1,1,1,1,2,1,1,1,2
1.23016817238015,0.640014052021552,-0.564252155461036,-0.0967814245298912,0.445937494066217,1.35568411082326,2,3,2,1,1,3,2,3,1
1.29402395711723,-0.22224892270917,-1.58166523006107,-1.15460099231488,1.23054905340567,-0.907463687529041,1,1,1,2,2,3,3,3,2
0.0635437671921735,-0.761266152723949,0.683747273164324,1.29012024348335,2.06871220691848,-0.159844028093597,1,2,1,1,1,1,3,2,2
-0.602427492792588,0.727061436297746,-0.752928532223287,-2.00450456485121,1.03718195349946,0.366282314873047,1,1,2,2,2,1,2,2,2
0.395105398390453,0.0900469030548746,-0.175105142479748,1.80137439313376,0.321931784899712,-0.356483739434998,1,1,1,1,2,3,3,1,2
-0.212630097381918,-0.247238531436567,0.762663318841515,0.591530262776252,-0.502946660866459,1.12042445532878,3,1,1,2,2,1,2,1,2
0.109008865569194,0.331049212288096,0.131533355032337,0.712964445034949,0.983591186680156,-1.61732345269983,1,2,1,1,1,3,2,1,2
0.84694532185136,-1.13348477494503,1.59033812962039,0.459786345334307,-0.0363482803124132,-0.0806721853751722,1,1,3,2,2,1,3,3,2
-0.280878730598679,-1.52302204162978,1.1609814967598,-0.302467502452357,-0.351470666785908,-1.8993802164911,3,2,3,2,1,1,1,1,1
0.41932586829172,-0.902813612119551,1.92345158371584,-0.656124726431387,-1.03496136043637,0.341091171797866,1,2,1,1,1,1,2,3,2
1.33254582177303,0.55305296220937,0.0637673610297762,1.50177359683011,-2.47441041772697,0.495333522967313,3,2,3,1,2,2,3,3,1
0.274988085229028,-0.465527727134207,0.547141041991313,-2.1114667231107,-0.793064111576396,-0.569062344636713,1,3,2,2,2,3,2,2,2
-0.344192124515558,-0.783727052295627,0.0479958878103444,-0.0514138215012805,0.29396280338611,-0.375279755775586,3,3,2,2,1,1,2,2,1
-0.042223713891493,-1.15752938694617,1.50397050557366,-2.0603264801219,0.271466416804399,-0.427085677151797,2,1,1,1,2,2,2,3,2
-0.748457737840989,0.411336548689069,0.0560344340096106,-0.99337543327028,-1.91693713056491,-1.42060149717151,1,1,1,1,2,1,3,1,2
-0.310348871495483,-1.77171394339229,-0.165943291875698,1.1437321210759,-1.5072184153822,-0.290302889591592,1,3,1,1,1,1,2,1,2
0.0589448237468967,1.26810753713012,-0.11320745955166,-0.428336982687856,0.931811638609202,-0.0370262598942978,1,1,2,2,1,1,3,2,2
0.471025778204262,-0.0669139290771302,-0.969700575721471,-0.907947104649474,1.30918881453394,0.523686347127993,3,1,1,2,2,1,3,1,2
0.00350883819720608,0.317018539186516,0.873816416307898,0.119464737551962,-0.419148456628849,-1.34222752586341,1,1,3,3,2,2,3,3,1
-1.07903138369507,0.547846454226581,-2.01202986166426,0.853024664226684,0.602432237824718,-0.880450944141757,1,2,1,2,2,1,2,1,2
0.566896187780208,-0.801265397736285,-1.37465464659157,1.23736480296938,-0.0344445794268043,0.696696770682885,1,2,1,2,2,1,3,1,2
-0.82872110451196,-2.22365474249755,-0.155359999835434,-1.79531200567993,-0.359192106336464,-0.542641365744719,1,2,2,3,2,1,2,3,2
1.81689613088566,0.504548997453,-0.471187661304682,-0.751189220413225,1.407987950557,0.473309503751008,3,3,2,2,2,3,3,3,1
-1.61561505929713,-0.0412356282220573,-0.251216037521192,-0.518615401209339,1.04000115329116,-1.37449397423036,3,3,3,2,2,1,3,2,1
-1.21572182451695,-1.51070849096842,1.20056275243699,0.783601577204565,1.1715935184785,-1.10687369380483,2,2,1,2,2,1,2,1,2
0.278337741135122,-0.908101545592681,-0.0792870993103664,-0.295031624729466,-0.799024529528855,-0.635009725371483,1,2,1,1,2,3,1,3,2
0.90014652881482,0.619043061706081,0.912310639149264,-1.44203155137716,1.38262115350428,0.722244187640495,2,3,3,2,1,3,3,3,1
-0.782626183436387,-1.26784879777584,0.712322009681752,-0.0615201080778527,0.130556109834167,-1.21434030784845,1,1,3,1,2,1,2,3,2
-0.0981644418459022,0.0854596674504706,-0.979466507921302,1.56490702409016,-1.04895308888382,1.90905651162051,1,1,1,2,1,1,2,1,2
-0.235368916016938,1.57316256358345,1.39471886079252,0.0516111659683128,-0.544078458003066,-0.585652517181053,2,2,3,3,1,1,2,3,1
-0.521218317025223,-0.182762552270672,-0.0283087648487062,-0.833107972308571,0.743240476687117,-0.276493703513965,1,1,1,2,1,1,2,1,2
1.25007469288072,-2.52532929328498,-1.40788487136997,-0.125643043520933,0.410085394407793,-0.155063324075213,1,1,1,1,3,1,2,3,2
-0.16375278079338,0.488318427188397,0.980372194420717,-0.0263334162169125,1.38573934042763,-0.653026753570102,1,2,1,2,1,1,3,2,2
-1.69409421649383,0.0782129145280934,-1.34232152608389,-0.746718120814834,0.186436872341131,0.616823076167956,3,1,3,1,1,1,3,2,2
1.08132179455291,2.06340442465977,0.0482902629655744,-0.34176016321285,-0.392794381160069,-0.185012438530748,3,3,3,1,1,3,3,1,1
0.0872291943692787,0.499671286430449,-0.198063479600361,-0.909552668118421,-1.12884227997663,-0.704085281744185,1,1,1,1,1,3,2,1,2
-1.12578202183943,-0.208899066153525,-0.0369292800836263,-0.967267832679593,-1.8525021710168,0.00445442878883327,1,2,2,1,2,1,2,2,2
0.26077299009338,0.201217607171576,-0.0431476502099145,0.102014488662625,1.10946958715055,-0.38790730703137,1,1,1,3,2,1,2,1,2
0.813250131711133,-1.25399198928347,-1.27698438429479,-0.215470150219673,-0.375531993120496,-1.01381136982807,1,1,1,2,1,1,2,3,2
-0.594512724728474,0.233285397752779,-1.088473529635,0.340210503783605,1.37128902039846,-0.0124587014421142,3,1,3,1,1,1,1,2,1
0.181416144635008,1.55256871502727,-0.830850188580103,-1.05367240805957,-0.0862175653575918,-0.951868589976837,1,1,1,2,2,1,2,2,2
0.455468743274909,1.42607228796628,-1.20784267124536,0.12567256208817,-1.77889669070382,-0.228157791068849,1,3,3,1,1,2,3,1,1
-2.07797055825504,1.46776289407538,-2.76840402964562,0.0271696362475204,0.92090784722097,-0.990499024056053,3,1,2,3,1,1,3,1,2
-0.222718522412235,-1.80497467412414,-0.343663402119772,0.675513914825058,-1.09923419801932,1.63650352699995,3,3,1,1,2,1,2,3,2
0.0318390846927504,0.96579037429748,2.07858206436465,2.91524245418216,-2.3378302850383,0.132846042992329,3,3,2,1,2,1,2,1,1
0.860803080999776,0.623200770421809,0.250878992192368,-2.54602155029983,1.62429588507382,1.54847067653944,1,1,1,2,2,3,3,3,2
-0.422075615631724,1.5072724724876,0.882514255962741,-1.30285350637108,0.956026217229165,0.429359515372944,1,1,1,2,2,1,3,1,2
1.47817807926411,-0.592951885280588,0.0586412430738183,1.06011557168083,1.7347504468011,0.875769292655499,2,1,1,3,1,1,2,3,2
-0.28408335394452,-0.519456971060958,-0.767255707664844,0.189872631350558,-0.807724200960479,1.25007651557328,3,1,1,1,1,1,1,3,2
0.365248687453502,0.250961285496912,-1.66610462810421,-0.967427438339688,0.436796428624085,-0.778256602031047,1,1,1,1,1,1,3,1,2
0.19192267843041,2.46586197749233,-1.60506250568588,-0.0510855935828277,-0.169806224592297,-0.147971071370242,2,1,3,2,2,1,2,2,1
0.321058724243513,2.2905991301433,1.56944237149459,0.798671138582703,-0.552931507774088,0.936294166069345,1,1,3,2,2,1,2,2,1
-0.843309538495025,-0.54756205805266,1.80164886581228,-1.70043478975026,-1.53356715941378,-1.06420926891124,1,2,1,2,2,1,3,3,2
1.14617228648493,0.976876550494936,-1.25345956885694,1.71759808636821,-0.899734660075935,1.42086501228108,3,3,2,2,2,2,2,3,1
-0.864950072157843,-0.879554854336346,0.502817669514293,0.562101876165958,-1.53720552692578,0.115325125723769,2,1,1,3,1,1,3,3,2
1.06971659465716,0.844090165545724,-0.841928045554634,0.931417409477591,-2.09957471950338,0.835767814216989,2,2,1,3,1,1,2,1,1
0.103214902940888,1.3227826510176,-1.55529554753796,1.94107045687113,-0.251571242891862,-0.732322509028809,3,3,2,3,1,1,2,2,1
0.904782125343712,0.383159914948646,-0.634656540570007,-2.21597032461599,0.46782341407667,-0.198503084240798,1,2,1,2,1,1,2,3,2
-1.0613863069867,0.892363530463282,-0.435362805126797,-0.174939901753756,-0.169938330537919,-0.0589706187318796,1,1,1,3,1,1,3,2,2
0.730534637254176,-0.921575658494347,1.19168631581181,1.01347525795905,-0.642049529500247,1.49003710431651,3,2,3,3,1,1,2,1,1
1.66523501778424,0.827008052124353,-1.22401596929547,1.14226373786646,-2.20908001792895,-0.31966418881127,2,3,3,1,2,1,2,1,1
-1.62614947876152,0.398509968460121,-1.18236799390081,0.693868421474096,0.26451115466701,-1.31310903900474,1,1,1,2,1,1,3,2,2
-0.748325547527214,0.656146507130552,0.771977299622118,0.282669919726994,-0.153916493736558,0.27185314484404,3,2,3,3,1,1,3,3,1
-1.06469617491801,-0.421870228057703,-1.52347130686837,-2.63739204396768,0.0951831739150143,0.37056334781381,2,1,1,1,2,1,2,2,2
0.493103078098247,0.280038998583409,1.44383484417005,-1.05614702659651,-1.46354477162539,1.593506081222,1,1,3,1,1,1,2,1,2
1.72754752454207,-0.77644044843196,0.0219814001913428,-0.803906776233133,1.98524688762395,0.493121040965807,1,1,2,1,3,1,2,2,2
1.02148725645542,0.355279311579687,-1.68942802896969,-0.758391182579967,1.7526508345159,-0.984724593522419,2,1,1,1,3,1,1,2,2
-0.460904251766688,-1.34967059725179,-0.862936343196876,1.09526418560323,-0.368968616973605,-0.509086240791992,1,1,1,3,1,1,3,3,2
0.597823091828516,-0.723697126376837,-0.530848325255197,-0.441515395301082,0.914034689019318,0.779612156648532,2,1,1,2,3,3,2,3,2
1.98174691995206,1.01471571021739,0.680340674458437,0.0392495940887187,0.612586608342886,-0.751139747007609,3,1,2,2,2,3,3,3,1
-0.863751695745908,-2.04568877570509,1.59316928026328,0.0847630983076474,0.529498456708356,2.14014484119952,1,2,1,1,1,1,2,1,2
0.0219935301861919,-0.067930553659764,0.776242098331352,0.379990707670448,0.272489917648405,0.779606243255498,2,3,1,1,1,3,2,3,1
-1.48746601339744,0.999255608283606,-0.123290663758907,-1.15896196961163,0.811271819842368,0.058241308075164,3,3,1,1,2,1,3,1,2
0.0330516681698837,0.413192779528092,-0.642591259568256,-0.159266681537565,2.8159452392729,0.664615968131363,1,3,1,1,2,3,2,2,1
0.0358300514964789,-1.3918003348464,1.26497834623248,0.00365240470710845,0.524827264694405,2.13419270988891,2,2,3,3,1,1,1,1,1
-0.848937304351647,0.808789096470521,0.668432315805695,0.375020786500004,0.723620444073318,-1.71659272066375,2,2,3,2,1,1,2,1,1
-0.0803499738629935,1.54475707368386,0.614169952113696,1.39232030041468,-1.18099888714655,1.27459331980637,3,2,3,2,2,3,2,3,1
-0.972403253525953,-0.055096887562963,-0.469223183767385,1.03713038245791,-0.784205353676579,1.19999797634375,1,2,1,3,2,1,3,2,2
-0.346458432901735,-0.340690579014064,-0.212001948974748,0.191907165544766,-0.0907343833102216,1.29843745128622,3,3,1,3,2,1,3,3,1
1.05363011676765,0.520904047413175,0.722177789240819,-0.0459805784267308,0.313891863957856,-0.691130020782537,3,2,3,3,2,1,3,3,1
-0.868968585221406,-0.358112803739402,0.488614239849772,-0.0675052341793761,-0.221859487341214,-1.64807624748474,1,2,1,1,2,1,3,3,2
-0.101011721567861,-0.831521478820918,1.0179359381698,1.1458601964377,-1.34365635591644,-1.54884419559622,1,2,1,2,1,3,1,3,2
-0.899282036393338,-0.841021605868939,-0.938518113703576,-0.744825487374843,-1.27065386781954,-0.867855315742127,1,2,1,1,1,1,2,2,2
1.30495426804012,1.12430058240842,-0.0448844550213804,0.406568203231049,-0.372106544746351,0.867700079897945,3,1,3,3,1,3,3,3,1
-0.627411213125562,-2.50269484827384,0.579671283718208,-0.399176100832532,-0.312610299122277,1.10109081519697,1,2,1,2,2,3,3,3,2
0.931242966341625,0.223210513181763,0.2733777265365,0.90911233045959,-1.6857100189565,-2.24854011721757,3,1,2,3,1,1,3,1,1
-0.0883891252300227,2.01577373351382,0.543657846606321,0.622086800194454,-1.21218065611365,0.00223459644301999,2,3,3,2,1,1,2,2,1
-1.07861133766213,0.97687428599378,-0.495271171629784,1.0232752166014,-0.459314502232354,1.65518731243425,3,1,1,1,1,2,2,1,2
-0.234600189050426,0.124559917945428,0.148436322225347,-0.176863358597668,-1.63039611050772,-1.40819437873789,1,2,1,1,2,1,3,3,2
-0.288850868100251,-1.93155849811902,-0.282360541798521,1.00835190270141,-0.382441521094438,0.0351789409838056,1,3,3,1,1,1,3,3,2
1.44044920017431,-0.396899668811434,-0.0465590253143471,0.406472329199526,-2.33225567834586,0.495958463592774,2,3,3,1,1,1,3,1,1
-0.887674321548102,0.229924312636909,-1.95789949179674,-2.19072211303667,-0.425232160868957,1.75215697230482,1,2,1,1,3,2,1,1,2
-0.123568977329977,0.766030377764203,-0.119813355427413,0.397413064457245,-0.534144741015142,2.17515527988908,1,2,2,3,2,1,2,2,2
-0.713896468078505,-0.585728387629957,0.518693396702948,-0.0457972187730048,2.04823031384683,0.719073334252503,1,1,2,2,2,2,2,1,2
-0.209707990739157,-0.690807583660072,-0.640480014836522,0.998063259346752,-0.322019663192129,0.702325149207387,1,3,1,1,2,3,2,2,2
-0.273503502165333,-1.858097683164,0.486736029330885,-1.37589828335187,-1.39888414956198,0.260988033558418,1,1,1,3,1,2,2,3,2
1.76216080096889,0.35756505415779,-1.55635215368676,-0.0340886509288167,-1.24278789762868,-0.395370484709589,2,1,1,2,1,1,2,3,2
2.4787409826732,-0.756105218552138,-1.54959795009257,0.417467933265271,0.597697269194621,0.616807780449683,1,2,1,1,1,1,2,1,2
2.56789859199234,0.782792244320853,-0.396507516692762,-2.10578566980661,-0.087209874916612,-0.858375855669837,3,3,3,3,2,2,2,1,1
1.21183562943897,0.483165115720945,-2.24757307455636,2.25452180857723,-0.67166273152749,-0.341030800225462,3,1,3,2,1,1,3,2,1
1.30776552163686,0.0185373258656172,-0.076388546177943,0.461939370076098,1.28289072831098,0.549505539232466,3,2,1,2,2,1,2,3,1
-0.943644127484209,-0.397668114300998,-0.972424559132216,-0.271482939938852,-0.235939397993766,-0.508248499877755,1,2,1,1,2,3,2,1,2
-0.514559946266334,-1.64080701196288,0.921356695414964,-0.5174035824222,-0.171865488099899,0.410397642697734,1,2,1,2,2,3,2,3,2
-1.41149971259118,0.467863916989232,0.947838931175062,0.328560214179588,-0.240246787009435,-0.0778817303091715,3,1,1,3,1,1,2,1,2
1.22893924704841,-0.468077890941368,-0.125066986512958,0.138405854093736,-0.54746042379118,-0.995116774583171,3,1,1,1,2,1,3,1,2
0.449360592749595,-0.0564935456953587,-0.719485567940342,1.21509773418349,-1.65361011194562,0.573162383977576,2,2,3,3,1,1,3,1,1
