Sub_ID NE,Gender,Gest Age,Bwt(kgs),Sleep Quest(Total),Bed time res ,SOD (1-2),SD (3-6),SA,NW (3-7),Parasomnias,DB (3-5),DS(3-7)
1,1,40,4.01,40,,,,,,,,
2,1,41.71,4.8,40,,,,,,,,
3,2,40.71,4.13,41,,,,,,,,
4,1,41.14,3.215,39,,,,,,,,
5,2,39.71,4.09,40,,,,,,,,
6,1,40.29,3.48,42,,,,,,,,
7,1,40,3.11,42,,,,,,,,
8,2,38.29,4.16,40,,,,,,,,
9,2,39.14,3.14,40,,,,,,,,
10,2,40.86,3.29,41,,,,,,,,
11,2,40,3.48,41,,,,,,,,
12,2,39.5,3.44,40,,,,,,,,
13,1,38.3,3.075,41,,,,,,,,
14,1,39,3.01,42,,,,,,,,
15,2,40,3.5,42,,,,,,,,
16,2,41,3.6,39,,,,,,,,
17,1,39,3.75,38,,,,,,,,
18,2,40,3.25,39,,,,,,,,
19,1,41,3.7,40,,,,,,,,
20,1,40,4,40,,,,,,,,
21,1,38.28,4.5,36,10,1,3,7,5,8,2,6
22,2,38.71,3.8,,,,,,,,,
23,1,39,3.7,,,,,,,,,
24,1,40,3.87,,,,,,,,,
25,1,40,4.04,,,,,,,,,
26,1,41,4.52,,,,,,,,,
27,2,39,3.65,,,,,,,,,
28,1,40,4.01,,,,,,,,,
29,2,40,3.62,,,,,,,,,
30,1,40,3.46,,,,,,,,,
31,1,41,4.34,,,,,,,,,
32,1,39.7,4,,,,,,,,,
33,1,40,4.31,,,,,,,,,
34,1,39,4.2,,,,,,,,,
35,1,40,3.7,,,,,,,,,
36,1,40,3.85,,,,,,,,,
37,1,40,3.56,,,,,,,,,
38,2,40,3.6,,,,,,,,,
39,1,40,4.2,,,,,,,,,
40,1,41,4.3,,,,,,,,,
41,1,39.7,3.7,,,,,,,,,
42,1,40,4,50,15,1,4,7,5,6,4,13
43,1,40,4,32,6,1,3,7,4,5,1,7
44,2,38.7,3.51,,,,,,,,,
45,1,38,3.25,51,6,1,5,7,5,10,4,16
46,1,40,4,,,,,,,,,
47,2,40.27,4,,,,,,,,,
48,1,40,4,,,,,,,,,
49,1,39,4.2,,,,,,,,,
50,2,40,3.62,,,,,,,,,
51,2,41.71,4.1,,,,,,,,,
52,1,40,3.8,,,,,,,,,
53,1,41.29,3.8,,,,,,,,,
54,1,40.29,3.51,41,9,3,3,7,3,3,3,14
55,1,42,4.2,50,8,1,4,9,8,12,4,9
56,2,40,3.75,53,6,3,5,6,4,9,4,18
57,1,42,4,40,7,1,3,4,3,11,3,10
58,1,40,3.85,,,,,,,,,
59,2,39.29,3.5,,,,,,,,,
60,2,39,3.5,,,,,,,,,
61,1,41,4,,,,,,,,,
62,1,40,3.9,51,9,1,4,9,8,12,4,9
63,1,40,3.85,36,7,1,3,6,5,8,3,6
64,1,40,3.8,,,,,,,,,
65,1,40,3.75,,,,,,,,,
66,1,,,,,,,,,,,
