BASELINE,sample name,Age at bloods (wks),EPO,GM-CSF,IFN-γ,IL-10,IL-18,IL-1RA,IL-1α,IL-1β,IL-2,IL-6,IL-8,TNF-α,TNF-β,VEGF,,LPS treated,Sample name,EPO,GM-CSF,IFN-γ,IL-10,IL-18,IL-1RA,IL-1α,IL-1β,IL-2,IL-6,IL-8,TNF-α,TNF-β,VEGF,
,1,40,39.11,0.46,7.58,1.01,325.01,271.23,0.00,0.88,0.96,1.60,53.87,3.73,2.21,71.94,,,,,,,,,,,,,,,,,,
,2,41.71,47.65,0.24,4.79,0.48,338.17,256.04,1.93,0.64,0.54,0.67,18.53,2.28,4.64,30.58,,,,,,,,,,,,,,,,,,
,3,40.71,47.06,0.12,8.46,0.52,564.20,2102.35,2.49,6.11,0.90,1.36,6.64,2.91,3.07,229.48,,,3,52.36,1.00,29.35,1.57,617.49,3732.49,45.97,18.63,0.21,14.09,59.70,232.56,0.84,407.96,
,4,41.14,47.37,0.26,11.82,0.54,316.75,424.93,0.00,0.66,0.40,1.10,18.05,2.77,0.00,70.52,,,4,41.15,1.04,23.67,1.32,266.78,670.72,4.80,3.14,0.38,6.93,80.69,232.28,0.22,105.29,
,5,39.71,40.22,0.25,5.75,0.52,345.87,346.41,4.66,0.29,0.75,1.24,4.47,3.13,0.00,29.20,,,,,,,,,,,,,,,,,,
,6,40.29,74.25,0.19,5.85,1.10,1442.65,252.57,8.73,0.30,0.41,0.97,8.31,2.33,3.14,41.92,,,,,,,,,,,,,,,,,,
,7,40,75.99,0.15,212.05,0.71,1097.48,1160.28,2.98,0.45,1.05,1.70,17.19,5.77,2.72,262.49,,,7,90.77,3.74,60.14,4.88,315.71,2801.86,66.66,23.70,2.92,37.41,651.99,642.12,1.24,278.40,
,8,38.29,78.18,0.42,51.26,2.13,732.69,1427.36,0.58,1.05,0.98,2.16,32.07,6.77,0.00,131.41,,,,,,,,,,,,,,,,,,
,9,39.14,73.68,0.17,5.37,0.28,246.98,134.68,0.18,0.15,0.44,0.46,3.79,2.69,1.19,24.92,,,9,71.91,0.64,10.57,0.89,301.58,144.02,0.25,0.64,0.00,1.17,36.35,57.15,0.68,96.48,
,10,40.86,47.40,0.13,3.02,0.18,362.10,418.61,0.00,0.32,0.39,2.05,8.15,0.67,2.89,32.98,,,,,,,,,,,,,,,,,,
,11,40,102.10,0.05,4.60,0.67,753.02,179.45,0.00,0.15,0.00,0.41,2.97,0.62,0.00,19.00,,,,,,,,,,,,,,,,,,
,12,39.5,56.97,0.11,6.12,0.30,700.19,142.93,2.22,0.02,0.37,0.50,2.35,2.16,0.94,39.64,,,,,,,,,,,,,,,,,,
,,,,,,,,,,,,,,,,,,,?,60.11,0.68,41.00,1.54,358.13,959.49,18.42,30.00,4.68,15.67,151.95,28.53,8.01,258.27,
