NE3,,5yrs
NE7 ,,5yrs
NE9,,5yrs
NE12,,5yrs
NE4,,5yrs
NE17,,4.9yrs
NE11,,5 yrs
NE13 ,,5 yrs
NE35,,4.6yrs
NE32,,4.6yrs
NE29,,4.9 yrs
NE42,,4.6 yrs
NE39,,4.6 yrs
NE41,,4.5 yrs
NE53 (1),,4.3 yrs
NE50,,4.3yrs
NE38,,4.5 yrs
NE72,,4 yrs
NE64,,4 yrs
NE67,,3.9 yrs
NE61,,4 yrs
NE60,,4 yrs
NE68,,3.9yrs
NE85,,3.6yrs
NE73,,3.9yrs
NE78,,3.9 yrs
NE5,,5.4 yrs
NE23,,5yrs
NE70,,4 yrs
NE69,,4 yrs
NE51,,4.5yrs
NE26,,5YRS
NE8 ,,5.5YRS
NE25,,5 YRS
NE33,,4.9 YRS
NE15,,5.5 YRS
NE56,,4.5 YRS
NE57,,4.5 YRS
NE31,,5 YRS
NE18,,5.3YRS
NE34,,5YRS
NE47,,4.9 YRS
NE62,,4.5 YRS
NE14,,5.7 YRS
NE65,,5.6 YRS
NE 46,,5 YRS
NE 58,,4.6 YRS
NE19,,5.3 YRS
NE27,,6 YRS
NE50,,3 YRS
NE66,,3.5 YRS
NE82,,5.5 YRS
NE 2,,6.2 YRS
NE79,,4.9 YRS
NE76,,4.9 YRS
