CON1,,2.6,years
CON2,,3.5,
CON3,,5.6,
CON4,,4.3,
CON5,,5,
CON6,,3,
CON7,,2.8,
CON8,,5.1,
CON9,,8.5,
CON10,,14.1,
CON11,,15.6,
CON12,,5,
CON13,,5,
CON14,,3,
CON15,,3,
CON16,,4,
CON17,,7,
CON18,,11.8,
CON19,,7.6,
CON20,,12,
CON21,,7,
CON22,,8.6,
CON23,,,
CON24,,12.6,
CON25,,13,
CON26,,8.6,
CON27,,11.6,
CON28,,4,
CON29,,4.3,
CON30,,5,
CON31,,7.6,
CON32,,12.4,
CON33,,3,
CON34,,10,
CON35,,7.1,
CON36,,7,
CON37,,5,
CON 38,,6,
CON39 (3),,8.5,
CON40 (4),,11,
CON41 (5),,6,
CON42,,6.5,
CON43,,7,
CON44 (1),,5,
CON45 (2),,7.9,
CON46,,6.3,
CON47,,9,
CON48,,8,
CON49,,4.6,
CON50,,14.9,
CON51,,14.9,
CON52,,4.9,
CON53,,6.4,
CON54,,4.6,
CON55,,6.2,
CON56,,8.5,
CON57,,3.5,
CON58,,6.5,
CON59,,9.5,
CON60,,9,
CON61,,3.8,
CON62,,6.5,
CON63,,6.4,
CON64,,5.2,
CON65,,3.3,
CON66,,5.8,
