BASELINE,sample name,SARNAT Score,EPO,GM-CSF,IFN-γ,IL-10,IL-18,IL-1RA,IL-1α,IL-1β,IL-2,IL-6,IL-8,TNF-α,TNF-β,VEGF,,LPS Treated,sample name,EPO,GM-CSF,IFN-γ,IL-10,IL-18,IL-1RA,IL-1α,IL-1β,IL-2,IL-6,IL-8,TNF-α,TNF-β,VEGF
,CN25,,91.89,0.17,3.28,1.48,215.76,438.28,0.77,0.24,0.47,1.73,5.53,3.09,0.13,22.48,,,CN25,,,,,,,,,,,,,,
,CN26,,35.91,0.08,1.36,0.19,298.64,250.17,0.56,0.16,0.68,0.51,3.17,0.84,0.00,43.88,,,CN26,,,,,,,,,,,,,,
,CN 19 (4),,57.96,0.26,74.82,1.23,593.91,1615.57,0.86,1.11,0.43,2.61,17.49,5.05,0.00,188.37,,,CN 19 (4),,,,,,,,,,,,,,
,CN22,,130.90,0.21,3.98,0.24,400.23,447.98,0.82,0.40,0.30,0.75,6.91,2.23,0.98,42.21,,,CN22,,,,,,,,,,,,,,
,CN14 ,,52.71,0.10,23.72,0.61,483.19,1241.98,1.37,0.25,1.19,2.75,6.00,3.02,1.61,134.29,,,CN14 ,,,,,,,,,,,,,,
,,,128.61,0.16,5.58,0.22,649.00,367.47,1.95,0.16,0.23,0.83,3.58,2.42,1.43,33.31,,,,,,,,,,,,,,,,,
,CN15 (5),,77.56,0.22,110.15,4.33,561.90,1007.98,1.75,2.46,0.43,2.11,19.75,5.13,0.10,104.93,,,CN15 (5),,,,,,,,,,,,,,
,,,95.54,0.35,9.21,0.92,430.41,330.85,0.00,0.62,0.47,1.65,26.98,21.62,2.44,64.97,,,,60.88,1.38,25.60,1.98,400.24,413.96,1.59,2.29,0.38,5.60,122.90,256.89,0.53,124.30
,CN18 (3),,143.10,0.30,7.19,0.77,852.86,3549.62,1.00,0.32,0.46,1.22,6.95,1.81,2.40,99.11,,,CN18 (3),202.84,1.05,19.69,1.77,479.29,1066.40,3.17,5.37,1.54,5.60,254.30,34.63,1.01,356.54
,CN20,,59.47,0.18,4.56,0.49,452.24,1672.05,2.60,0.74,0.00,0.61,7.59,2.31,1.35,69.24,,,CN20,49.28,0.25,3.56,0.62,411.78,1301.17,0.25,0.51,0.18,0.64,6.20,1.92,0.60,66.22
,,,52.11,0.27,96.07,1.20,558.44,1477.89,0.00,0.67,0.46,2.12,16.81,5.53,0.51,150.71,,,,75.39,1.34,162.84,2.35,732.14,1310.00,2.54,1.78,0.00,10.52,75.10,180.88,0.97,222.00
,CN24,,142.38,0.19,4.50,0.37,357.01,158.36,0.00,0.17,0.29,0.65,4.00,1.99,0.00,28.50,,,CN24,,,,,,,,,,,,,,
,CN23,,106.80,0.31,9.56,0.54,311.35,147.54,0.34,0.38,0.60,1.83,13.50,16.71,1.10,71.84,,,CN23,84.17,1.19,23.74,1.69,327.12,272.72,0.35,1.86,0.31,4.14,76.19,166.10,0.37,133.05
,,,,,,,,,,,,,,,,,,,,,,,,,,,,,,,,,
,,,,,,,,,,,,,,,,,,,,,,,,,,,,,,,,,
,,,,,,,,,,,,,,,,,,,,,,,,,,,,,,,,,
,,,,,,,,,,,,,,,,,,,,,,,,,,,,,,,,,
,,,,,,,,,,,,,,,,,,,,,,,,,,,,,,,,,
,,,,,,,,,,,,,,,,,,,,,,,,,,,,,,,,,
,,,,,,,,,,,,,,,,,,,,,,,,,,,,,,,,,
,,,,,,,,,,,,,,,,,,,,,,,,,,,,,,,,,
,,,,,,,,,,,,,,,,,,,,,,,,,,,,,,,,,
,,,,,,,,,,,,,,,,,,,,,,,,,,,,,,,,,
,,,,,,,,,,,,,,,,,,,,,,,,,,,,,,,,,
,,,,,,,,,,,,,,,,,,,,,,,,,,,,,,,,,
,,,,,,,,,,,,,,,,,,,,,,,,,,,,,,,,,
,,,,,,,,,,,,,,,,,,,,,,,,,,,,,,,,,
