Baseline,EPO,GM-CSF,IFN-Y,IL-10,IL-18,IL-1RA,IL-1a,IL-1b,IL-2,IL-6,IL-8,TNF-a,TNF-b,VEGF,Sarnat,,LPS TREATED,EPO,GM-CSF,IFN-Y,IL-10,IL-18,IL-1RA,IL-1a,IL-1b,IL-2,IL-6,IL-8,TNF-a,TNF-b,VEGF,Sarnat
NE 2,75.78,0.08,3.89,0.32,339.20,913.82,0.00,0.82,0.46,0.48,3.01,1.99,2.22,40.45,2-NC,,NE 2,39.78,9.91,30.32,3.25,354.34,339.08,3.05,4.00,0.84,9.45,210.74,31.03,1.55,144.59,2-NC
NE 4,52.27,0.68,10.36,0.88,518.92,413.69,0.79,0.89,1.89,2.70,85.31,6.54,6.13,119.33,2-NC,,NE 4,110.47,1.20,28.26,1.97,417.53,345.00,2.15,1.63,0.00,12.78,123.06,242.50,0.60,135.41,1-NC
NE 5,99.72,0.24,10.19,1.16,480.56,495.90,7.08,0.68,0.43,1.05,8.73,5.94,1.70,61.06,I-NC,,NE 5,93.47,1.76,28.14,1.79,1031.02,506.56,1.23,4.83,2.35,13.16,274.58,210.59,0.93,216.67,2-C
NE 7,103.90,0.75,13.58,1.43,790.01,1812.87,2.17,2.43,2.11,4.27,165.68,7.11,1.53,824.21,0-NC,,NE 7,76.57,1.79,67.85,5.20,788.22,837.80,7.19,8.08,1.78,11.81,221.81,422.90,1.57,142.94,2-C
NE 8,71.08,0.37,7.22,0.64,986.15,355.81,0.00,1.05,1.04,1.73,54.01,5.07,3.19,102.65,1-NC,,NE 8,136.70,1.27,23.06,1.70,1089.27,572.40,1.31,3.92,1.11,11.23,249.59,131.24,2.16,225.54,2-C
NE 11,77.00,0.32,16.89,3.50,802.95,661.56,0.00,0.36,0.39,1.44,22.62,7.60,0.00,60.20,2-C,,NE 11,63.77,1.82,48.91,2.95,341.88,580.33,3.73,4.40,2.35,11.54,307.69,338.49,0.99,253.33,1-NC
NE 12,103.36,0.23,6.57,0.46,778.63,430.67,0.00,0.50,0.89,3.50,36.45,3.51,3.50,114.11,2-C,,NE 12,75.22,1.27,29.11,1.57,973.21,477.35,2.48,3.00,3.63,6.41,162.21,185.79,2.01,167.46,1-NC
NE 13,86.65,0.38,11.11,1.22,444.98,454.22,0.00,2.70,0.64,1.81,51.88,5.35,0.09,142.08,1-NC,,NE 13,118.61,1.60,39.42,2.39,406.86,828.17,4.85,11.78,2.05,11.85,424.71,281.81,1.01,486.54,2-NC
NE 17,104.93,0.53,10.68,0.82,1276.65,478.22,0.33,0.92,1.77,2.17,68.80,6.81,6.57,136.74,1-NC,,NE 17,50.74,0.41,5.21,0.77,457.74,229.35,2.02,0.20,0.00,0.89,12.50,11.69,0.00,57.42,1-NC
NE 23,107.93,0.38,14.98,0.93,341.27,472.66,0.00,0.75,1.06,2.19,50.42,4.23,1.92,212.80,2-NC,,NE 23,63.34,3.70,74.21,3.66,455.04,1898.92,86.67,29.97,7.56,47.00,878.34,450.72,1.87,293.14,2-NC
NE 18,57.86,0.16,5.32,0.49,531.81,266.43,1.78,0.19,0.61,1.06,3.02,2.49,3.39,22.35,1-NC,,NE 18,79.28,0.87,34.08,3.77,580.16,419.94,7.14,1.58,0.00,7.29,38.23,191.61,1.89,56.57,1-NC
NE 3,96.87,0.85,26.70,1.75,626.43,2334.35,3.06,5.24,2.40,5.32,249.64,7.65,4.31,350.01,2-NC,,NE 3,70.22,3.06,54.40,4.08,490.83,1177.89,41.13,21.07,5.32,34.37,969.56,336.74,1.18,719.92,0-NC
NE 25,103.50,1.48,22.28,9.61,969.11,2036.97,4.46,6.45,4.79,10.20,570.05,6.66,3.61,156.50,1-NC,,NE 25,79.20,0.59,22.58,1.62,542.78,300.29,0.43,0.25,0.00,1.56,7.42,4.89,0.02,106.54,2-C
NE 26,71.70,0.51,7.45,0.75,882.10,377.92,0.00,1.54,0.94,2.53,58.42,5.06,2.58,118.85,2-C,,NE 26,56.28,1.23,31.29,1.82,295.56,1769.13,3.10,2.99,0.74,10.85,131.80,243.11,1.05,162.15,NC
NE 39,116.85,0.19,19.49,1.36,768.20,580.60,0.00,0.25,0.25,1.62,5.19,3.59,1.79,76.90,2-C,,NE 39,60.79,0.77,17.04,1.34,399.59,249.76,2.71,0.71,0.01,2.48,37.75,154.13,1.14,156.30,2-C
NE 27,109.72,0.29,26.93,4.55,868.13,322.44,1.40,0.48,1.76,2.37,5.98,4.65,1.37,23.34,1NC,,NE 27,52.78,0.46,6.75,0.88,449.81,294.13,0.45,1.05,0.00,1.31,23.04,70.72,0.20,86.13,1-NC
NE 29,74.84,0.23,12.57,0.97,543.23,295.11,0.20,0.34,1.05,0.99,7.39,3.89,6.20,84.92,2-C,,NE 29,84.61,0.45,15.84,1.10,360.25,249.88,0.84,8.10,0.21,2.55,44.20,123.50,0.39,107.24,2-NC
NE 31,72.88,0.21,4.99,0.48,629.51,516.59,5.21,0.38,0.62,0.75,6.74,3.14,2.91,58.88,1-NC,,NE 31,50.74,0.38,7.94,0.80,277.74,514.29,0.25,1.76,0.00,1.17,10.26,3.98,0.51,97.59,2-C
NE 35,61.18,39.67,78.62,17.83,366.87,690.97,0.00,16.01,4.96,7.66,21.19,17.89,2.72,85.11,2-C,,NE 35,74.71,1.07,21.13,2.64,751.51,416.58,2.87,3.28,1.18,11.43,244.20,170.46,1.03,178.67,1-NC
NE 33,135.72,0.24,38.07,0.66,571.79,315.44,0.00,0.26,0.46,1.01,7.66,4.44,0.58,38.77,2NC,,NE 33,72.85,0.51,10.33,1.14,289.48,1436.05,3.58,12.09,0.00,1.59,13.69,10.60,0.49,216.25,2-C
NE 41,129.96,0.19,7.94,0.71,361.25,288.07,0.00,0.25,0.48,0.84,2.24,2.62,4.21,30.85,2-C,,NE 41,124.81,0.35,11.64,0.86,397.66,274.17,0.69,0.15,0.14,0.40,3.96,3.04,1.05,58.60,2-C
NE 42,113.00,0.22,10.55,1.49,912.23,432.54,2.06,0.32,0.44,1.15,16.18,5.23,3.15,84.83,2-C,,NE 42,68.61,0.38,14.76,0.78,266.64,214.18,0.32,0.26,0.00,0.47,8.46,12.82,0.51,39.22,2-C
NE 48,95.02,0.22,12.18,0.46,360.30,426.22,2.45,0.28,0.45,0.90,4.73,2.95,2.23,34.00,2-C,,NE 48,54.32,0.42,6.52,0.90,335.08,188.20,1.00,0.22,0.00,0.45,5.05,2.83,0.25,61.46,2-NC
NE 56,91.68,0.94,17.33,1.28,695.39,1208.44,4.02,2.00,2.92,4.04,192.87,5.28,3.74,117.55,2-NC,,NE 56,61.22,1.45,8.30,0.95,445.40,484.89,3.17,2.03,0.54,2.94,30.46,46.22,0.80,178.01,2-C
NE 57,80.90,0.30,8.86,0.94,600.85,449.87,3.81,0.44,1.60,0.97,5.31,3.99,5.19,80.53,2-C,,NE 57,93.21,3.78,34.92,3.66,1138.46,3692.54,5.44,17.54,11.34,24.28,1401.36,13.36,2.07,313.55,2-C
NE 64,84.24,0.20,4.73,0.30,695.83,2480.34,2.14,1.27,0.58,1.33,21.40,1.69,0.77,220.40,3-NC,,NE 64,115.34,1.57,25.60,1.95,1025.48,2305.02,8.05,4.18,3.29,7.35,474.52,7.26,1.49,242.86,2-C
NE 67,52.06,0.71,11.73,0.43,577.12,3416.09,0.84,1.40,1.39,1.59,15.78,2.21,4.41,359.70,2-C,,NE 67,124.39,0.26,12.84,1.70,368.27,159.17,1.10,0.05,0.00,1.68,3.90,2.35,0.62,54.44,2-C
NE 68,177.04,0.50,14.23,1.79,543.27,392.87,0.00,0.84,2.10,1.55,4.86,6.08,3.91,47.01,2-C,,NE 68,61.22,1.46,21.98,1.72,492.89,352.53,1.15,3.17,0.71,11.01,275.99,135.62,0.60,186.59,2-NC
NE 69,76.40,0.49,9.02,0.81,673.78,413.35,0.24,0.78,1.06,2.77,60.10,5.00,0.94,120.74,2-NC,,NE 69,105.00,2.47,48.67,2.63,366.38,484.52,0.74,4.34,1.85,12.76,402.92,271.77,0.66,426.36,1-NC
NE 70,106.59,0.57,13.58,0.96,361.25,416.13,2.24,0.72,1.76,2.21,58.85,5.38,5.50,208.05,1-NC,,NE 70,42.35,1.41,40.63,2.46,1399.94,543.16,5.79,4.52,0.74,12.45,167.21,271.83,1.59,145.64,2-NC
NE 73,54.46,0.27,11.82,1.04,1580.77,490.50,0.71,0.29,0.56,1.24,5.40,4.34,4.20,71.13,2-NC,,NE 73,71.32,0.17,6.16,0.00,413.25,186.00,1.28,0.22,0.00,0.47,8.42,3.29,0.51,104.90,3-C
NE 78,88.43,0.29,10.16,0.57,527.31,361.68,0.00,0.30,0.81,1.19,10.59,3.99,0.00,157.66,3-C,,NE 78,84.61,0.19,6.87,0.83,470.99,207.15,0.00,0.07,0.00,0.09,1.98,2.32,0.33,100.66,2-C
NE 82,99.65,0.13,5.29,0.42,495.93,592.81,0.51,0.15,0.60,0.50,1.82,2.01,0.29,33.05,1-NC,,NE 82,,,,,,,,,,,,,,,
NE 53,93.02,0.16,5.19,0.63,508.92,316.25,0.00,0.07,0.30,0.53,1.75,2.38,5.24,75.14,2-C,,NE 53,,,,,,,,,,,,,,,
NE 61,243.86,0.30,8.63,0.47,495.69,247.30,0.00,1.22,0.78,1.22,23.27,1.72,6.17,240.66,2-C,,NE 61,,,,,,,,,,,,,,,
NE 34,78.05,0.18,12.40,0.39,417.25,367.13,0.92,0.47,0.99,1.11,11.97,3.76,1.29,66.56,1NC,,NE 34,,,,,,,,,,,,,,,
NE 31,117.36,0.12,5.12,0.45,629.50,327.18,0.00,0.52,0.40,0.77,2.17,2.66,2.79,95.96,0 NC,,NE 31,,,,,,,,,,,,,,,
