STARFISH ID,AGE (years),SLEEP HABITS,,BEDTIME,WAKETIME,SLEEP HRS NIGHT (NO NAPS),SLEEP HRS (INC NAPS),"1= Usually, 2= Sometimes, 3 =Rarely",BR1,BR2,SOD1,SD2,SD3,DS1,TOTAL,"APPEARING SLEEPY 1=Not Sleepy, 2=Very Sleepy, 3= Falls Asleep",DS7,DS8,TOTAL SCORE,"1 = Rarely, 2=Sometimes, 3= Usually",BR3,BR5,SA1,SA3,SD1,SA2,SA4,NW1,NW2,NW3,P2,P3,P4,P1,P5,P7,P6,SDB1,SDB2,SDB3,DS2,DS3,DS4,DS5,DS6,,,,Total sleep disturbance score (31-97)
S1,5.66,DONE,,2000,700,11,11,,1,1,1,1,1,2,7,,1,1,2,,1,2,1,1,2,1,1,1,1,1,1,2,1,1,1,1,1,1,1,1,1,1,1,1,1,28,7,0,35
S2,6.0833,DONE,,2130,730,10,11,,1,1,1,1,1,2,7,,1,2,3,,1,2,3,1,1,1,1,1,1,1,1,3,1,1,1,1,1,2,1,1,2,2,2,1,1,34,7,1,42
S3,6,DONE,,2000,730,10.5,10.5,,1,1,1,1,1,1,6,,1,1,2,,1,1,1,1,1,1,1,1,1,1,1,1,1,2,1,1,1,1,1,1,1,1,1,1,1,26,6,0,32
S4,6.5,DONE,,2000,700,10,10,,1,1,1,1,1,1,6,,1,1,2,,1,2,3,1,1,1,1,3,3,2,1,2,1,1,2,1,1,1,1,2,1,1,1,1,1,36,6,0,42
S5,5.833,DONE,,2000,730,10.5,10.5,,1,2,1,1,1,1,7,,1,2,3,,3,1,1,1,1,2,1,2,3,1,3,1,1,2,1,2,1,1,1,1,1,2,1,1,1,36,7,1,44
S6,5.833,DONE,,2000,730,10.5,10.5,,1,3,3,1,1,1,10,,1,3,4,,3,1,3,2,1,3,1,3,3,1,1,3,1,1,3,2,2,2,1,1,1,1,1,1,1,43,10,2,55
S7,6.333,DONE,,1930,730,11,11,,1,1,1,1,1,1,6,,1,1,2,,2,1,3,3,1,3,1,3,3,1,1,1,1,1,1,1,1,1,1,1,1,1,1,1,1,36,6,0,42
S8,6.333,DONE,,1930,730,11,11,,1,1,1,1,1,1,6,,1,1,2,,2,1,3,2,1,1,1,3,3,1,2,2,1,1,1,1,1,1,1,1,1,1,1,1,1,35,6,0,41
S9,5.9167,DONE,,1830,630,12,12,,1,1,1,1,1,1,6,,1,3,4,,1,1,1,1,1,2,1,1,1,1,2,3,1,3,1,1,1,1,1,1,1,1,1,1,1,31,6,2,39
S10,5.5,DONE,,2000,800,12,11,,1,3,1,1,1,2,9,,1,1,2,,2,3,1,2,1,2,1,2,1,1,3,3,1,2,3,1,1,1,1,1,2,3,1,1,2,42,9,0,51
S11,5.5,DONE,,2000,700,11,11,,1,1,3,3,1,1,10,,1,3,4,,1,3,1,1,3,3,3,1,3,3,1,3,1,1,3,1,1,1,1,1,3,1,1,1,1,43,10,2,55
S12,5.833,DONE,,2030,600,9.5,9.5,,1,1,1,1,1,1,6,,1,1,2,,2,2,3,1,1,3,3,1,1,1,2,2,1,2,2,1,1,2,1,1,1,1,1,1,1,38,6,0,44
S13,5.5,DONE,,2000,700,11,11,,1,1,1,1,1,1,6,,1,3,4,,1,1,1,1,1,1,2,1,1,1,1,1,1,1,1,1,1,1,1,1,1,1,2,2,2,29,6,2,37
S14,5.5,DONE,,2000,700,11,11,,1,1,1,1,1,1,6,,1,1,2,,2,1,1,1,1,1,1,1,1,1,2,1,1,1,1,1,1,1,1,1,1,1,1,1,1,27,6,0,33
S15,5.5,DONE,,2000,700,11,11,,1,1,1,1,1,2,7,,1,3,4,,2,1,1,1,1,1,1,2,2,1,2,2,1,2,1,1,1,1,1,1,2,1,3,3,3,38,7,2,47
S16,5.667,DONE,,2000,600,10,10,,1,1,1,1,1,1,6,,1,1,2,,1,1,1,1,1,1,1,1,1,1,1,1,1,3,1,1,1,1,1,1,1,1,1,1,1,27,6,0,33
S17,5.5,DONE,,2030,630,10,10,,1,1,1,1,1,1,6,,1,1,2,,2,3,4,4,4,3,4,2,4,4,1,3,1,3,2,1,1,1,1,1,2,1,1,1,1,55,6,0,61
S18,5.5,DONE,,1900,630,11.5,11.5,,1,1,1,1,1,2,7,,1,1,2,,1,1,3,1,1,1,1,3,3,1,1,2,1,1,2,1,1,1,1,1,1,2,1,1,1,34,7,0,41
S19,5.5,,,,,,,,,,,,,,,,,,,,,,,,,,,,,,,,,,,,,,,,,,,,,,,,
S20,5.5,,,,,,,,,,,,,,,,,,,,,,,,,,,,,,,,,,,,,,,,,,,,,,,,
S21,5.75,DONE,,2000,700,10,10,,1,1,1,1,1,1,6,,1,3,4,,1,1,1,1,1,1,1,1,1,1,1,1,1,3,2,1,1,1,1,1,1,1,1,1,1,28,6,2,36
S22,5.66,DONE,,1930,730,12,12,,1,1,3,1,1,1,8,,1,1,2,,3,3,3,3,1,2,1,2,1,1,2,3,1,1,1,2,1,2,1,1,2,2,1,1,1,42,8,0,50
S23,5.75,DONE,,2200,800,10,10,,1,1,1,2,1,2,8,,1,1,2,,1,2,1,1,2,1,1,1,1,1,3,1,1,1,1,1,1,2,1,1,1,2,2,1,1,32,8,0,40
s24,,,,,,,,,,,,,,,,,,,,,,,,,,,,,,,,,,,,,,,,,,,,,,,,,
S25,6.17,DONE,,2030,700,10.5,7.5,,1,1,1,1,1,3,,,1,2,,,3,3,3,1,1,1,1,1,1,1,1,3,1,3,3,1,1,3,3,3,3,3,3,3,3,,,,
