,DEMOGRAPHICS,,,CSHQ SCORE,,,,,,,,
,BASICS,,,,,,,,,,,
Patient ID,Sex,Age at recruitment,,Bedtime resistance,Sleep onset delay,Sleep duration,Sleep anxiety,Night wakings,Parasomnias,Sleep disordered breathing,Daytime sleepiness,Total sleep disturbance score
TUH01,1,85,,,,,,,,,,
TUH02,1,152,,,,,,,,,,
TUH03,2,194,,,,,,,,,,
TUH04,2,116,,,,,,,,,,
TUH05,2,160,,,,,,,,,,
TUH06,1,165,,6,2,3,4,4,8,8,8,41
TUH07,1,168,,,,,,,,,,
TUH08,1,21,,,,,,,,,,
TUH09,2,97,,6,2,3,4,5,7,6,7,40
TUH10,1,49,,14,3,8,8,9,12,5,13,66
TUH11,1,99,,17,3,9,12,7,17,9,11,79
TUH12,1,99,,8,3,5,6,6,14,7,16,63
TUH13,1,138,,12,1,5,6,8,10,7,11,56
TUH14,2,182,,,,,,,,,,
TUH15,1,161,,12,1,5,8,7,12,7,7,54
TUH16,1,198,,7,1,4,6,5,9,3,5,40
TUH17,2,24,,13,3,5,6,3,9,9,6,51
TUH18,1,90,,10,3,3,6,7,11,9,16,61
TUH19,1,85,,9,2,3,4,7,8,5,9,45
TUH20,2,184,,6,1,3,4,3,9,3,10,37
TUH21,2,64,,,,,,,,,,
TUH22,2,187,,6,3,4,4,3,8,4,10,40
TUH23,2,139,,6,1,3,4,6,11,4,7,40
TUH24,1,88,,8,3,6,4,8,11,3,11,52
TUH25,2,63,,,,,,,,,,
TUH26,2,181,,10,3,6,9,4,8,8,9,53
TUH27,1,154,,6,1,3,5,3,7,3,7,33
TUH28,1,7,,12,2,5,6,5,4,3,6,43
,,0,,,,,,,,,,
,,0,,,,,,,,,,
,,0,,,,,,,,,,
,,0,,,,,,,,,,
,,0,,,,,,,,,,
Mean,,,,9.333333333,2.111111111,4.611111111,5.888888889,5.555555556,9.722222222,5.722222222,9.388888889,49.66666667
Median,,,,,,,,,,,,
SD,,,,,,,,,,,,
,,,,,,,,,,,,
,,,,,,,,,,,,
,,,,,,,,,,,,
