Sub_ID NE,Sleep Quest(Total),Bed time res ,SOD (1-2),SD (3-6),SA,NW (3-7),Parasomnias,DB (3-5),DS(3-7)
2,48,,,,,,,,
3,38,7,1,3,6,5,9,3,6
4,43,8,3,3,8,5,8,3,6
5,56,12,2,3,9,5,10,3,15
7,39,6,1,3,4,5,11,3,8
8,34,5,1,3,3,2,7,2,12
9,32,6,1,3,5,3,7,3,10
11,45,7,1,3,6,7,11,3,10
12,49,12,1,3,10,4,11,5,9
13,40,7,2,3,5,3,9,4,9
14,48,9,1,3,9,5,12,5,9
15,38,9,1,3,6,4,6,3,10
17,55,12,1,6,10,6,10,4,12
18,38,6,1,3,4,3,7,3,8
19,37,6,2,3,4,3,8,3,8
23,36,6,1,3,5,3,9,3,8
25,52,9,1,3,7,5,9,6,16
26,39,6,2,3,5,4,8,3,10
27,38,,,,,,,,
29,49,9,1,5,6,6,11,4,11
31,47,8,1,4,6,5,7,5,14
32,35,6,1,3,4,3,8,3,9
33,,,,,,,,,
34,53,13,1,8,10,9,11,4,12
35,44,7,2,3,5,4,12,4,9
38,39,8,2,3,5,5,7,3,8
39,48,14,2,5,10,6,7,3,7
41,39,,,,,,,,
42,52,14,1,3,10,7,12,3,8
46,31,6,1,3,4,3,7,3,6
48,42,12,1,3,4,3,8,5,8
49,58,10,3,7,7,6,11,3,8
50,40,4,1,5,2,3,4,1,13
51,37,6,1,3,4,3,9,3,10
53,41,11,2,3,6,4,9,4,11
56,45,12,2,4,7,3,10,3,8
57,41,10,1,3,7,3,8,4,9
58,38,6,1,3,5,4,10,3,8
60,54,6,1,3,4,7,13,8,14
61,45,10,2,3,4,7,7,3,11
62,38,7,1,3,4,5,8,4,8
64,49,17,2,3,12,4,7,3,7
65,44,9,2,3,7,7,11,4,6
66,52,13,1,5,7,6,8,4,12
67,52,13,2,4,7,5,8,5,13
68,40,6,1,3,4,4,12,3,9
69,46,10,1,3,8,5,12,4,9
70,33,6,1,3,4,3,9,3,6
72,44,8,1,3,6,3,13,3,11
73,31,8,1,0,4,6,4,3,7
76,,,,,,,,,
78,51,9,2,4,8,6,12,3,12
79,39,5,1,3,4,3,11,6,8
82,46,10,2,3,9,8,10,3,6
85,66,15,2,4,8,9,13,5,16
1,,,,,,,,,
2,,,,,,,,,
3,,,,,,,,,
4,,,,,,,,,
5,,,,,,,,,
6,,,,,,,,,
7,,,,,,,,,
8,,,,,,,,,
9,,,,,,,,,
10,,,,,,,,,
11,,,,,,,,,
12,,,,,,,,,
13,,,,,,,,,
14,,,,,,,,,
15,,,,,,,,,
16,,,,,,,,,
17,,,,,,,,,
18,,,,,,,,,
19,,,,,,,,,
20,,,,,,,,,
21,,,,,,,,,
22,,,,,,,,,
23,,,,,,,,,
24,,,,,,,,,
25,,,,,,,,,
26,,,,,,,,,
27,,,,,,,,,
28,,,,,,,,,
29,,,,,,,,,
30,,,,,,,,,
31,,,,,,,,,
32,,,,,,,,,
33,,,,,,,,,
34,,,,,,,,,
35,,,,,,,,,
36,,,,,,,,,
37,,,,,,,,,
38,,,,,,,,,
39,,,,,,,,,
40,,,,,,,,,
41,,,,,,,,,
42,,,,,,,,,
43,,,,,,,,,
44,,,,,,,,,
45,,,,,,,,,
46,,,,,,,,,
