,Sleep Questionnaire (CSHQ),,,,,,,,,,,,,,,,
NE ID,Sleep Questionnaire,Age in months CSHQ,Child’s bedtime,Child’s usual wake time,Amount of sleep each night (no naps) (hh:mm),Amount of sleep each day (naps) (hh:mm),Subscale 1 (6-18),Subscale 2 (1-3),Subscale 3 (3-9),Subscale 4 (4-12),Subscale 5 (3-9),,Subscale 6 (7-21),Subscale 7 (3-9),Subscale 8 (6-22),Total sleep disturbance score (31-97),Sleep questionnaire interpretation
,(Y=1/N=2),,,,,,Bedtime resistance,Sleep onset,Sleep duration,Sleep anxiety,Night wakings,Minutes a night waking usually lasts,Parasomnias,Sleep disordered breathing,Daytime sleepiness,,
NE00186,1,46,20:00,08:00,12:00,00:00,3,1,2,0,0,,0,0,1,7,Items 9 to 33 not available
NE00195,1,42,20:30,08:00,11:00,00:00,6,1,3,6,4,1,8,3,8,37,
NE00197,1,44,20:00,08:00,12:00,00:00,4,1,5,0,0,,0,0,1,11,Items 9 to 33 not available
NE00229,1,32,19:30,06:30,10:00,01:30,12,2,3,7,6,0,8,3,7,43,
NE00232,1,30,20:00,07:00,11:00,01:30,7,2,3,5,3,0,7,3,8,36,
NE00235,1,29,19:30,06:00,10:30,01:10,9,1,3,7,7,5,15,5,7,50,
NE00190,1,54,19:30,07:00,11:00,00:00,6,1,3,4,3,0,7,3,9,34,
NE00192,1,54,21:00,07:00,09:00,00:00,14,1,3,7,2,0,7,3,14,46,
NE00194,1,54,22:00,08:00,10:00,02:00,14,2,3,11,3,0,9,3,9,48,
NE00245,1,56,19:00,07:00,11:00,00:00,6,1,3,6,5,10,10,3,8,40,
NE00251,1,46,20:00,07:30,11:30,00:00,7,1,4,5,4,0,7,4,7,37,
NE00253,1,49,20:00,07:30,11:30,00:00,6,1,3,5,4,0,8,3,6,34,
NE00219,1,43,19:00,06:30,11:30,00:00,6,1,3,4,5,30,12,8,6,43,
NE00220,1,44,20:00,07:30,11:30,00:00,8,1,5,6,3,0,7,3,6,36,
NE00224,1,42,19:30,08:00,11:30,00:00,7,1,3,4,3,0,7,3,6,32,
NE00209,1,49,20:30,07:30,11:00,01:30,6,1,3,4,3,0,9,4,7,35,
NE00210,1,48,19:30,06:30,11:00,00:00,6,1,3,4,3,0,7,3,10,35,
NE00205,1,53,21:00,08:00,11:00,01:30,10,2,4,7,4,5,11,3,12,48,
NE00262,1,41,20:00,07:00,11:30,00:00,13,1,3,8,8,15,9,4,9,49,
NE00230,1,41,19:30,07:30,12:00,00:00,10,1,4,8,6,0,8,3,6,42,
NE00261,1,,22:00,12:00,14:00,00:00,18,3,9,12,9,,15,8,16,84,
NE00236,1,39,18:30,06:30,12:00,00:00,10,1,3,6,8,30,8,3,7,42,
NE00238,1,38,20:00,08:00,12:00,00:00,11,1,3,8,3,5,10,3,7,41,
NE00221,1,46,19:00,07:00,12:00,00:00,12,1,3,7,7,10,8,3,9,45,
NE00225,1,46,20:00,07:00,11:00,00:30,6,1,4,6,3,0,9,6,12,45,
NE00267,1,35,20:00,07:30,10:30,00:00,9,2,3,6,4,0,8,4,11,44,
NE00289,1,26,19:45,07:00,11:00,01:00,6,1,3,5,5,30,7,3,8,36,
NE00273,1,36,19:30,07:30,12:00,00:00,13,3,6,8,6,,15,3,10,58,
NE00280,1,30,19:30,08:00,12:00,02:30,7,2,3,4,4,60,10,4,11,43,
NE00203,1,,08:00,08:00,12:00,00:00,9,2,3,5,4,,9,3,6,38,
NE00226,1,,19:00,07:00,12:00,Not available,15,2,7,10,6,,13,5,16,68,
NE00215,1,,19:30,07:00,11:30,00:00,6,1,3,4,3,,8,4,9,36,
NE00303,1,,20:30,08:00,11:30,01:30,8,1,3,5,3,60,6,3,10,36,
NE00294,1,,,,,,5,0,1,3,6,180,10,3,6,32,"Missing data on the first page, scores 1 to 8, might need to be excluded. Parents only completed one page."
