,,,                              QUESTIONNAIRE
NO,AGE,Sex,SLEEP CSHQ 
,,,40-42
CN1,6 YRS,F,47
CN2,9 YRS,F,37
CN3,12 YRS,M,47
CN4,15 YRS,M,51
CN5,16 YRS,M,46
CN6,13 YRS,M,54
CN7,9 YRS,F,52
CN8,11 YRS,F,39
CN9 ,15 YRS,F,46
CN10,4.5 YRS,M,43
CN11,10 YRS,M,46
CN12,3 YRS,F,39
CN13,6.5YRS,F,37
CN14 ,5 YRS,F,47
CN15 (5),5 YRS,M,47
CN16 (2),15 YRS,F,36
CN17,10 YRS,M,47
CN18 (3),11 YRS,M,39
CN 19 (4),14 YRS,F,44
CN20,2.8 YRS,M,
CN21,7.6 YRS,F,
CN22,7.3 YRS,M,
CN23,12.5 YRS,M,
CN24,5 YRS,F,
CN25,16 YRS,M,
CN26,10 YRS,M,
CN27,13 YRS,M,
