NE ID,NIMBUS ID,EPO,GM-CSF,IFN-γ,IL-10,IL-18,Il-1RA,IL-1α,IL-1β,IL-2,IL-6,IL-8,TNF-α,TNF-β,VEGF,,,EPO,GM-CSF,IFN-γ,IL-10,IL-18,Il-1RA,IL-1α,IL-1β,IL-2,IL-6,IL-8,TNF-α,TNF-β,VEGF
,Vehicle,,,,,,,,,,,,,,,,LPS,,,,,,,,,,,,,,
NE00186,4,660.149491,6.124034467,67.64055166,9.269549832,1984.963601,451.2572129,2.504612937,4.412218429,3.738819221,4.713743569,29.12431695,12.00228305,,95.31543428,,4,639.502779,,,,2067.307323,720.920211,,,,,38.95215173,,,232.912783
NE00245,6,406.780133,7.363980581,53.06898286,2.868453057,1979.985467,724.2757267,5.116356448,7.835320664,,6.764327584,117.5383169,18.5663841,,160.1362729,,6,662.0265007,,47.5401221,6.56584459,2192.973407,4128.863969,16.29873659,38.31036452,,147.4265886,2026.486453,2113.456858,19.69512127,511.9696762
NE00190,10,292.1573316,6.26947511,57.32593394,6.247044897,3361.743177,1861.066017,0.4222675,6.600641409,,6.044573649,125.1101608,26.6270856,,108.9035084,,10,381.3532257,,,,3807.957038,3236.688141,3.749841495,14.83252295,,51.41209328,1850.857715,1883.076846,,416.2673111
NE00192,12,332.8773855,4.16074059,67.64055166,5.567507743,2654.015866,1435.252008,0.153950502,5.617926144,0.818851874,8.791299514,179.5173338,28.4565531,,154.4475512,,12,500.1452344,36.71198236,102.4785453,25.21370813,2514.542736,2062.403946,,18.6458886,,96.20786415,1693.221703,1673.315456,,384.9668989
NE00194,15,469.5469724,6.07540364,75.17419174,13.12780887,5264.427658,1271.678839,0.4222675,12.62631257,1.157468305,8.99666778,471.0001763,23.70882918,,332.9561654,,15,801.6163183,34.67782385,295.2528279,42.82573714,5343.942678,2674.923508,7.188273085,89.22699273,16.17596256,206.1762695,6824.542723,1456.175891,22.33373018,807.0420759
NE00195,16,426.8052529,9.196308031,78.16512349,8.267288615,2979.249962,1504.942458,,8.822524363,,8.23999832,190.3358672,26.88178071,,244.9755905,,16,538.2733683,7.769340325,54.86914995,7.665068764,2931.818873,1989.176138,14.09939468,19.17954168,,27.84165651,2717.034711,1248.594823,13.98059808,764.0915563
NE00197,18,566.3560579,2.573155302,60.0175574,10.16319843,2616.179805,1780.62835,6.569843629,8.822524363,,5.385445606,375.434802,46.99207955,,401.2574064,,18,1318.10358,416.2978584,787.924182,152.301858,2683.942762,2872.572787,29.25770317,207.7894564,,162.0921235,5213.664949,3770.167329,0.887164319,1208.985567
NE00203,25,409.2544894,1.222243614,131.4046942,10.16319843,1324.059157,2270.122665,18.56681238,7.490417972,,6.044573649,528.7416212,96.30458959,1.779501583,402.9240772,,25,548.040519,,205.0800868,0.054479941,1443.362446,2569.625621,25.04035673,9.664182889,,,730.2940574,125.1262701,,732.3030409
NE00251,29,276.4493041,9.952902305,57.32593394,4.842524666,3635.701233,1405.309714,,3.712794865,,2.426926003,120.5275764,26.77992655,1.477790969,191.6037824,,29,454.0038151,,,9.787306188,3781.037854,3534.006172,49.42384759,41.76494708,,106.3712808,2477.745379,2366.551594,,628.4996596
NE00205,30,395.4878476,5.386097223,74.79945535,8.559766373,2865.058288,1419.99512,0.153950502,4.817786972,,5.97189892,134.6728869,21.43594115,0.359116346,212.4598449,,30,330.3302433,,,22.39227662,3097.038515,2824.621779,,18.6458886,25.14642703,29.482153,1470.666893,1092.918089,17.01566246,509.554429
NE00253,32,264.1027197,3.89690276,90.74915839,9.5899022,1890.331286,970.0372296,5.758639241,6.052506866,,11.34479717,284.1718849,45.09204941,,147.5904697,,32,412.1961292,,87.16322711,8.382660389,2106.610204,5925.645846,202.7397155,104.0140047,,147.1984966,4577.36387,3089.382608,,731.489655
NE00209,37,426.2579545,8.563940109,96.24159208,13.92385004,2844.579211,2919.704747,0.774628131,9.386407174,0.340834937,7.822818521,217.0700489,51.98060718,,314.2246823,,37,589.2429169,,212.6766413,42.55743046,2941.860478,9222.509742,110.4242053,107.7547693,,148.1103955,2548.664201,3546.657662,,1143.977511
NE00210,38,236.6026397,3.683281572,34.41758945,2.379219966,2143.453515,789.082151,1.567718352,2.870237509,,0.042118703,66.41510981,13.24843713,,61.09626283,,38,624.0172736,21.96527728,208.8845463,11.49550178,2026.629692,2147.703375,12.54259167,25.41318757,24.66573452,53.420556,1123.046148,1969.945658,,369.1707834
NE00215,44,535.1852747,0.87824466,223.9237017,15.25827568,5137.934097,2782.052151,0.965348068,7.02775518,,27.79946723,238.031545,32.9395312,,331.9545525,,44,714.8866201,,339.3130403,23.28959985,6093.681779,2980.485494,,,,18.54579763,323.1048721,42.4168464,,600.037389
NE00219,49,390.7957717,2.162990673,74.42452174,8.818694957,2039.931904,823.2505002,1.677618983,6.75630274,,5.532934797,295.8533771,13.78719935,,133.554539,,49,485.2596506,,87.16322711,3.853988002,2026.629692,2256.295066,,63.39569794,,49.96676916,5932.942339,1923.774345,,341.9821681
NE00220,51,304.0925174,2.043051782,50.73198302,6.179525467,1770.184571,550.7610668,2.007879045,4.817786972,,2.343257622,163.6525727,15.65977108,3.37317571,155.1869251,,51,443.9284614,,26.80482531,,1895.428066,983.7655876,,9.464925964,,,819.917321,219.0640614,,367.2837414
NE00221,53,382.7778989,2.914645849,47.20497277,4.457368525,2020.594791,1024.548382,,19.20062392,,9.743743537,109.0243884,55.44428555,,174.0362968,,53,279.3410077,,,,2211.706255,2592.131408,,,,13.69578343,775.4786066,1049.795743,,359.9108056
NE00224,56,428.9937106,3.137944314,71.794362,5.8405085,1808.8563,781.1099573,39.27237345,8.520148934,,6.477899319,192.4158966,40.53394053,,109.6205277,,56,689.1264526,,45.05290488,,2095.642305,4844.562948,49.55003992,54.11310472,,143.0792473,2360.11182,2741.155268,,444.766309
NE00225,59,388.3093348,1.547892674,56.1683423,7.612571499,593.9084549,1013.364036,,6.522657307,,5.753055366,104.1134515,21.74700344,,117.4115043,,59,325.0267823,,50.00424275,,1410.388216,953.0781712,,9.264968315,,,244.7524601,247.6261731,,204.9545331
NE00226,60,1004.6648,3.575558201,54.6209709,7.776892604,2864.045612,828.9226291,,7.758824698,,8.585197106,162.4826115,51.69112711,1.629281624,87.24900104,,60,1368.685774,,,,3347.115222,1106.626924,,,,,616.9259194,409.724704,,186.6793137
NE00229,63,384.7148521,4.108242611,72.54685309,8.234711503,1755.890048,482.6781402,0.07442814,4.938702213,,5.826141994,54.33397943,20.13578015,2.587689399,97.72648647,,63,558.994768,,131.9744831,5.433437731,1864.792598,796.3374211,,9.664182889,,12.91763046,1364.170278,905.5516583,,437.1160859
NE00230,64,1078.235169,,173.5054366,4.457368525,2791.01296,695.5118639,1.540259069,2.698589684,,3.559297018,35.83600606,14.59213452,0.774935382,91.8364536,,64,1060.077729,,170.2264112,5.815101787,2861.981569,3344.881933,12.67247489,19.71073502,,13.30797074,899.6979438,2253.724654,,366.8639121
NE00262,66,703.6609817,9.952902305,45.62860563,8.786381662,2567.974744,721.9587306,2.200877044,3.837224264,,3.716203798,51.17006938,10.36051236,2.659911457,93.98674417,,66,712.5511049,,,6.751150412,2951.445564,2405.976449,1.736634453,7.430057552,,,1037.914619,711.4056517,,260.1550883
NE00235,72,432.2742016,6.172589437,85.96071445,8.52733159,2295.741641,784.5286707,,7.143731705,4.806683296,20.14451641,118.6681293,22.41972783,,174.3684561,,72,481.526675,,18.31070444,21.9412755,2280.692094,1851.890389,,33.18958446,,45.57304448,2970.564594,2499.679115,,450.6181344
NE00238,77,430.9076493,2.457369357,63.07828597,13.77121836,3896.928438,1212.208132,0.234054548,8.330556585,,2.757404907,147.3870788,49.37041802,,201.7340519,,77,508.7950943,,62.02635957,12.66503953,4494.177106,1959.549982,,21.46470304,,,1069.837212,1248.444488,,366.6539308
NE00289,107T,574.8498319,1.982563509,47.59819523,7.348722621,2827.474926,816.5913624,2.311265126,5.259555935,,3.081936179,59.87810394,20.29215539,,108.6825808,,107T,721.8857378,9.323637106,12.23785992,,3045.010297,1120.642539,,,,,189.2628839,181.7010118,,196.5573849
NE00294,112T,565.5590868,1.419424862,119.3324654,17.17377651,3997.204819,1494.985614,3.418601828,9.72291499,,11.34479717,320.148005,93.32020896,,161.7912752,,112T,848.3795998,,246.2943521,26.67650257,5215.221406,6725.813058,19.65057283,86.05629356,,175.5914471,3691.479931,3183.52685,,871.3881102
NE00303,126T,228.4341087,5.732790305,147.2070166,15.4691933,2418.780318,1067.825939,2.836525934,13.13261061,,18.62474794,532.9807554,104.6213949,,203.7222532,,126T,239.3883206,,195.5127532,18.58130656,3039.077129,4461.136545,1.329165611,81.47268993,,141.2400305,6501.878266,4573.854572,8.303834072,665.4460433
NE00267,85T,428.3322894,4.419937886,76.15172066,15.79024296,3012.488345,1251.487553,,8.71139797,,12.97822706,85.75648794,43.29886548,,259.2131577,,85T,311.7054262,,,6.751150412,3394.571362,1320.511001,,,,62.95398241,238.6056432,341.5431231,,338.0952967
NE00273,91T,368.8526594,6.004270797,67.25742729,9.218596491,4386.358661,836.7314914,11.28394278,4.112419834,1.05442275,9.1756731,98.44931277,38.4094207,,426.1346696,,91T,493.9518135,,26.80482531,4.457487133,5162.275157,1121.792789,,,,4.275873791,173.1771454,47.06354793,,708.4122167
NE00280,98T,544.7960237,1.798839211,84.48176598,10.51154154,4173.964849,976.9714444,6.317937534,6.091838027,,2.003767988,129.7566023,21.22836052,,148.0907709,,98T,851.7846151,,183.9197699,9.264955627,4600.950891,1187.697247,,6.802101167,,,443.4468332,105.6754132,,379.3830409
Controls,,,,,,,,,,,,,,,,,,,,,,,,,,,,,,,
,CF1,557.0507157,2.043051782,611.4491735,39.83226641,2708.507639,2492.148672,,3.210189972,,30.88122379,47.7287618,27.08539414,,215.0362954,,CF1,825.6220876,17.27916409,993.1059018,63.50702509,3238.96597,3261.877197,,11.62200863,,41.68772107,150.8144486,85.15087247,20.57887006,441.0454044
,CF10,304.0925174,1.547892674,220.9148808,20.66754984,2135.77192,695.5897229,1.211296416,3.919926485,,3.480449197,39.36236898,19.71828921,2.002718742,69.75282785,,CF10,311.7054262,,330.5870445,25.36063925,2402.652643,958.4391714,,,,,83.40896026,35.01397431,,188.2940928
,CF11,329.2237822,7.317089348,98.42927599,8.947800109,5774.210665,3738.286971,,9.946530444,1.045897403,24.7817403,34.03405442,15.07333788,,197.8296202,,CF11,368.3826538,,26.80482531,6.192453706,6836.596237,4715.329461,,9.264968315,9.643897485,17.45433453,149.901802,58.12685287,,506.9486539
,CF12,636.3145558,2.970777149,66.12349458,8.332394545,3709.377279,617.8924548,1.540259069,7.873537343,,3.16223899,25.24281375,11.67548721,0.528938354,116.1158242,,CF12,892.4755522,,,,3503.169527,691.208962,,,,,26.32272218,,,213.4828144
,CF13,323.3127411,3.19327477,45.23362646,6.482649175,2060.508781,596.5493011,,4.57492556,,4.638237289,19.52962145,9.753301985,,64.06703257,,CF13,365.7796497,,,,2289.371799,835.6034742,,,,,16.33420958,,,106.8947956
,CF14,531.7103008,2.103189537,109.2938687,6.111913137,2313.45377,650.1968191,4.280252406,8.973276707,,12.91199265,457.4273677,377.344503,,172.8483388,,CF14,765.9630029,5.855774397,,,2786.205072,611.0521093,,6.590661853,,,109.3803794,21.9317857,2.455849269,184.7888468
,CF15,335.9655956,3.467192198,359.5347507,10.79547277,4472.214571,1796.660122,1.485360323,13.63673934,,18.68589313,312.548508,410.3115865,,197.738525,,CF15,506.3261703,,540.6818257,4.851928607,5584.52547,2126.241182,,,,,118.4142235,35.55075714,,281.7630634
,CF16,464.3968441,8.290126703,200.0663645,9.877072887,2347.405302,1265.115197,1.238668189,14.46049608,,17.88857876,475.3656666,631.3449138,5.845939351,164.0701301,,CF16,532.1542243,22.99628725,140.1768913,,2832.310734,1165.313659,,,,,154.4534753,61.32733121,,153.4643224
,CF17,227.5570925,2.222468094,84.85175617,14.9260912,3169.443491,812.3718445,1.403063554,5.617926144,,4.562543129,206.6122693,241.7243807,,205.5242927,,CF17,336.9400956,7.503387274,172.1943615,21.63971235,3553.81687,900.3012157,2.007120002,7.221757246,,2.133543398,147.4623004,46.03770605,11.81140282,424.8510241
,CF18,224.3382924,2.744946599,172.819005,10.54313659,3541.563537,905.1257482,,5.776375649,,5.532934797,57.6132915,52.4145795,,158.7202829,,CF18,254.6622638,,305.9288822,4.056868181,4148.779246,1510.502718,,5.949323734,,29.482153,476.6377258,525.3401105,,530.0440313
,CF19,448.365729,25.74962518,172.1322871,28.42809528,2013.695826,1332.584821,6.289956236,38.63635386,75.70260034,8.170696099,163.9549945,107.7600923,1.092374644,201.8245615,,CF19,482.771523,37.07895017,227.7271527,42.28882973,2134.028801,2239.183278,,41.92081962,154.9811837,10.51555829,1147.101083,1187.774201,,616.9304761
,CF2,559.7110315,4.317463275,45.62860563,7.940778425,1703.337884,574.074198,,4.65603584,,2.592968844,43.9080153,21.33217157,,156.2692906,,CF2,713.7190181,,69.03829225,,1850.159809,751.4114614,,5.949323734,,,123.2994554,76.24552999,,268.9222231
,CF20,410.628452,3.412759492,126.803192,7.150053719,2124.813437,520.1386876,0.910800189,8.02619823,,9.201323697,182.2884763,76.40650072,,100.9683223,,CF20,386.5212132,,113.1681733,1.687327209,2190.688865,1182.394337,,8.457708262,,36.79151295,929.207286,891.6151754,,288.9057318
,CF3,386.6507797,4.882993747,100.6118666,7.546718551,2720.777996,1256.134584,1.540259069,5.259555935,,3.401328064,172.7584623,51.16006717,,296.3658407,,CF3,602.471552,,66.71579327,,3262.239104,1005.22005,,,,,126.2530376,,,504.8977831
,CF4,280.7424485,5.977911004,80.77235071,9.685744266,5218.367994,781.261966,0.234054548,9.872054934,,7.542812739,65.07348802,15.44673484,,119.3464337,,CF4,330.3302433,14.82314621,40.00190979,6.192453706,6137.986263,994.6039486,,11.81464259,,,176.4187221,70.05369175,,241.5470968
,CF5,597.0842982,5.584727406,81.51564016,8.494881296,1965.954725,424.557181,3.751832931,7.182343692,,3.794277291,41.91298086,18.30377979,,143.5680853,,CF5,904.8483346,,240.751344,,2317.237297,364.0264503,,,,,96.63599094,34.20625291,,218.0816954
,CF6,408.7047687,3.303375962,56.1683423,6.010317625,1765.306606,605.9386709,1.047246806,2.912968062,,2.17452416,47.98375995,12.43688059,3.584363954,75.16831106,,CF6,580.7994895,,,,2023.887239,793.2358692,,3.24244443,,,117.2397343,,,127.7093357
,CF7,653.0870846,4.832134623,63.07828597,7.744063575,2680.587675,854.516584,,5.179552647,,11.80512489,36.95996784,16.13823911,,202.1412419,,CF7,844.9723609,,,,3493.587507,1273.350045,,,,,97.08117207,45.78066182,,373.1428882
,CF8,312.3045999,6.172589437,304.0707591,25.19613087,4952.540087,1780.179927,,8.822524363,,16.65116806,123.6957888,24.53082319,1.401521846,135.2570536,,CF8,451.4884272,,480.8002165,41.88537178,5969.912273,2378.222878,,3.002363792,,18.90642797,215.3631569,32.30917263,,272.4463725
,CF9,447.2767169,5.336215713,87.80565642,7.216352882,1254.226442,879.3591038,3.03038752,3.167924449,,7.892579689,16.00038238,13.19446301,,153.2621709,,CF9,486.5029338,,42.5408398,,1396.647516,1207.53713,,16.30251606,,,28.79305244,,38.10646812,354.3974514
