,,Neonate,,,,,,,,,,,,,,,Follow up,,,,,,,,,,,,,
NE ID,NIMBUS ID,EPO,GM-CSF,IFN-γ,IL-10,IL-18,IL-1RA,IL-1α,IL-1β,IL-2,IL-6,IL-8,TNF-α,TNF-β,VEGF,,EPO,GM-CSF,IFN-γ,IL-10,IL-18,IL-1RA,IL-1α,IL-1β,IL-2,IL-6,IL-8,TNF-α,TNF-β,VEGF
,VEHICLE,,,,,,,,,,,,,,,,,,,,,,,,,,,,,
NE00215,44(2),1021.343759,,,0.580755291,174.9250816,3244.315042,1.64645537,0.851076224,,26.43813414,66.06605747,4.780106902,1.320297653,179.9290113,,535.1852747,0.87824466,223.9237017,15.25827568,5137.934097,2782.052151,0.965348068,7.02775518,,27.79946723,238.031545,32.9395312,,331.9545525
NE00219,49(1),3544.189696,,,5.439000705,343.3990496,4903.783797,1.421288235,,,21.3047121,158.4383348,11.84284025,0.922917142,110.3165778,,390.7957717,2.162990673,74.42452174,8.818694957,2039.931904,823.2505002,1.677618983,6.75630274,,5.532934797,295.8533771,13.78719935,,133.554539
NE00220,51(3),2373.336535,0.306206251,,2.888950261,215.4297193,10196.33718,2.352324632,,2.761038757,14.07099361,243.2246627,77.83274394,0.519876987,95.38475768,,304.0925174,2.043051782,50.73198302,6.179525467,1770.184571,550.7610668,2.007879045,4.817786972,,2.343257622,163.6525727,15.65977108,3.37317571,155.1869251
NE00221,53(3),40.13153699,0.099754161,0.409282471,0.68194797,439.2527203,691.9641145,3.19226071,3.264387501,8.73216589,6.820366475,355.6392603,168.9095792,0.60109736,280.1193811,,382.7778989,2.914645849,47.20497277,4.457368525,2020.594791,1024.548382,,19.20062392,,9.743743537,109.0243884,55.44428555,,174.0362968
NE00224,56(4),200.383939,1.455594506,8.67526979,2.345467168,491.1399441,8643.612358,3.961598491,5.617480929,9.992060721,13.6714327,758.5188435,815.0764647,0.76254607,178.6503017,,428.9937106,3.137944314,71.794362,5.8405085,1808.8563,781.1099573,39.27237345,8.520148934,,6.477899319,192.4158966,40.53394053,,109.6205277
NE00225,59(3),125.8888115,0.61966289,3.175702845,0.967397911,563.9994735,6382.373331,22.51159842,1.853473837,6.154418023,13.23474393,440.40921,249.7314715,25.56670197,204.6290412,,388.3093348,1.547892674,56.1683423,7.612571499,593.9084549,1013.364036,,6.522657307,,5.753055366,104.1134515,21.74700344,,117.4115043
NE00226,60(3),60.44168818,0.915063808,4.431010292,1.948902702,778.8586676,3585.734009,20.72639633,23.87552895,3.462498852,48.02111858,532.3132739,335.774608,0.76254607,308.9842759,,1004.6648,3.575558201,54.6209709,7.776892604,2864.045612,828.9226291,,7.758824698,,8.585197106,162.4826115,51.69112711,1.629281624,87.24900104
NE00229,63(1),15723.82659,1.47098593,3.386883801,19.62532199,501.0008686,1970.540062,0.80190041,1.190837933,32.76182801,86.08738151,867.6317868,7.7860244,1.713887233,131.5601891,,384.7148521,4.108242611,72.54685309,8.234711503,1755.890048,482.6781402,0.07442814,4.938702213,,5.826141994,54.33397943,20.13578015,2.587689399,97.72648647
NE00230,64(3),99.27888404,1.40940502,5.356999266,3.561843531,307.2322727,2638.018832,23.97542226,20.18507904,39.39018877,39.37488168,1254.513279,268.9001431,1.320297653,134.3234625,,1078.235169,,173.5054366,4.457368525,2791.01296,695.5118639,1.540259069,2.698589684,,3.559297018,35.83600606,14.59213452,0.774935382,91.8364536
NE00262,66(2),79.17141132,,0.994064308,1.034339652,201.4534513,6480.257368,1.872527589,2.436823618,0.501647191,42.47230832,183.181568,263.841913,2.260255866,129.2459426,,703.6609817,9.952902305,45.62860563,8.786381662,2567.974744,721.9587306,2.200877044,3.837224264,,3.716203798,51.17006938,10.36051236,2.659911457,93.98674417
NE00235,72(2),49.39976423,0.510321559,4.534477918,1.98199778,229.061168,11557.33098,0.081234462,4.450930624,24.28280257,31.23528353,266.6688889,299.1406903,0.356145164,144.0328867,,432.2742016,6.172589437,85.96071445,8.52733159,2295.741641,784.5286707,,7.143731705,4.806683296,20.14451641,118.6681293,22.41972783,,174.3684561
NE00238,77(3),257.9212317,0.604062336,2.428812908,1.783283045,178.957354,2128.990035,7.548682704,11.26783775,9.992060721,15.22955036,458.9406088,454.0447243,2.026674863,258.5069826,,430.9076493,2.457369357,63.07828597,13.77121836,3896.928438,1212.208132,0.234054548,8.330556585,,2.757404907,147.3870788,49.37041802,,201.7340519
NE00267,85,174.0376439,0.041321955,5.925681072,0.856891512,839.308461,4808.321287,0.54706605,0.450811291,,16.00711434,56.36657506,7.681580013,0.397543892,77.92055169,,428.3322894,4.419937886,76.15172066,15.79024296,3012.488345,1251.487553,,8.71139797,,12.97822706,85.75648794,43.29886548,,259.2131577
NE00273,91,362.6547716,0.152076051,6.825927759,3.117676182,565.5655984,4415.173981,,1.072098237,,28.80011276,98.62564369,6.914023543,0.06570575,34.60000832,,368.8526594,6.004270797,67.25742729,9.218596491,4386.358661,836.7314914,11.28394278,4.112419834,1.05442275,9.1756731,98.44931277,38.4094207,,426.1346696
NE00294,112,279.1016259,0.165226674,1.115563161,0.589518047,465.4603914,6072.441563,,1.713619756,0.403018998,33.49129928,111.4015139,4.444108013,0.825242941,75.50038613,,565.5590868,1.419424862,119.3324654,17.17377651,3997.204819,1494.985614,3.418601828,9.72291499,,11.34479717,320.148005,93.32020896,,161.7912752
,LPS,,,,,,,,,,,,,,,,,,,,,,,,,,,,,
NE00215,44(2),1021.343759,,,0.580755291,174.9250816,3244.315042,1.64645537,0.851076224,,26.43813414,66.06605747,4.780106902,1.320297653,179.9290113,,714.8866201,,339.3130403,23.28959985,6093.681779,2980.485494,,,,18.54579763,323.1048721,42.4168464,,600.037389
NE00219,49(1),3544.189696,,,5.439000705,343.3990496,4903.783797,1.421288235,,,21.3047121,158.4383348,11.84284025,0.922917142,110.3165778,,485.2596506,,87.16322711,3.853988002,2026.629692,2256.295066,,63.39569794,,49.96676916,5932.942339,1923.774345,,341.9821681
NE00220,51(3),2373.336535,0.306206251,,2.888950261,215.4297193,10196.33718,2.352324632,,2.761038757,14.07099361,243.2246627,77.83274394,0.519876987,95.38475768,,443.9284614,,26.80482531,,1895.428066,983.7655876,,9.464925964,,,819.917321,219.0640614,,367.2837414
NE00221,53(3),40.13153699,0.099754161,0.409282471,0.68194797,439.2527203,691.9641145,3.19226071,3.264387501,8.73216589,6.820366475,355.6392603,168.9095792,0.60109736,280.1193811,,279.3410077,,,,2211.706255,2592.131408,,,,13.69578343,775.4786066,1049.795743,,359.9108056
NE00224,56(4),200.383939,1.455594506,8.67526979,2.345467168,491.1399441,8643.612358,3.961598491,5.617480929,9.992060721,13.6714327,758.5188435,815.0764647,0.76254607,178.6503017,,689.1264526,,45.05290488,,2095.642305,4844.562948,49.55003992,54.11310472,,143.0792473,2360.11182,2741.155268,,444.766309
NE00225,59(3),125.8888115,0.61966289,3.175702845,0.967397911,563.9994735,6382.373331,22.51159842,1.853473837,6.154418023,13.23474393,440.40921,249.7314715,25.56670197,204.6290412,,325.0267823,,50.00424275,,1410.388216,953.0781712,,9.264968315,,,244.7524601,247.6261731,,204.9545331
NE00226,60(3),60.44168818,0.915063808,4.431010292,1.948902702,778.8586676,3585.734009,20.72639633,23.87552895,3.462498852,48.02111858,532.3132739,335.774608,0.76254607,308.9842759,,1368.685774,,,,3347.115222,1106.626924,,,,,616.9259194,409.724704,,186.6793137
NE00229,63(1),15723.82659,1.47098593,3.386883801,19.62532199,501.0008686,1970.540062,0.80190041,1.190837933,32.76182801,86.08738151,867.6317868,7.7860244,1.713887233,131.5601891,,558.994768,,131.9744831,5.433437731,1864.792598,796.3374211,,9.664182889,,12.91763046,1364.170278,905.5516583,,437.1160859
NE00230,64(3),99.27888404,1.40940502,5.356999266,3.561843531,307.2322727,2638.018832,23.97542226,20.18507904,39.39018877,39.37488168,1254.513279,268.9001431,1.320297653,134.3234625,,1060.077729,,170.2264112,5.815101787,2861.981569,3344.881933,12.67247489,19.71073502,,13.30797074,899.6979438,2253.724654,,366.8639121
NE00262,66(2),79.17141132,,0.994064308,1.034339652,201.4534513,6480.257368,1.872527589,2.436823618,0.501647191,42.47230832,183.181568,263.841913,2.260255866,129.2459426,,712.5511049,,,6.751150412,2951.445564,2405.976449,1.736634453,7.430057552,,,1037.914619,711.4056517,,260.1550883
NE00235,72(2),49.39976423,0.510321559,4.534477918,1.98199778,229.061168,11557.33098,0.081234462,4.450930624,24.28280257,31.23528353,266.6688889,299.1406903,0.356145164,144.0328867,,481.526675,,18.31070444,21.9412755,2280.692094,1851.890389,,33.18958446,,45.57304448,2970.564594,2499.679115,,450.6181344
NE00238,77(3),257.9212317,0.604062336,2.428812908,1.783283045,178.957354,2128.990035,7.548682704,11.26783775,9.992060721,15.22955036,458.9406088,454.0447243,2.026674863,258.5069826,,508.7950943,,62.02635957,12.66503953,4494.177106,1959.549982,,21.46470304,,,1069.837212,1248.444488,,366.6539308
NE00267,85,120.6613662,0.033377615,4.355347616,0.473883239,561.6264069,4064.813131,,2.139806585,0.174273264,10.79227926,91.68714213,6.632636794,0.476760611,92.6172686,,311.7054262,,,6.751150412,3394.571362,1320.511001,,,,62.95398241,238.6056432,341.5431231,,338.0952967
NE00273,91,381.3586712,,1.517175004,3.058753768,606.4435556,5695.317867,0.319195847,2.934526698,0.000681531,31.34945753,212.1675251,20.35301932,,62.96389697,,493.9518135,,26.80482531,4.457487133,5162.275157,1121.792789,,,,4.275873791,173.1771454,47.06354793,,708.4122167
NE00294,112,279.7910835,,,0.311009163,428.0690441,11552.23139,,1.535760995,,30.79953332,134.319543,4.215678929,4.160720833,107.8910383,,848.3795998,,246.2943521,26.67650257,5215.221406,6725.813058,19.65057283,86.05629356,,175.5914471,3691.479931,3183.52685,,871.3881102
