,Row Labels,EPO,GM-CSF,VEGF,IL-8,,IFN-γ,IL-10,IL-18,Il-1RA,IL-1α,IL-1β,IL-2,IL-6,TNF-α,TNF-β
Vehicle,,,,,,,,,,,,,,,,
Patients,4,660.149491,6.124034467,95.31543428,29.12431695,,67.64055166,9.269549832,1984.963601,451.2572129,2.504612937,4.412218429,3.738819221,4.713743569,12.00228305,#DIV/0!
,6,406.780133,7.363980581,160.1362729,117.5383169,,53.06898286,2.868453057,1979.985467,724.2757267,5.116356448,7.835320664,#DIV/0!,6.764327584,18.5663841,#DIV/0!
,10,292.1573316,6.26947511,108.9035084,125.1101608,,57.32593394,6.247044897,3361.743177,1861.066017,0.4222675,6.600641409,#DIV/0!,6.044573649,26.6270856,#DIV/0!
,12,332.8773855,4.16074059,154.4475512,179.5173338,,67.64055166,5.567507743,2654.015866,1435.252008,0.153950502,5.617926144,0.818851874,8.791299514,28.4565531,#DIV/0!
,15,469.5469724,6.07540364,332.9561654,471.0001763,,75.17419174,13.12780887,5264.427658,1271.678839,0.4222675,12.62631257,1.157468305,8.99666778,23.70882918,#DIV/0!
,16,426.8052529,9.196308031,244.9755905,190.3358672,,78.16512349,8.267288615,2979.249962,1504.942458,#DIV/0!,8.822524363,#DIV/0!,8.23999832,26.88178071,#DIV/0!
,18,566.3560579,2.573155302,401.2574064,375.434802,,60.0175574,10.16319843,2616.179805,1780.62835,6.569843629,8.822524363,#DIV/0!,5.385445606,46.99207955,#DIV/0!
,25,409.2544894,1.222243614,402.9240772,528.7416212,,131.4046942,10.16319843,1324.059157,2270.122665,18.56681238,7.490417972,#DIV/0!,6.044573649,96.30458959,1.779501583
,29,276.4493041,9.952902305,191.6037824,120.5275764,,57.32593394,4.842524666,3635.701233,1405.309714,#DIV/0!,3.712794865,#DIV/0!,2.426926003,26.77992655,1.477790969
,30,395.4878476,5.386097223,212.4598449,134.6728869,,74.79945535,8.559766373,2865.058288,1419.99512,0.153950502,4.817786972,#DIV/0!,5.97189892,21.43594115,0.359116346
,32,264.1027197,3.89690276,147.5904697,284.1718849,,90.74915839,9.5899022,1890.331286,970.0372296,5.758639241,6.052506866,#DIV/0!,11.34479717,45.09204941,#DIV/0!
,37,426.2579545,8.563940109,314.2246823,217.0700489,,96.24159208,13.92385004,2844.579211,2919.704747,0.774628131,9.386407174,0.340834937,7.822818521,51.98060718,#DIV/0!
,38,236.6026397,3.683281572,61.09626283,66.41510981,,34.41758945,2.379219966,2143.453515,789.082151,1.567718352,2.870237509,#DIV/0!,0.042118703,13.24843713,#DIV/0!
,44,535.1852747,0.87824466,331.9545525,238.031545,,223.9237017,15.25827568,5137.934097,2782.052151,0.965348068,7.02775518,#DIV/0!,27.79946723,32.9395312,#DIV/0!
,49,390.7957717,2.162990673,133.554539,295.8533771,,74.42452174,8.818694957,2039.931904,823.2505002,1.677618983,6.75630274,#DIV/0!,5.532934797,13.78719935,#DIV/0!
,51,304.0925174,2.043051782,155.1869251,163.6525727,,50.73198302,6.179525467,1770.184571,550.7610668,2.007879045,4.817786972,#DIV/0!,2.343257622,15.65977108,3.37317571
,53,382.7778989,2.914645849,174.0362968,109.0243884,,47.20497277,4.457368525,2020.594791,1024.548382,#DIV/0!,19.20062392,#DIV/0!,9.743743537,55.44428555,#DIV/0!
,56,428.9937106,3.137944314,109.6205277,192.4158966,,71.794362,5.8405085,1808.8563,781.1099573,39.27237345,8.520148934,#DIV/0!,6.477899319,40.53394053,#DIV/0!
,59,388.3093348,1.547892674,117.4115043,104.1134515,,56.1683423,7.612571499,593.9084549,1013.364036,#DIV/0!,6.522657307,#DIV/0!,5.753055366,21.74700344,#DIV/0!
,60,1004.6648,3.575558201,87.24900104,162.4826115,,54.6209709,7.776892604,2864.045612,828.9226291,#DIV/0!,7.758824698,#DIV/0!,8.585197106,51.69112711,1.629281624
,63,384.7148521,4.108242611,97.72648647,54.33397943,,72.54685309,8.234711503,1755.890048,482.6781402,0.07442814,4.938702213,#DIV/0!,5.826141994,20.13578015,2.587689399
,64,1078.235169,#DIV/0!,91.8364536,35.83600606,,173.5054366,4.457368525,2791.01296,695.5118639,1.540259069,2.698589684,#DIV/0!,3.559297018,14.59213452,0.774935382
,66,703.6609817,9.952902305,93.98674417,51.17006938,,45.62860563,8.786381662,2567.974744,721.9587306,2.200877044,3.837224264,#DIV/0!,3.716203798,10.36051236,2.659911457
,72,432.2742016,6.172589437,174.3684561,118.6681293,,85.96071445,8.52733159,2295.741641,784.5286707,#DIV/0!,7.143731705,4.806683296,20.14451641,22.41972783,#DIV/0!
,77,430.9076493,2.457369357,201.7340519,147.3870788,,63.07828597,13.77121836,3896.928438,1212.208132,0.234054548,8.330556585,#DIV/0!,2.757404907,49.37041802,#DIV/0!
,107T,574.8498319,1.982563509,108.6825808,59.87810394,,47.59819523,7.348722621,2827.474926,816.5913624,2.311265126,5.259555935,#DIV/0!,3.081936179,20.29215539,#DIV/0!
,112T,565.5590868,1.419424862,161.7912752,320.148005,,119.3324654,17.17377651,3997.204819,1494.985614,3.418601828,9.72291499,#DIV/0!,11.34479717,93.32020896,#DIV/0!
,126T,228.4341087,5.732790305,203.7222532,532.9807554,,147.2070166,15.4691933,2418.780318,1067.825939,2.836525934,13.13261061,#DIV/0!,18.62474794,104.6213949,#DIV/0!
,85T,428.3322894,4.419937886,259.2131577,85.75648794,,76.15172066,15.79024296,3012.488345,1251.487553,#DIV/0!,8.71139797,#DIV/0!,12.97822706,43.29886548,#DIV/0!
,91T,368.8526594,6.004270797,426.1346696,98.44931277,,67.25742729,9.218596491,4386.358661,836.7314914,11.28394278,4.112419834,1.05442275,9.1756731,38.4094207,#DIV/0!
,98T,544.7960237,1.798839211,148.0907709,129.7566023,,84.48176598,10.51154154,4173.964849,976.9714444,6.317937534,6.091838027,#DIV/0!,2.003767988,21.22836052,#DIV/0!
Controls,CF1,557.0507157,2.043051782,215.0362954,47.7287618,,611.4491735,39.83226641,2708.507639,2492.148672,#DIV/0!,3.210189972,#DIV/0!,30.88122379,27.08539414,#DIV/0!
,CF10,304.0925174,1.547892674,69.75282785,39.36236898,,220.9148808,20.66754984,2135.77192,695.5897229,1.211296416,3.919926485,#DIV/0!,3.480449197,19.71828921,2.002718742
,CF11,329.2237822,7.317089348,197.8296202,34.03405442,,98.42927599,8.947800109,5774.210665,3738.286971,#DIV/0!,9.946530444,1.045897403,24.7817403,15.07333788,#DIV/0!
,CF12,636.3145558,2.970777149,116.1158242,25.24281375,,66.12349458,8.332394545,3709.377279,617.8924548,1.540259069,7.873537343,#DIV/0!,3.16223899,11.67548721,0.528938354
,CF13,323.3127411,3.19327477,64.06703257,19.52962145,,45.23362646,6.482649175,2060.508781,596.5493011,#DIV/0!,4.57492556,#DIV/0!,4.638237289,9.753301985,#DIV/0!
,CF14,531.7103008,2.103189537,172.8483388,457.4273677,,109.2938687,6.111913137,2313.45377,650.1968191,4.280252406,8.973276707,#DIV/0!,12.91199265,377.344503,#DIV/0!
,CF15,335.9655956,3.467192198,197.738525,312.548508,,359.5347507,10.79547277,4472.214571,1796.660122,1.485360323,13.63673934,#DIV/0!,18.68589313,410.3115865,#DIV/0!
,CF16,464.3968441,8.290126703,164.0701301,475.3656666,,200.0663645,9.877072887,2347.405302,1265.115197,1.238668189,14.46049608,#DIV/0!,17.88857876,631.3449138,5.845939351
,CF17,227.5570925,2.222468094,205.5242927,206.6122693,,84.85175617,14.9260912,3169.443491,812.3718445,1.403063554,5.617926144,#DIV/0!,4.562543129,241.7243807,#DIV/0!
,CF18,224.3382924,2.744946599,158.7202829,57.6132915,,172.819005,10.54313659,3541.563537,905.1257482,#DIV/0!,5.776375649,#DIV/0!,5.532934797,52.4145795,#DIV/0!
,CF19,448.365729,25.74962518,201.8245615,163.9549945,,172.1322871,28.42809528,2013.695826,1332.584821,6.289956236,38.63635386,75.70260034,8.170696099,107.7600923,1.092374644
,CF2,559.7110315,4.317463275,156.2692906,43.9080153,,45.62860563,7.940778425,1703.337884,574.074198,#DIV/0!,4.65603584,#DIV/0!,2.592968844,21.33217157,#DIV/0!
,CF20,410.628452,3.412759492,100.9683223,182.2884763,,126.803192,7.150053719,2124.813437,520.1386876,0.910800189,8.02619823,#DIV/0!,9.201323697,76.40650072,#DIV/0!
,CF3,386.6507797,4.882993747,296.3658407,172.7584623,,100.6118666,7.546718551,2720.777996,1256.134584,1.540259069,5.259555935,#DIV/0!,3.401328064,51.16006717,#DIV/0!
,CF4,280.7424485,5.977911004,119.3464337,65.07348802,,80.77235071,9.685744266,5218.367994,781.261966,0.234054548,9.872054934,#DIV/0!,7.542812739,15.44673484,#DIV/0!
,CF5,597.0842982,5.584727406,143.5680853,41.91298086,,81.51564016,8.494881296,1965.954725,424.557181,3.751832931,7.182343692,#DIV/0!,3.794277291,18.30377979,#DIV/0!
,CF6,408.7047687,3.303375962,75.16831106,47.98375995,,56.1683423,6.010317625,1765.306606,605.9386709,1.047246806,2.912968062,#DIV/0!,2.17452416,12.43688059,3.584363954
,CF7,653.0870846,4.832134623,202.1412419,36.95996784,,63.07828597,7.744063575,2680.587675,854.516584,#DIV/0!,5.179552647,#DIV/0!,11.80512489,16.13823911,#DIV/0!
,CF8,312.3045999,6.172589437,135.2570536,123.6957888,,304.0707591,25.19613087,4952.540087,1780.179927,#DIV/0!,8.822524363,#DIV/0!,16.65116806,24.53082319,1.401521846
,CF9,447.2767169,5.336215713,153.2621709,16.00038238,,87.80565642,7.216352882,1254.226442,879.3591038,3.03038752,3.167924449,#DIV/0!,7.892579689,13.19446301,#DIV/0!
,,,,,,,,,,,,,,,,
,,,,,,,,,,,,,,,,
,,,,,,,,,,,,,,,,
,,,,,,,,,,,,,,,,
LPS,,,,,,,,,,,,,,,,
Patients,4,639.502779,#DIV/0!,232.912783,38.95215173,,#DIV/0!,#DIV/0!,2067.307323,720.920211,#DIV/0!,#DIV/0!,#DIV/0!,#DIV/0!,#DIV/0!,#DIV/0!
,6,662.0265007,#DIV/0!,511.9696762,2026.486453,,47.5401221,6.56584459,2192.973407,4128.863969,16.29873659,38.31036452,#DIV/0!,147.4265886,2113.456858,19.69512127
,10,381.3532257,#DIV/0!,416.2673111,1850.857715,,#DIV/0!,#DIV/0!,3807.957038,3236.688141,3.749841495,14.83252295,#DIV/0!,51.41209328,1883.076846,#DIV/0!
,12,500.1452344,36.71198236,384.9668989,1693.221703,,102.4785453,25.21370813,2514.542736,2062.403946,#DIV/0!,18.6458886,#DIV/0!,96.20786415,1673.315456,#DIV/0!
,15,801.6163183,34.67782385,807.0420759,6824.542723,,295.2528279,42.82573714,5343.942678,2674.923508,7.188273085,89.22699273,16.17596256,206.1762695,1456.175891,22.33373018
,16,538.2733683,7.769340325,764.0915563,2717.034711,,54.86914995,7.665068764,2931.818873,1989.176138,14.09939468,19.17954168,#DIV/0!,27.84165651,1248.594823,13.98059808
,18,1318.10358,416.2978584,1208.985567,5213.664949,,787.924182,152.301858,2683.942762,2872.572787,29.25770317,207.7894564,#DIV/0!,162.0921235,3770.167329,0.887164319
,25,548.040519,#DIV/0!,732.3030409,730.2940574,,205.0800868,0.054479941,1443.362446,2569.625621,25.04035673,9.664182889,#DIV/0!,#DIV/0!,125.1262701,#DIV/0!
,29,454.0038151,#DIV/0!,628.4996596,2477.745379,,#DIV/0!,9.787306188,3781.037854,3534.006172,49.42384759,41.76494708,#DIV/0!,106.3712808,2366.551594,#DIV/0!
,30,330.3302433,#DIV/0!,509.554429,1470.666893,,#DIV/0!,22.39227662,3097.038515,2824.621779,#DIV/0!,18.6458886,25.14642703,29.482153,1092.918089,17.01566246
,32,412.1961292,#DIV/0!,731.489655,4577.36387,,87.16322711,8.382660389,2106.610204,5925.645846,202.7397155,104.0140047,#DIV/0!,147.1984966,3089.382608,#DIV/0!
,37,589.2429169,#DIV/0!,1143.977511,2548.664201,,212.6766413,42.55743046,2941.860478,9222.509742,110.4242053,107.7547693,#DIV/0!,148.1103955,3546.657662,#DIV/0!
,38,624.0172736,21.96527728,369.1707834,1123.046148,,208.8845463,11.49550178,2026.629692,2147.703375,12.54259167,25.41318757,24.66573452,53.420556,1969.945658,#DIV/0!
,44,714.8866201,#DIV/0!,600.037389,323.1048721,,339.3130403,23.28959985,6093.681779,2980.485494,#DIV/0!,#DIV/0!,#DIV/0!,18.54579763,42.4168464,#DIV/0!
,49,485.2596506,#DIV/0!,341.9821681,5932.942339,,87.16322711,3.853988002,2026.629692,2256.295066,#DIV/0!,63.39569794,#DIV/0!,49.96676916,1923.774345,#DIV/0!
,51,443.9284614,#DIV/0!,367.2837414,819.917321,,26.80482531,#DIV/0!,1895.428066,983.7655876,#DIV/0!,9.464925964,#DIV/0!,#DIV/0!,219.0640614,#DIV/0!
,53,279.3410077,#DIV/0!,359.9108056,775.4786066,,#DIV/0!,#DIV/0!,2211.706255,2592.131408,#DIV/0!,#DIV/0!,#DIV/0!,13.69578343,1049.795743,#DIV/0!
,56,689.1264526,#DIV/0!,444.766309,2360.11182,,45.05290488,#DIV/0!,2095.642305,4844.562948,49.55003992,54.11310472,#DIV/0!,143.0792473,2741.155268,#DIV/0!
,59,325.0267823,#DIV/0!,204.9545331,244.7524601,,50.00424275,#DIV/0!,1410.388216,953.0781712,#DIV/0!,9.264968315,#DIV/0!,#DIV/0!,247.6261731,#DIV/0!
,60,1368.685774,#DIV/0!,186.6793137,616.9259194,,#DIV/0!,#DIV/0!,3347.115222,1106.626924,#DIV/0!,#DIV/0!,#DIV/0!,#DIV/0!,409.724704,#DIV/0!
,63,558.994768,#DIV/0!,437.1160859,1364.170278,,131.9744831,5.433437731,1864.792598,796.3374211,#DIV/0!,9.664182889,#DIV/0!,12.91763046,905.5516583,#DIV/0!
,64,1060.077729,#DIV/0!,366.8639121,899.6979438,,170.2264112,5.815101787,2861.981569,3344.881933,12.67247489,19.71073502,#DIV/0!,13.30797074,2253.724654,#DIV/0!
,66,712.5511049,#DIV/0!,260.1550883,1037.914619,,#DIV/0!,6.751150412,2951.445564,2405.976449,1.736634453,7.430057552,#DIV/0!,#DIV/0!,711.4056517,#DIV/0!
,72,481.526675,#DIV/0!,450.6181344,2970.564594,,18.31070444,21.9412755,2280.692094,1851.890389,#DIV/0!,33.18958446,#DIV/0!,45.57304448,2499.679115,#DIV/0!
,77,508.7950943,#DIV/0!,366.6539308,1069.837212,,62.02635957,12.66503953,4494.177106,1959.549982,#DIV/0!,21.46470304,#DIV/0!,#DIV/0!,1248.444488,#DIV/0!
,107T,721.8857378,9.323637106,196.5573849,189.2628839,,12.23785992,#DIV/0!,3045.010297,1120.642539,#DIV/0!,#DIV/0!,#DIV/0!,#DIV/0!,181.7010118,#DIV/0!
,112T,848.3795998,#DIV/0!,871.3881102,3691.479931,,246.2943521,26.67650257,5215.221406,6725.813058,19.65057283,86.05629356,#DIV/0!,175.5914471,3183.52685,#DIV/0!
,126T,239.3883206,#DIV/0!,665.4460433,6501.878266,,195.5127532,18.58130656,3039.077129,4461.136545,1.329165611,81.47268993,#DIV/0!,141.2400305,4573.854572,8.303834072
,85T,311.7054262,#DIV/0!,338.0952967,238.6056432,,#DIV/0!,6.751150412,3394.571362,1320.511001,#DIV/0!,#DIV/0!,#DIV/0!,62.95398241,341.5431231,#DIV/0!
,91T,493.9518135,#DIV/0!,708.4122167,173.1771454,,26.80482531,4.457487133,5162.275157,1121.792789,#DIV/0!,#DIV/0!,#DIV/0!,4.275873791,47.06354793,#DIV/0!
,98T,851.7846151,#DIV/0!,379.3830409,443.4468332,,183.9197699,9.264955627,4600.950891,1187.697247,#DIV/0!,6.802101167,#DIV/0!,#DIV/0!,105.6754132,#DIV/0!
Controls,CF1,825.6220876,17.27916409,441.0454044,150.8144486,,993.1059018,63.50702509,3238.96597,3261.877197,#DIV/0!,11.62200863,#DIV/0!,41.68772107,85.15087247,20.57887006
,CF10,311.7054262,#DIV/0!,188.2940928,83.40896026,,330.5870445,25.36063925,2402.652643,958.4391714,#DIV/0!,#DIV/0!,#DIV/0!,#DIV/0!,35.01397431,#DIV/0!
,CF11,368.3826538,#DIV/0!,506.9486539,149.901802,,26.80482531,6.192453706,6836.596237,4715.329461,#DIV/0!,9.264968315,9.643897485,17.45433453,58.12685287,#DIV/0!
,CF12,892.4755522,#DIV/0!,213.4828144,26.32272218,,#DIV/0!,#DIV/0!,3503.169527,691.208962,#DIV/0!,#DIV/0!,#DIV/0!,#DIV/0!,#DIV/0!,#DIV/0!
,CF13,365.7796497,#DIV/0!,106.8947956,16.33420958,,#DIV/0!,#DIV/0!,2289.371799,835.6034742,#DIV/0!,#DIV/0!,#DIV/0!,#DIV/0!,#DIV/0!,#DIV/0!
,CF14,765.9630029,5.855774397,184.7888468,109.3803794,,#DIV/0!,#DIV/0!,2786.205072,611.0521093,#DIV/0!,6.590661853,#DIV/0!,#DIV/0!,21.9317857,2.455849269
,CF15,506.3261703,#DIV/0!,281.7630634,118.4142235,,540.6818257,4.851928607,5584.52547,2126.241182,#DIV/0!,#DIV/0!,#DIV/0!,#DIV/0!,35.55075714,#DIV/0!
,CF16,532.1542243,22.99628725,153.4643224,154.4534753,,140.1768913,#DIV/0!,2832.310734,1165.313659,#DIV/0!,#DIV/0!,#DIV/0!,#DIV/0!,61.32733121,#DIV/0!
,CF17,336.9400956,7.503387274,424.8510241,147.4623004,,172.1943615,21.63971235,3553.81687,900.3012157,2.007120002,7.221757246,#DIV/0!,2.133543398,46.03770605,11.81140282
,CF18,254.6622638,#DIV/0!,530.0440313,476.6377258,,305.9288822,4.056868181,4148.779246,1510.502718,#DIV/0!,5.949323734,#DIV/0!,29.482153,525.3401105,#DIV/0!
,CF19,482.771523,37.07895017,616.9304761,1147.101083,,227.7271527,42.28882973,2134.028801,2239.183278,#DIV/0!,41.92081962,154.9811837,10.51555829,1187.774201,#DIV/0!
,CF2,713.7190181,#DIV/0!,268.9222231,123.2994554,,69.03829225,#DIV/0!,1850.159809,751.4114614,#DIV/0!,5.949323734,#DIV/0!,#DIV/0!,76.24552999,#DIV/0!
,CF20,386.5212132,#DIV/0!,288.9057318,929.207286,,113.1681733,1.687327209,2190.688865,1182.394337,#DIV/0!,8.457708262,#DIV/0!,36.79151295,891.6151754,#DIV/0!
,CF3,602.471552,#DIV/0!,504.8977831,126.2530376,,66.71579327,#DIV/0!,3262.239104,1005.22005,#DIV/0!,#DIV/0!,#DIV/0!,#DIV/0!,#DIV/0!,#DIV/0!
,CF4,330.3302433,14.82314621,241.5470968,176.4187221,,40.00190979,6.192453706,6137.986263,994.6039486,#DIV/0!,11.81464259,#DIV/0!,#DIV/0!,70.05369175,#DIV/0!
,CF5,904.8483346,#DIV/0!,218.0816954,96.63599094,,240.751344,#DIV/0!,2317.237297,364.0264503,#DIV/0!,#DIV/0!,#DIV/0!,#DIV/0!,34.20625291,#DIV/0!
,CF6,580.7994895,#DIV/0!,127.7093357,117.2397343,,#DIV/0!,#DIV/0!,2023.887239,793.2358692,#DIV/0!,3.24244443,#DIV/0!,#DIV/0!,#DIV/0!,#DIV/0!
,CF7,844.9723609,#DIV/0!,373.1428882,97.08117207,,#DIV/0!,#DIV/0!,3493.587507,1273.350045,#DIV/0!,#DIV/0!,#DIV/0!,#DIV/0!,45.78066182,#DIV/0!
,CF8,451.4884272,#DIV/0!,272.4463725,215.3631569,,480.8002165,41.88537178,5969.912273,2378.222878,#DIV/0!,3.002363792,#DIV/0!,18.90642797,32.30917263,#DIV/0!
,CF9,486.5029338,#DIV/0!,354.3974514,28.79305244,,42.5408398,#DIV/0!,1396.647516,1207.53713,#DIV/0!,16.30251606,#DIV/0!,#DIV/0!,#DIV/0!,38.10646812
