Participant NE ID,FIREFLY ID,dx_NE_grade,neurological_score_Day 1_Sarnat Score
NE00186,4,2,
NE00190,10,1,1
NE00192,12,3,2
NE00194,15,2,2
NE00195,16,2,2
NE00197,18,2,2
NE00203,25,2,2
NE00205,30,3,
NE00209,37,2,
NE00210,38,0,
NE00215,44,-97,
NE00219,49,2,2
NE00220,51,2,2
NE00221,53,2,2
NE00224,56,2,2
NE00225,59,2,2
NE00226,60,3,3
NE00229,63,3,
NE00230,64,2,2
NE00232,68,2,
NE00235,72,3,
NE00236,73,3,
NE00238,77,2,2
NE00245,6,1,1
NE00251,29,1,1
NE00253,32,2,2
NE00261,65,2,2
NE00262,66,0,0
NE00267,85T,2,2
NE00273,91T,2,2
NE00280,98T,2,2
NE00289,107T,4,1
NE00294,112T,0,0
NE00303,121T,-96,
