Nimbus ID,Child’s bedtime,Child’s usual wake time,Amount of sleep each night (no naps) (hh:mm),Amount of sleep each day (naps) (hh:mm),"Scoring: 1 (Usually), 2 (Sometimes), 3 (Rarely)",,,,,,"Scoring: 0 (Not Sleepy), 1 (Very Sleepy), 2 (Falls Asleep)",,"Scoring: 3 (Usually), 2 (Sometimes), 1 (Rarely)",,,,,,,,,,,,,,,,,,,,,,,,,,
,,,,,Subscale 1,Subscale 1,Subscale 2,Subscale 3,Subscale 3,Subscale 8,Subscale 8,Subscale 8,Subscale 1,Subscale 1,"Subscale 1, 4","Subscale 1, 4",Subscale 3,Subscale 4,Subscale 4 ,Subscale 5,Subscale 5,Subscale 5 ,Minutes a night waking usually lasts,Subscale 6,Subscale 6,Subscale 6,Subscale 6,Subscale 6,Subscale 6,Subscale 6,Subscale 7,Subscale 7,Subscale 7,Subscale 8,Subscale 8,Subscale 8,Subscale 8,Subscale 8,Comments
,,,,,1,2,3,4,5,6,7,8,9,10,11,12,13,14,15,16,17,18,,19,20,21,22,23,24,25,26,27,28,29,30,31,32,33,
TUH06,22:00,08:00,08:20,01:30,1,1,2,1,1,1,0,2,1,1,1,1,1,1,1,,3,1,00:30,1,1,1,1,2,1,1,3,2,3,1,1,1,1,1,
TUH09,20:30,07:00,10:30,,1,1,2,1,1,1,,,1,1,1,1,1,1,1,1,1,3,,1,1,1,1,1,1,1,2,2,2,1,1,1,1,2,
THU10,20:00,07:00,11:00,00:00,1,3,3,2,3,1,1,0,1,3,3,3,3,1,1,3,3,3,03:00,1,3,1,1,3,2,1,1,1,3,3,1,1,3,3,
THU11,21:00,06:00,09:00,00:00,3,3,3,3,3,1,0,0,2,3,3,3,3,3,3,1,3,3,,3,3,1,1,3,3,3,3,3,3,2,3,1,3,1,
THU12,20:30,20:30,12:00,02:00,1,1,3,2,2,1,2,2,2,2,1,1,1,1,3,2,1,3,02:00,1,3,1,3,1,3,2,2,3,2,2,3,1,2,3,
THU13,22:00,07:00,09:00,03:00,1,3,1,1,2,1,0,2,3,1,3,1,2,1,1,3,3,2,00:10,1,1,1,2,1,1,3,3,2,2,2,2,1,2,1,
THU15,22:00,07:30,08:30,01:00,1,3,1,1,2,1,0,1,1,1,3,3,2,1,1,1,3,3,00:03,1,3,1,3,2,1,1,1,3,3,1,1,1,1,1,
THU16,20:00,07:00,11:00,03:30,2,1,3,1,2,1,2,0,1,1,1,1,1,3,1,1,2,2,00:02,1,1,1,3,1,1,1,1,1,1,1,3,1,,3,
THU17,,,,,2,3,3,2,2,1,0,0,2,2,3,1,1,1,1,1,2,1,00:30,1,2,1,1,2,1,1,3,3,3,1,1,1,1,1,
THU18,20:00,05:00,09:00,01:30,1,3,3,1,1,1,2,2,1,1,3,1,1,1,1,1,3,3,01:00,1,1,1,3,3,1,1,3,3,3,1,3,3,3,1,
THU19,22:00,06:30,08:30,02:00,2,2,2,1,1,1,2,0,1,2,1,1,1,1,1,1,3,3,00:10,1,1,1,2,1,1,1,1,2,2,2,1,1,1,1,
TUH20,20:30,08:00,12:30,,1,1,1,1,1,2,1,2,1,1,1,1,1,1,1,1,1,1,,1,1,1,3,1,1,1,1,1,1,1,1,1,1,1,
THU22,,,,,1,1,3,1,2,1,2,2,1,1,1,1,1,1,1,1,1,2,,1,1,1,1,1,1,2,2,1,1,1,1,1,1,1,
THU23,20:30,06:30,10:00,00:00,1,1,1,1,1,1,0,0,1,1,1,1,1,1,1,1,3,2,00:15,1,1,1,3,3,1,1,2,1,1,1,1,1,2,1,
THU24,19:00,,,,1,1,3,2,2,1,1,2,2,2,1,1,2,1,1,3,2,3,01:00,1,2,1,1,2,2,2,1,1,1,2,1,1,1,2,
THU25,21:30,07:30,10:00,01:30,1,1,1,2,2,1,0,2,2,1,2,1,2,1,1,1,2,2,00:05,1,1,1,2,1,1,1,1,1,1,1,1,1,1,1,
THU26,20:30,05:30,09:00,01:30,1,1,3,2,2,1,0,2,1,3,2,2,2,3,2,1,1,2,00:30,1,2,1,1,1,1,1,3,3,2,1,1,1,1,2,
THU27,20:00,06:30,10:30,00:00,1,1,1,1,1,1,0,0,1,1,1,1,1,1,2,1,1,1,,1,1,1,1,1,1,1,1,1,1,1,2,1,1,1,
THU28,21:30,06:00,08:30,03:00,1,3,2,1,2,1,,,2,2,3,1,2,1,1,,3,2,,,2,,,,2,,2,1,,1,1,1,1,1,
,,,,,,,,,,,,,,,,,,,,,,,,,,,,,,,,,,,,,,,
,,,,,,,,,,,,,,,,,,,,,,,,,,,,,,,,,,,,,,,
,,,,,,,,,,,,,,,,,,,,,,,,,,,,,,,,,,,,,,,
,,,,,,,,,,,,,,,,,,,,,,,,,,,,,,,,,,,,,,,
,,,,,,,,,,,,,,,,,,,,,,,,,,,,,,,,,,,,,,,
,,,,,,,,,,,,,,,,,,,,,,,,,,,,,,,,,,,,,,,
,,,,,,,,,,,,,,,,,,,,,,,,,,,,,,,,,,,,,,,
,,,,,,,,,,,,,,,,,,,,,,,,,,,,,,,,,,,,,,,
,,,,,,,,,,,,,,,,,,,,,,,,,,,,,,,,,,,,,,,
,,,,,,,,,,,,,,,,,,,,,,,,,,,,,,,,,,,,,,,
,,,,,,,,,,,,,,,,,,,,,,,,,,,,,,,,,,,,,,,
,,,,,,,,,,,,,,,,,,,,,,,,,,,,,,,,,,,,,,,
,,,,,,,,,,,,,,,,,,,,,,,,,,,,,,,,,,,,,,,
,,,,,,,,,,,,,,,,,,,,,,,,,,,,,,,,,,,,,,,
