BASELINE,age at bloods (mths),Cystatin C,EPO,GM-CSF (Human),IFN-γ,IL-10,IL-18,IL-1RA,IL-1α,IL-1β,IL-2,IL-6,IL-8,TNF-α,TNF-β,VEGF,,,,LPS treated,Cystatin C,EPO,GM-CSF (Human),IFN-γ,IL-10,IL-18,IL-1RA,IL-1α,IL-1β,IL-2,IL-6,IL-8,TNF-α,TNF-β,VEGF
,,pg/ml,,,,,,,,,,,,,,,,,,,,,,,,,,,,,,,,,
c1,124,811.43,71.29,0.01,10.55,0.34,506.71,172.06,#DIV/0!,#DIV/0!,#DIV/0!,0.28,6.53,2.29,0.30,99.40,,,,c1,,84.28,0.19,17.85,0.56,563.93,398.42,#DIV/0!,0.48,#DIV/0!,2.16,185.95,177.28,1.81,240.70
c2,82,439.34,57.60,0.42,13.39,0.37,424.41,103.35,#DIV/0!,0.05,0.70,0.54,4.04,4.92,0.74,30.79,,,,c2,,71.36,0.68,13.52,0.94,467.56,279.12,#DIV/0!,#DIV/0!,1.54,3.44,74.30,130.96,1.50,113.22
c3,151,562.26,62.04,0.10,9.30,0.25,578.30,136.60,8.62,#DIV/0!,#DIV/0!,0.43,5.37,41.53,0.77,22.98,,,,c3,,80.10,1.04,21.45,0.82,693.29,350.32,#DIV/0!,1.02,3.96,2.76,106.56,132.15,1.60,104.98
c4,136,421.77,45.89,0.03,6.62,0.19,447.21,230.55,4.46,0.16,#DIV/0!,0.59,3.38,2.31,1.33,30.21,,,,c4,,52.82,#DIV/0!,4.42,1.16,465.51,710.15,#DIV/0!,2.41,0.18,8.03,287.26,565.34,0.17,142.40
c5,72,464.03,99.13,0.19,139.84,27.07,3141.59,364.27,2.72,0.23,0.35,2.74,5.49,9.19,0.42,42.79,,,,c5,,109.78,0.49,175.77,29.95,3250.64,1584.60,#DIV/0!,5.28,1.14,37.87,283.72,453.21,0.57,158.06
c6,183,780.27,47.54,0.08,6.62,0.43,545.59,108.58,#DIV/0!,#DIV/0!,#DIV/0!,0.41,2.50,2.05,0.37,23.11,,,,c6,,53.59,0.06,#DIV/0!,0.87,562.12,1345.42,#DIV/0!,2.07,#DIV/0!,13.15,94.09,694.57,0.85,128.99
c7,25,613.57,179.32,0.06,50.20,0.75,1364.14,429.01,#DIV/0!,0.18,#DIV/0!,2.82,4.48,4.57,0.21,22.76,,,,c7,,186.57,0.42,58.58,1.23,1367.69,2517.15,#DIV/0!,2.76,#DIV/0!,26.86,106.15,670.18,#DIV/0!,153.47
c8,15,600.66,96.57,0.12,8.94,0.84,903.09,258.91,#DIV/0!,0.10,#DIV/0!,0.59,4.27,5.68,0.69,28.89,,,,c8,,124.44,#DIV/0!,8.80,1.42,975.54,2033.57,#DIV/0!,1.14,#DIV/0!,17.96,128.53,714.69,0.34,122.34
c9,115,859.58,47.64,0.13,14.89,0.49,607.73,1799.15,1.65,0.73,#DIV/0!,15.40,115.55,291.26,0.20,111.50,,,,c9,,53.01,0.16,17.13,0.54,692.54,957.73,#DIV/0!,#DIV/0!,#DIV/0!,0.51,4.18,3.52,0.74,88.94
c10,72,704.38,113.88,0.21,11.61,0.30,587.63,167.93,7.07,0.19,#DIV/0!,0.54,2.97,2.95,1.11,46.06,,,,c10,,154.19,0.20,12.79,0.52,830.21,1169.24,#DIV/0!,1.21,#DIV/0!,5.68,71.45,391.71,1.55,150.34
c11,61,719.11,122.95,0.08,12.23,0.35,1002.60,191.26,1.47,0.52,#DIV/0!,0.58,2.77,3.50,0.37,27.37,,,,c11,,145.04,0.16,26.48,0.65,1259.71,1323.34,#DIV/0!,1.15,#DIV/0!,11.59,43.72,352.83,1.50,132.00
c12,178,1014.80,52.55,0.13,6.36,0.23,464.18,125.85,#DIV/0!,0.03,#DIV/0!,0.46,1.73,1.68,0.74,32.85,,,,c12,,56.46,0.30,#DIV/0!,0.41,497.95,868.67,#DIV/0!,0.31,#DIV/0!,3.90,21.44,240.72,0.46,94.48
c13,105,641.28,60.74,0.05,7.52,0.39,606.31,154.80,0.97,0.11,#DIV/0!,0.33,2.54,2.20,#DIV/0!,28.06,,,,c13,,76.30,0.01,9.89,0.49,698.93,899.86,#DIV/0!,0.37,0.08,4.79,34.20,209.68,#DIV/0!,89.69
c14,43,678.02,37.69,0.06,6.98,0.31,843.18,179.76,#DIV/0!,#DIV/0!,#DIV/0!,0.25,2.80,3.03,0.08,25.85,,,,c14,,35.85,0.55,8.07,0.45,810.19,1393.11,#DIV/0!,0.70,0.11,6.05,74.55,345.68,#DIV/0!,116.96
o1,,,140.47,0.10,15.60,0.28,605.48,369.14,#DIV/0!,#DIV/0!,#DIV/0!,2.73,13.12,3.83,#DIV/0!,164.46,,,,o1,,174.68,0.42,17.49,0.68,552.09,835.12,#DIV/0!,1.92,#DIV/0!,9.61,638.64,614.68,0.90,390.09
o2,,,0.53,0.03,#DIV/0!,0.02,667.54,209.72,#DIV/0!,0.09,0.13,#DIV/0!,#DIV/0!,#DIV/0!,#DIV/0!,#DIV/0!,,,,o2,,92.61,0.15,138.63,0.99,521.37,874.97,#DIV/0!,3.69,#DIV/0!,43.06,1041.79,1587.55,#DIV/0!,153.94
o3,,,0.70,0.05,1.21,0.01,1574.70,1438.33,#DIV/0!,0.07,0.17,0.05,0.04,#DIV/0!,0.02,#DIV/0!,,,,o3,,109.03,0.04,248.01,1.34,1339.77,1788.87,#DIV/0!,2.48,#DIV/0!,20.84,443.29,1379.64,#DIV/0!,152.89
o4,,,#DIV/0!,0.07,1.58,0.01,445.89,3374.64,#DIV/0!,0.10,0.21,0.05,0.07,0.06,#DIV/0!,#DIV/0!,,,,o4,,110.72,0.41,23.97,0.95,451.13,3331.46,#DIV/0!,0.85,2.00,23.49,301.72,171.00,0.79,406.68
o5,,,0.86,0.13,4.20,0.04,573.36,1030.20,#DIV/0!,0.10,#DIV/0!,#DIV/0!,0.12,#DIV/0!,#DIV/0!,#DIV/0!,,,,o5,,143.54,0.30,6.61,0.57,547.04,1311.07,#DIV/0!,0.67,#DIV/0!,5.75,289.29,497.79,0.46,168.82
o6,,,0.13,0.03,1.94,0.01,1311.90,1386.10,17.27,0.13,0.12,#DIV/0!,0.02,#DIV/0!,1.72,#DIV/0!,,,,o6,,212.14,0.10,30.07,1.70,1090.17,1698.55,#DIV/0!,1.78,#DIV/0!,35.81,1173.94,282.97,0.05,342.57
o7,,,0.13,0.03,1.58,0.02,610.00,1049.33,#DIV/0!,0.08,0.19,0.07,0.08,0.39,#DIV/0!,#DIV/0!,,,,o7,,121.25,0.19,4.78,0.43,445.53,1076.87,#DIV/0!,0.70,#DIV/0!,4.28,243.44,491.79,0.90,165.83
o8,,,#DIV/0!,0.04,#DIV/0!,0.03,1196.83,1439.14,5.15,0.10,0.14,0.02,0.02,0.15,0.68,#DIV/0!,,,,o8,,254.96,0.55,36.15,2.43,1137.05,1842.69,#DIV/0!,3.50,0.00,51.99,2298.28,383.96,#DIV/0!,401.42
o9,,,0.86,0.08,2.58,0.01,350.91,2851.55,0.09,0.09,0.22,0.12,0.15,#DIV/0!,0.27,#DIV/0!,,,,o9,,259.19,0.23,19.29,15.94,427.66,1075.29,#DIV/0!,#DIV/0!,#DIV/0!,5.26,67.46,11.82,1.12,138.90
o10,,,161.87,0.30,15.60,6.75,320.73,1968.40,2.97,2.67,#DIV/0!,91.71,2467.27,683.77,#DIV/0!,102.16,,,,o10,,248.88,#DIV/0!,9.16,14.88,376.39,1368.12,#DIV/0!,#DIV/0!,#DIV/0!,4.37,68.19,8.40,0.68,135.35
o11,,,143.35,0.04,13.83,0.83,332.26,750.52,#DIV/0!,0.62,#DIV/0!,5.74,78.88,23.20,1.45,47.17,,,,o11,,105.63,0.55,23.61,1.73,332.01,2752.70,#DIV/0!,14.51,#DIV/0!,111.39,2533.17,1474.35,0.05,134.98
o12,,,145.35,0.09,11.44,0.77,330.87,782.71,#DIV/0!,0.70,#DIV/0!,6.19,88.33,22.44,0.90,55.39,,,,o12,,104.32,0.76,11.34,1.52,331.48,3055.90,#DIV/0!,28.80,0.11,119.55,2963.52,1223.58,0.17,146.81
,,,,,,,,,,,,,,,,,,,,,,,,,,,,,,,,,,,
