BASELINE,Sample,Cystatin C,EPO,GM-CSF ,IFN-γ,IL-10,IL-18,IL-1RA,IL-1α,IL-1β,IL-2,IL-6,IL-8,TNF-α,TNF-β,VEGF,,LPS treated,Sample,Cystatin C,EPO,GM-CSF ,IFN-γ,IL-10,IL-18,IL-1RA,IL-1α,IL-1β,IL-2,IL-6,IL-8,TNF-α,TNF-β,VEGF
,,pg/ml,,,,,,,,,,,,,,,,,,,,,,,,,,,,,,,,
,p1,#DIV/0!,30.71,0.08,#DIV/0!,0.27,233.15,83.60,3.22,#DIV/0!,#DIV/0!,0.47,1.80,0.35,#DIV/0!,70.96,,,p1,,83.33,0.49,5.15,0.95,552.02,634.76,#DIV/0!,0.93,#DIV/0!,13.91,468.02,623.24,0.11,290.20
,p2,1142.22,117.27,0.11,10.99,0.28,566.94,162.03,2.33,#DIV/0!,0.24,0.89,8.74,3.50,0.30,61.70,,,p2,,190.47,0.12,8.80,0.75,716.36,900.65,#DIV/0!,0.70,#DIV/0!,3.91,314.16,640.40,0.17,164.49
,p3,495.93,110.25,0.08,7.52,0.34,453.89,228.50,6.22,0.22,#DIV/0!,0.52,17.62,2.83,0.72,170.51,,,p3,,144.10,0.41,11.34,0.62,539.56,533.56,#DIV/0!,3.05,#DIV/0!,3.04,328.39,284.50,1.50,369.73
,p4,336.10,153.79,0.21,7.70,0.35,526.60,128.89,#DIV/0!,0.26,0.17,0.62,4.48,2.83,0.93,23.33,,,p4,,187.87,0.82,9.89,0.45,605.77,241.99,#DIV/0!,0.60,0.24,1.14,8.10,3.45,1.39,65.89
,p5,416.70,88.67,0.03,11.79,0.42,765.31,178.89,#DIV/0!,0.15,#DIV/0!,1.18,3.41,2.75,#DIV/0!,29.28,,,p5,,96.20,0.38,14.60,0.82,802.69,527.19,#DIV/0!,0.70,#DIV/0!,3.74,189.18,359.92,0.40,158.41
,p6,428.32,115.84,0.06,6.80,0.29,330.87,195.26,#DIV/0!,0.09,#DIV/0!,0.66,3.03,1.87,0.32,30.06,,,p6,,158.48,0.06,7.71,0.68,455.52,599.46,#DIV/0!,0.83,#DIV/0!,8.72,211.51,537.61,0.11,121.95
,p7,483.45,436.16,0.10,16.57,0.84,936.17,334.67,5.43,0.91,0.10,6.03,12.30,4.06,1.74,204.07,,,p7,,552.55,0.37,18.57,1.37,1005.97,3096.88,#DIV/0!,2.25,#DIV/0!,17.13,278.75,467.60,0.23,396.85
,p8,643.02,35.11,0.15,11.35,0.59,666.46,325.98,#DIV/0!,0.59,#DIV/0!,1.67,10.53,4.22,1.08,139.41,,,p8,,34.29,#DIV/0!,8.07,1.28,683.21,1189.87,#DIV/0!,1.52,#DIV/0!,13.84,468.25,466.02,0.46,298.03
,p9,468.91,89.07,0.15,10.46,0.33,573.36,268.68,#DIV/0!,0.26,0.10,1.02,7.74,3.21,0.63,27.09,,,p9,,113.54,0.53,5.88,0.63,539.34,880.59,#DIV/0!,1.22,#DIV/0!,7.61,172.86,750.86,0.40,143.48
,p10,434.35,103.76,0.15,48.90,0.19,343.26,184.71,6.16,0.28,#DIV/0!,0.84,2.97,2.55,0.96,37.90,,,p10,,215.29,0.15,103.82,0.63,406.06,1019.53,#DIV/0!,1.17,0.21,6.34,70.49,349.22,1.01,132.37
,p11,894.01,149.45,0.08,5.82,0.29,338.44,196.85,#DIV/0!,0.09,#DIV/0!,0.36,3.70,1.77,0.12,36.69,,,p11,,280.15,0.12,11.71,0.83,410.15,1078.45,#DIV/0!,0.56,#DIV/0!,5.71,367.83,378.23,0.11,162.81
,p12,584.50,88.43,0.11,6.62,0.85,569.85,535.31,2.22,0.12,#DIV/0!,1.17,5.75,2.66,0.00,35.03,,,p12,,125.00,0.26,11.34,1.31,625.43,945.20,#DIV/0!,0.51,#DIV/0!,2.91,131.94,288.19,#DIV/0!,151.39
,p13,559.97,191.30,1.49,39.74,0.55,775.90,205.49,2.62,0.75,0.55,1.62,4.75,7.38,6.92,46.27,,,p13,,218.62,1.63,41.50,0.89,1015.77,730.60,3.78,1.38,1.54,6.58,192.87,342.98,3.84,138.53
,p14,520.09,71.34,0.32,20.81,0.31,487.26,139.43,#DIV/0!,0.57,0.60,1.44,5.16,2.40,3.42,20.19,,,p14,,113.17,1.37,57.87,1.98,574.04,570.99,#DIV/0!,2.85,4.20,5.85,238.55,198.22,9.01,134.85
,p15,575.46,57.60,0.12,12.59,0.41,424.06,231.90,0.43,0.38,0.03,2.02,76.24,40.38,#DIV/0!,59.10,,,p15,,78.78,0.16,21.09,0.84,500.37,657.61,#DIV/0!,1.48,#DIV/0!,10.97,521.71,435.47,0.63,209.43
,y1,,55.45,0.11,7.79,0.46,646.21,651.67,4.71,0.04,#DIV/0!,0.73,19.23,7.33,0.13,48.30,,,y1,,59.72,0.10,5.15,0.79,507.55,996.64,1.08,1.97,#DIV/0!,16.46,578.50,954.03,1.12,150.69
,y2,,182.62,0.14,6.80,0.36,424.14,244.69,#DIV/0!,0.45,#DIV/0!,1.17,57.11,6.07,0.53,29.90,,,y2,,235.05,0.58,13.16,1.34,389.14,950.52,1.44,3.25,#DIV/0!,16.35,1179.96,708.93,0.46,145.39
,y3,,79.57,0.03,6.00,0.23,570.13,321.75,3.08,0.15,#DIV/0!,0.73,28.91,3.75,0.59,71.64,,,y3,,114.67,0.48,6.25,0.67,512.08,1069.15,#DIV/0!,5.46,#DIV/0!,21.21,2018.36,596.78,#DIV/0!,343.42
,y4,,76.80,,8.05,0.24,660.53,255.28,7.79,0.22,#DIV/0!,0.48,18.27,3.88,0.49,71.39,,,y4,,90.91,0.18,17.13,0.63,578.41,693.77,#DIV/0!,3.14,0.28,7.99,579.00,681.06,1.60,200.23
,y5,,128.34,0.04,12.15,0.24,461.96,210.61,1.24,0.59,0.18,0.46,25.20,5.14,#DIV/0!,36.55,,,y5,,170.21,0.26,32.57,0.99,526.28,967.95,#DIV/0!,2.42,0.24,16.16,1051.34,1131.48,0.46,178.27
,y6,,89.12,0.02,31.26,0.38,1885.97,335.60,19.01,0.04,0.10,1.20,15.85,4.30,#DIV/0!,49.33,,,y6,,127.44,0.41,53.96,1.24,2015.59,1024.63,2.06,1.81,#DIV/0!,31.63,770.50,778.66,0.17,238.86
,y7,,102.23,0.12,12.50,0.23,390.32,180.98,22.35,0.13,#DIV/0!,0.80,11.25,2.61,#DIV/0!,74.54,,,y7,,154.19,0.23,19.29,0.86,378.14,828.91,#DIV/0!,3.89,#DIV/0!,24.41,748.79,540.39,1.06,310.88
,y8,,72.43,0.02,10.81,0.32,1136.75,1135.88,1.17,0.18,#DIV/0!,0.84,22.74,3.52,#DIV/0!,55.45,,,y8,,93.55,0.55,13.52,0.73,1164.05,2032.30,#DIV/0!,3.17,#DIV/0!,14.41,1627.06,432.98,0.29,296.87
,y9,,63.88,0.10,16.22,0.29,344.44,414.47,#DIV/0!,0.25,#DIV/0!,0.68,22.55,3.35,0.38,101.73,,,y9,,79.15,0.13,25.77,0.72,290.35,1967.24,#DIV/0!,7.95,#DIV/0!,34.58,2233.13,1065.41,0.23,393.05
,y10,,124.42,0.08,6.89,0.13,324.67,111.22,#DIV/0!,0.03,#DIV/0!,0.50,7.13,2.09,#DIV/0!,27.37,,,y10,,169.84,0.40,12.79,0.42,323.03,533.25,#DIV/0!,1.16,#DIV/0!,7.09,382.72,388.84,0.63,130.00
,,,,,,,,,,,,,,,,,,,,,,,,,,,,,,,,,,
,,,,,,,,,,,,,,,,,,,,,,,,,,,,,,,,,,
,,,,,,,Median Limits of detection,,,,,,,,,,,,,,,,,,,,,,,,,,,
,,,,,,,pg/ml,,,,,,,,,,,,,,,,,,,,,,,,,,,
,,,,,,,LLOD,,,,,,,,,,,,,,,,,,,,,,,,,,,
,,,,,,Cystatin C,58.4522212,,,,,,,,,,,,,,,,,,,,,,,,,,,
,,,,,,EPO,2.430538965,,,,,,,,,,,,,,,,,,,,,,,,,,,
,,,,,,GM-CSF ,0.246960247,,,,,,,,,,,,,,,,,,,,,,,,,,,
,,,,,,IFN-γ,4.355739234,,,,,,,,,,,,,,,,,,,,,,,,,,,
,,,,,,IL-10,0.092406511,,,,,,,,,,,,,,,,,,,,,,,,,,,
,,,,,,IL-18,0.761036943,,,,,,,,,,,,,,,,,,,,,,,,,,,
,,,,,,IL-1RA,6.690574184,,,,,,,,,,,,,,,,,,,,,,,,,,,
,,,,,,IL-1α,2.264652051,,,,,,,,,,,,,,,,,,,,,,,,,,,
,,,,,,IL-1β,0.131143702,,,,,,,,,,,,,,,,,,,,,,,,,,,
,,,,,,IL-2,0.314060272,,,,,,,,,,,,,,,,,,,,,,,,,,,
,,,,,,IL-6,0.172373309,,,,,,,,,,,,,,,,,,,,,,,,,,,
,,,,,,IL-8,0.198943698,,,,,,,,,,,,,,,,,,,,,,,,,,,
,,,,,,TNF-α,1.204315513,,,,,,,,,,,,,,,,,,,,,,,,,,,
,,,,,,TNF-β,0.510808347,,,,,,,,,,,,,,,,,,,,,,,,,,,
,,,,,,VEGF,4.984724353,,,,,,,,,,,,,,,,,,,,,,,,,,,
,,,,,,,,,,,,,,,,,,,,,,,,,,,,,,,,,,
,,,,,,,,,,,,,,,,,,,,,,,,,,,,,,,,,,
,,,,,,,,,,,,,,,,,,,,,,,,,,,,,,,,,,
,,,,,,,,,,,,,,,,,,,,,,,,,,,,,,,,,,
,,,,,,,,,,,,,,,,,,,,,,,,,,,,,,,,,,
,,,,,,,,,,,,,,,,,,,,,,,,,,,,,,,,,,
