,EPO,,,,,,,,,,,,,GM-CSF,,,,,,,,,,,,,IFN-γ,,,,,,,,,,,,,IL-10,,,,,,,,,,,,,IL-1RA,,,,,,,,,,,,,IL-1β,,,,,,,,,,,,,IL-2,,,,,,,,,,,,,IL-6,,,,,,,,,,,,,IL-8,,,,,,,,,,,,,TNF-α,,,,,,,,,,,,,TNF-β,,,,,,,,,,,,,VEGF,,,,,,,,,,,
Patient id,Dex,Dex+LPS,E2,E2+LPS,E2+Pg,E2+Pg+LPS,IL1RA,IL1RA+LPS,LPS,Pg,Pg+LPS,veh,,Dex,Dex+LPS,E2,E2+LPS,E2+Pg,E2+Pg+LPS,IL1RA,IL1RA+LPS,LPS,Pg,Pg+LPS,veh,,Dex,Dex+LPS,E2,E2+LPS,E2+Pg,E2+Pg+LPS,IL1RA,IL1RA+LPS,LPS,Pg,Pg+LPS,veh,,Dex,Dex+LPS,E2,E2+LPS,E2+Pg,E2+Pg+LPS,IL1RA,IL1RA+LPS,LPS,Pg,Pg+LPS,veh,,Dex,Dex+LPS,E2,E2+LPS,E2+Pg,E2+Pg+LPS,IL1RA,IL1RA+LPS,LPS,Pg,Pg+LPS,veh,,Dex,Dex+LPS,E2,E2+LPS,E2+Pg,E2+Pg+LPS,IL1RA,IL1RA+LPS,LPS,Pg,Pg+LPS,veh,,Dex,Dex+LPS,E2,E2+LPS,E2+Pg,E2+Pg+LPS,IL1RA,IL1RA+LPS,LPS,Pg,Pg+LPS,veh,,Dex,Dex+LPS,E2,E2+LPS,E2+Pg,E2+Pg+LPS,IL1RA,IL1RA+LPS,LPS,Pg,Pg+LPS,veh,,Dex,Dex+LPS,E2,E2+LPS,E2+Pg,E2+Pg+LPS,IL1RA,IL1RA+LPS,LPS,Pg,Pg+LPS,veh,,Dex,Dex+LPS,E2,E2+LPS,E2+Pg,E2+Pg+LPS,IL1RA,IL1RA+LPS,LPS,Pg,Pg+LPS,veh,,Dex,Dex+LPS,E2,E2+LPS,E2+Pg,E2+Pg+LPS,IL1RA,IL1RA+LPS,LPS,Pg,Pg+LPS,veh,,Dex,Dex+LPS,E2,E2+LPS,E2+Pg,E2+Pg+LPS,IL1RA,IL1RA+LPS,LPS,Pg,Pg+LPS,veh
s1,107.5132854,104.5757055,105.5592085,90.92133948,93.83225018,159.3023432,,,,126.9461376,117.4105924,148.1527216,,0.038610276,#DIV/0!,#DIV/0!,0.007553367,#DIV/0!,0.007719797,,,#DIV/0!,#DIV/0!,0.191865168,0.088434631,,12.25527397,10.2144947,10.68252596,8.822650813,11.99552929,12.67510424,,,18.52822355,8.451092772,7.700271934,20.40012385,,1.430068088,1.319617126,1.421943771,3.28647841,0.997722096,3.86486982,,,10.58064018,0.947311825,4.820354132,5.892720039,,2135.008465,1164.507014,2218.85313,4445.383545,454.8265322,6478.45151,,,5644.674933,1299.628146,#DIV/0!,6274.424307,,7.167675748,0.534525813,4.814021655,15.83939233,2.081069336,129.2094285,,,16.61709833,2.09756548,7.74363147,37.2354756,,3.610511471,#DIV/0!,0.677799187,4.955534463,2.824249322,0.064909843,,,1.960431993,#DIV/0!,#DIV/0!,6.188749251,,1.54467866,0.695442361,0.803262381,26.61952933,0.572878839,48.94894479,,,36.97173882,1.400381328,34.21929006,35.06812042,,388.1108187,174.5014281,267.7725732,760.4682519,167.1757602,1012.873322,,,1707.268793,192.8959687,1580.257045,1453.766771,,81.24481636,11.24025517,8.532317002,1127.900812,7.216984238,1312.193508,,,2032.104622,6.005404967,1585.211367,1761.098228,,0.353042421,0.005788097,0.628886609,0.396211122,#DIV/0!,#DIV/0!,,,#DIV/0!,#DIV/0!,#DIV/0!,0.066991985,,448.2117409,598.1283605,523.0018714,563.009666,385.9879317,982.4775442,,,1105.986199,470.0501457,516.3616682,831.4369056
s10,223.8097912,198.721767,261.6994765,232.6013486,266.9281263,348.4323693,,,525.6386772,293.6445681,317.1442813,282.3917796,,0.24029327,0.032395491,0.06679989,#DIV/0!,0.028487616,0.059359338,,,0.108359592,0.100414557,0.134013383,0.127145944,,25.78519141,23.31795761,24.12469001,25.50009423,23.94378571,32.28331397,,,54.61068224,24.86782254,29.471895,28.86523926,,1.554692948,1.865747903,1.74040953,2.796518705,1.323838624,2.181308452,,,4.561907397,1.623648236,2.730899651,1.75302584,,1390.973176,6620.299134,1557.027632,12098.1954,1951.173597,6816.1747,,,5214.104818,1682.897515,12462.41632,1664.238818,,0.250015785,16.38620189,1.562923095,32.90896788,0.303389125,4.116831256,,,13.5706105,0.266885153,41.34163362,0.396850109,,4.141471811,4.274417751,#DIV/0!,2.760353029,1.230753575,2.660584682,,,4.67911498,7.860738469,1.109448928,2.203482966,,1.241404691,94.09282697,1.242721132,114.6201846,1.26162022,145.5780982,,,145.0200114,1.82283878,127.5601805,2.625546519,,299.9131041,912.8320519,311.9198482,1618.105268,544.5030789,726.5203612,,,2109.839552,248.4141515,1788.051934,296.0148894,,11.08698381,2300.14798,12.46122691,4461.3965,12.04487847,5014.900672,,,4811.737016,8.907556566,5675.04954,15.00344441,,0.163380452,0.699041244,0.924522836,1.153043107,0.510619755,#DIV/0!,,,0.496345475,0.798798649,0.589622055,0.026197435,,159.4100027,419.3759675,199.9472618,467.8314859,156.6429932,556.5464437,,,1033.900076,189.8003658,543.4257048,212.2276617
s11,237.4248247,219.5513371,228.109757,222.455745,261.8807703,242.8455258,,,437.5720669,290.2703238,273.9252454,274.0080552,,0.383705487,0.579951168,0.350813881,0.385045671,0.136025249,1.254270619,,,0.999885987,0.215537993,0.633771131,0.383327073,,21.82058871,24.68612508,20.28473602,23.50164414,19.87708557,27.02931479,,,42.88740811,16.84944034,25.46905839,24.07185608,,2.665844098,3.544125285,2.13046394,2.480247297,1.86105182,2.49378291,,,7.870872735,2.065581309,2.404376161,3.0388533,,1619.816704,6997.352117,1980.305172,7248.095103,1506.522264,6162.455672,,,10327.35791,1591.693382,6188.685643,1586.785779,,3.844030568,31.17924393,2.964228338,32.06872568,13.57492273,36.78776545,,,68.70799493,3.048032888,17.72531994,3.21476825,,8.426103973,11.93992304,7.400836472,7.653961303,8.580282537,10.62213917,,,27.01922684,4.554937014,12.17817689,12.98345277,,2.890813578,118.3167075,1.831653766,93.78818184,1.884059395,120.40934,,,159.0044438,1.899725299,102.2625245,4.882909948,,225.133816,1829.828171,189.4793445,1143.296392,225.825115,1151.105936,,,3017.480933,203.291514,1334.444749,217.8729997,,26.13644123,2601.282444,6.873578829,2514.621619,13.16131378,2754.858216,,,3251.538398,10.38245452,3401.965336,60.00898443,,2.292055344,2.354314743,2.956391645,3.147874701,1.953325379,2.538071378,,,1.829116136,2.209568888,2.26777839,2.107905821,,259.3400362,410.8568796,222.9434535,297.3106377,225.876606,316.4323459,,,756.8214912,196.5354105,313.206029,233.9938801
s12,342.3172944,266.6074553,303.370714,305.4662604,320.7091991,292.9122243,,,469.2127687,334.6869304,347.1091642,323.2654395,,1.124698923,0.051303514,0.026975375,0.140087825,#DIV/0!,0.193903372,,,0.011462563,0.004420467,0.288046939,0.051171176,,21.68487453,12.77396717,13.03332654,17.71701078,10.37574856,13.6532133,,,19.79217562,11.51789062,19.64327466,16.40223687,,2.362423734,3.502237831,2.177413032,3.009425079,2.624352626,3.385841469,,,4.420005884,2.465786122,3.197301738,1.645490423,,697.2793862,4066.147942,935.8918975,4761.365047,608.9004559,3979.842075,,,5052.586791,675.7269401,3654.738075,1696.140609,,1.006326888,9.178870886,0.466854804,22.7443433,2.008658345,19.6245503,,,11.42207483,1.404514484,14.2334612,2.463136572,,14.38442684,8.830329115,5.382979855,5.382979855,6.662323115,4.645856069,,,10.04875113,8.935537126,7.753452893,7.747755166,,2.716899031,50.91298703,0.949479237,73.47761998,1.453942715,83.07876147,,,61.68651293,2.015094176,75.58856755,4.075899235,,164.4729544,974.6053776,151.8159729,2022.699548,156.0756623,1117.285387,,,1367.061407,134.8774884,2630.611296,215.4961702,,9.338375011,976.0966402,8.690674037,1658.903608,9.994270027,1120.737415,,,1775.707966,9.174178938,1836.552818,88.2619794,,0.131652442,0.479051247,1.348151639,1.510285216,#DIV/0!,0.732804034,,,0.13398397,0.318033508,0.164992764,0.611078945,,371.3486171,453.2962924,277.818619,407.8935468,293.7101371,447.8524867,,,552.2680013,361.8709211,515.3362499,405.4567423
s13,335.5261152,262.1567238,287.1029666,296.1039359,328.8726135,334.4075507,,,531.5392913,429.5138379,316.7921238,330.7163182,,#DIV/0!,0.051303514,#DIV/0!,0.146386555,#DIV/0!,#DIV/0!,,,0.102342351,0.017604325,0.393907711,0.010898188,,19.52321526,14.73411661,13.86492044,14.22261279,15.99716845,18.61858073,,,27.98493857,14.66994346,18.59056792,15.00300509,,1.100279673,1.3539211,0.516462155,1.269741198,0.650116237,0.855960703,,,2.090520723,0.837691589,1.203153786,1.06384758,,761.3950206,4260.897927,961.5061233,4835.863855,657.0809983,4090.258377,,,6138.640953,1040.82422,2802.568821,928.1480967,,0.176186457,35.00292175,1.102093965,59.7062471,0.102095981,44.52339919,,,79.32571136,0.134061921,8.909094475,0.480605541,,1.765504725,14.92875704,#DIV/0!,4.004680113,1.338963307,1.882832881,,,7.987438209,#DIV/0!,8.505205874,3.736808465,,3.108280812,89.09233187,1.206014032,92.54850026,1.213408612,112.1054285,,,135.4771646,1.938176482,79.09714734,3.578120763,,176.1731674,816.9467044,171.3258146,996.0346284,196.7673109,613.9925013,,,1326.400145,138.2980903,709.6559497,186.6503297,,7.716012604,1785.272108,7.229726237,1992.778416,5.98057259,1873.041203,,,3359.844599,12.5844921,1615.323113,24.29264326,,0.226715366,0.793165647,0.628886609,0.496610785,#DIV/0!,#DIV/0!,,,#DIV/0!,#DIV/0!,0.071665412,0.225512915,,132.2741109,291.3943122,151.0429243,360.8040369,139.873891,320.4594954,,,645.5879408,207.25536,237.8037644,185.727016
s14,221.5674472,450.3126256,151.6516222,223.3081728,265.6359408,244.3578646,,,332.7842272,276.1218052,257.5695824,387.2167203,,0.077513339,0.922651753,0.006294473,0.236783725,0.017802732,0.31441703,,,#DIV/0!,0.122708229,0.368710009,0.041302061,,13.42477472,39.04643051,8.717613663,18.93611489,15.50138758,19.62488629,,,27.48162983,9.753719705,18.12459529,24.98669803,,1.128189705,3.672687729,0.516462155,2.451689474,1.323838624,1.528103899,,,2.016382824,0.722024959,1.457067349,1.526167961,,#DIV/0!,#DIV/0!,1029.313336,7836.332181,2084.75219,5427.042289,,,5376.881935,669.6353971,5460.037531,1741.832177,,10.76401795,11.55360585,4.171163921,41.97589242,9.55618132,22.57979182,,,12.24478482,0.242157317,11.10507712,2.453073928,,4.274417751,20.90110257,#DIV/0!,6.390223708,2.540366689,7.112563185,,,4.915801113,1.726128179,7.110537324,4.452325772,,4.109549999,220.4189303,1.721021703,119.0101612,21.68302962,116.0698894,,,95.04939354,3.518265079,106.9633765,6.286465363,,47.23051789,1555.961158,135.9068188,1048.131206,298.3746222,710.5121225,,,1076.9425,88.14440105,1140.38559,313.514455,,50.86745057,5770.001217,6.784771983,2467.035231,373.5828023,2483.87811,,,2621.81647,10.49500275,2626.073377,63.55533114,,#DIV/0!,#DIV/0!,1.738403598,1.120460423,0.803469387,#DIV/0!,,,#DIV/0!,#DIV/0!,0.257077099,0.973792097,,268.0794453,594.7917774,203.1223717,375.9932613,232.6912409,362.6057551,,,495.9106399,257.2340395,344.2227395,379.5900093
s15,173.1920013,275.3026748,275.6228657,276.1683565,328.8726135,349.1268286,,,470.603932,359.3414091,354.1104165,517.0584099,,#DIV/0!,0.153380299,#DIV/0!,0.032455869,#DIV/0!,#DIV/0!,,,0.011462563,0.100414557,0.122708229,0.104378131,,21.54923024,43.96755251,36.19116613,39.81908719,39.75328226,41.3194115,,,64.47278028,39.64742678,42.17267485,61.29724288,,1.372917579,1.156170838,0.773951451,1.494154353,0.840509854,0.863299681,,,1.541923078,0.900145451,1.130509181,1.401734896,,4256.550152,4441.78711,805.3717867,4394.753784,945.8784675,2240.034,,,5493.769065,851.3659256,3523.876095,1232.484447,,6.611915852,9.225963097,1.898411832,29.00231632,0.541498281,5.560954511,,,14.36246569,0.906171243,26.58559119,0.852149808,,2.948891132,2.816881497,0.438213289,3.630386868,1.122766974,2.660584682,,,5.170606814,0.702915171,1.109448928,3.495937277,,11.09996061,124.6538515,0.986079101,152.3652175,#DIV/0!,167.9049557,,,178.9883288,1.246961699,182.8521466,5.252513403,,272.2152036,808.661599,195.1455408,1287.183092,242.054606,795.3481124,,,1346.621887,137.0038648,1575.233121,367.5746818,,44.40436102,2925.561549,16.23257254,3121.845768,16.20615281,2955.312329,,,5704.835649,20.17436877,3259.060335,174.0266749,,0.699041244,0.195065731,0.957235205,0.562830507,#DIV/0!,#DIV/0!,,,#DIV/0!,0.97709661,1.125113884,0.279422761,,244.5516879,229.6204752,126.7760651,225.2641813,161.8531036,247.7015421,,,427.1569309,153.0529182,251.4826403,203.1961129
s16,342.3172944,171.1175743,206.2238473,200.4226557,229.6281139,,,,348.0070682,253.4404844,203.363611,236.57778,,#DIV/0!,0.044916529,0.01120796,0.127566151,#DIV/0!,,,,#DIV/0!,0.089444,0.022300248,#DIV/0!,,45.40758548,21.00735966,22.01201249,23.62614412,20.63513562,,,,38.72241228,22.12136866,22.00270287,23.67595397,,1.081713189,2.362423734,1.216449582,4.488168425,1.259163865,,,,6.474186508,1.317142227,4.059814778,1.223187294,,945.1480188,8869.820367,2103.184538,10479.40386,1884.610248,,,,12121.43486,1926.11001,8919.340425,1884.20744,,0.410673955,12.53375841,0.68669436,17.75782076,0.730149618,,,,18.32278575,0.51201949,17.45214669,0.439788563,,0.216507343,3.477991304,1.162001205,#DIV/0!,2.760495927,,,,10.30702744,2.975064205,5.829204134,#DIV/0!,,1.457995364,57.40073385,12.35928173,68.72861772,13.34469674,,,,96.26691662,12.32710344,65.50280489,12.72197337,,211.2737436,1458.089594,352.1144415,1760.252757,354.4768502,,,,2697.647824,220.0334684,2128.418201,294.0013059,,37.39734778,2424.291685,9.440308125,2440.356412,5.297751303,,,,4697.179854,7.607501988,2208.001598,13.85345321,,0.384570078,0.416079882,0.891786131,1.153043107,0.555346202,,,,0.915911219,0.589622055,0.858321813,0.186281841,,119.2953206,520.1858712,245.2599191,561.1776927,247.6397155,,,,898.8038496,307.3311219,515.5693379,260.6321524
s17,119.3310873,100.4647449,126.1723374,118.8919902,123.4685813,165.3116564,,,208.4591861,139.2428793,167.3576805,141.9228413,,0.12527618,0.218248501,#DIV/0!,0.096755177,0.09865506,0.142357362,,,0.011462563,0.13970228,0.337453508,0.09479977,,18.58353343,17.11483189,17.23129918,18.56967465,21.77617597,22.1575483,,,26.47744604,12.85936245,17.31204854,20.92134327,,1.363415941,1.875559878,1.494154353,2.63311117,1.170822206,1.886300453,,,3.329976613,1.317142227,1.341717752,1.950328166,,1703.720163,8640.443422,2096.305379,13305.34244,1701.295272,11604.17982,,,13521.38858,1551.822566,7982.90236,4433.146741,,0.58276683,7.907486415,0.482936443,53.00714337,1.492897598,56.39691172,,,9.556348601,0.908936071,32.13578828,7.443005972,,5.207086921,5.741487833,3.879830222,5.634445301,5.092444182,2.870717439,,,6.704175087,4.237675301,8.075419145,4.250948736,,3.28231026,45.61995229,2.46001705,61.16966368,2.216549044,73.39750258,,,77.88239287,1.82283878,41.59495732,15.91909285,,213.4866194,1421.220648,251.8373893,2084.594981,235.0667964,1395.305779,,,2544.835103,172.5913271,1788.441625,845.0250901,,61.60486502,2443.185529,12.85799313,3102.229912,8.373509073,3520.192135,,,4333.162695,14.68278126,3734.676157,1260.500046,,0.981191166,0.131652442,1.413051633,0.595877793,0.62647838,0.62647838,,,0.13398397,0.499490246,#DIV/0!,1.365091883,,383.1660802,1060.80142,457.7020514,1321.009808,270.2959616,1490.85895,,,2040.07151,372.9509291,1191.287679,695.6375085
s18,288.1683765,208.8313274,244.4102407,231.6380504,315.678383,285.562874,,,429.0685737,293.5281451,335.7497791,240.0610708,,0.668382721,0.064287802,0.001729023,0.165423839,0.033987513,0.003073593,,,0.215278864,0.174297741,0.300324904,0.140298163,,32.03599688,19.38874244,19.05839399,23.00419755,17.49142593,18.99547209,,,38.98161804,16.96497411,24.62773476,21.83620978,,1.545068799,2.513663009,0.500233325,2.309411185,0.650116237,10.67487015,,,3.860997163,0.798921498,1.996825361,1.147910542,,1470.165825,15435.35419,2238.453251,18371.09967,2225.419038,16495.05041,,,10343.85056,1422.850986,20781.32636,1577.545615,,1.929390336,35.16243118,4.844021997,43.96655829,2.272133175,54.3905201,,,14.25456632,1.55642769,23.68309918,4.414309273,,10.72106671,4.806952908,#DIV/0!,8.795131573,1.447378917,4.53436272,,,11.34135152,0.204083463,3.079835699,3.480237897,,6.683165832,103.4778754,1.942369062,152.1313502,1.645513528,146.2290179,,,134.9044418,3.479657882,137.0955703,6.660885692,,341.0171416,1352.492279,300.885657,1746.474531,370.2236203,1275.665887,,,2119.143453,217.1904476,1810.95872,370.9228604,,32.75772047,5173.348387,12.20503777,5441.63775,21.0268136,6120.980343,,,9340.075166,11.01411873,5484.514161,201.1042114,,0.384570078,0.479051247,0.463432651,0.957235205,#DIV/0!,0.046967045,,,0.225512915,0.164992764,0.164992764,0.186281841,,204.7516079,566.8531589,262.9796391,540.9466334,246.9036648,576.3968113,,,911.0026118,182.7805714,507.4912282,243.5769582
s19,242.1698534,179.9788946,224.8007871,172.7388305,214.3125603,210.6450912,,,316.3039713,241.2108637,210.315122,208.5743565,,#DIV/0!,0.038610276,0.043656796,#DIV/0!,#DIV/0!,#DIV/0!,,,0.202404045,0.111505883,0.078605979,0.082108804,,147.5810045,118.5978068,135.9221726,108.4989661,124.7326553,123.1374911,,,173.8946248,127.1861918,114.6559218,123.9092858,,2.94200902,2.880398945,2.499304376,2.796518705,2.038547668,3.00247942,,,4.803720495,2.668767535,1.919794515,2.401860248,,1212.229348,4544.802513,1049.008164,4205.631001,3623.322786,4825.209835,,,5764.173,5350.596916,3290.356507,1052.199323,,1.201319697,13.14678127,1.293603964,18.98453197,2.046853526,34.90990639,,,19.31933521,15.12223869,19.30079362,1.4587393,,#DIV/0!,1.114070886,#DIV/0!,0.085142021,0.80037313,4.311570534,,,7.47361693,1.007398387,#DIV/0!,3.096073442,,0.636113859,33.72264026,0.584581301,31.52780267,1.549815715,52.44804223,,,48.1441124,55.74224988,0.864010454,2.246604106,,239.4211291,551.2227505,194.414909,528.038084,292.7986997,740.7089244,,,1025.006547,1029.466942,284.325602,192.8161807,,6.853868036,1514.428508,7.833930145,1616.579475,6.843068959,2734.177689,,,2458.911775,2315.952235,8.796675559,78.22216363,,0.258334444,0.226715366,0.661859059,#DIV/0!,#DIV/0!,#DIV/0!,,,#DIV/0!,#DIV/0!,1.302162467,#DIV/0!,,103.1044807,247.1089982,102.8273722,217.1456805,326.106956,307.3215954,,,432.5464746,298.0798639,141.2736596,121.3786785
s2,227.2900044,247.6045123,252.606326,272.3524347,283.4330363,312.0902952,,,585.3577206,#DIV/0!,280.6364099,309.8532746,,0.40685559,0.476998691,0.378176949,0.454305206,0.123445088,0.362609477,,,0.697831146,0.017604325,0.515676654,0.283738145,,75.04529758,90.1913152,80.68175945,83.03033019,79.18643966,89.60776971,,,174.1759346,1.480031427,79.42207463,91.83674869,,2.162319338,2.993452421,1.676204526,2.499304376,1.945355573,4.405780526,,,5.0393313,0.118801952,2.642189345,2.250252191,,3228.042673,3874.436414,1134.813441,4452.059144,1389.130714,3770.058948,,,5345.561653,1561.091866,#DIV/0!,1173.11011,,62.08686938,56.81758051,3.245598728,78.82182659,1.877527798,50.84463302,,,37.39881534,0.914620111,14.52266469,2.304771395,,19.02226947,17.38266236,12.10828518,14.67034452,7.902073427,17.94846854,,,28.00772229,0.501696151,14.67938044,15.88202957,,106.311966,106.4448235,3.387636301,172.6890736,3.906915197,163.4075336,,,202.4420933,0.102781963,118.7017424,5.384069465,,925.6225889,1558.272223,338.5157312,2047.159345,410.1785756,1157.183924,,,3086.716357,630.2751253,2268.696437,277.8682474,,3425.085227,3058.550653,16.66167518,2578.0404,20.90806177,2826.471533,,,4273.558466,0.028832966,2638.296414,19.66389122,,4.930455903,4.372797369,3.593742736,2.348212342,2.675136264,1.987832739,,,#DIV/0!,1.419890067,#DIV/0!,4.156974545,,285.558824,266.6275322,121.7632686,272.894168,167.4587246,270.0193545,,,550.7435754,#DIV/0!,274.9670073,132.5665886
s21,279.0871371,287.1322932,314.7497388,304.8043366,364.4178656,351.6775202,353.5983017,409.5528612,513.7129386,401.1157753,372.573997,525.7688172,,0.064287802,0.044916529,#DIV/0!,0.102855893,#DIV/0!,0.045233767,0.153326013,0.251531733,0.001980438,0.134013383,0.174297741,#DIV/0!,,15.7885816,22.63632185,17.11004857,20.90026251,17.36652076,18.99547209,22.99108105,26.4339993,39.24097507,17.31204854,24.02854759,29.23621353,,1.391941098,1.699773932,1.305395619,3.558117671,0.710461727,1.743720321,1.415124285,1.936882745,3.408113263,0.931559482,1.936882745,1.848948274,,1819.744186,16721.85011,846.473721,15807.85488,876.7268912,17420.35778,1562.993926,216330.8837,21103.06827,1331.077669,17670.69022,2722.165487,,4.796609628,100.5929464,0.853169489,69.90489567,0.698453294,67.85942506,10.8115938,464.7738942,58.56866084,0.855441539,90.0459092,7.589251793,,1.634791712,1.634791712,1.040461601,3.132607886,#DIV/0!,2.211023984,45.04292218,45.04292218,11.34135152,#DIV/0!,3.60497928,5.990578657,,9.3494172,889.2993243,0.803262381,762.4343509,0.678643358,1085.474838,524.7305017,1048.584671,1123.568886,1.707550283,1266.466747,45.36112688,,480.2295687,2181.19613,299.3198057,1977.571338,304.7358275,1637.935363,1696.753786,5957.74242,3092.749576,220.8728141,2753.986252,826.7856222,,85.57040782,3188.328864,9.417518973,2473.082361,4.937846795,4247.061359,1911.567063,3817.144255,4516.168113,8.730207532,5517.732311,528.8473682,,0.981191166,0.949872269,0.628886609,0.891786131,0.555346202,0.158595862,1.607387403,0.859984939,#DIV/0!,0.619594831,0.94743493,0.160665079,,638.8503429,372.6930978,167.0828162,337.9920026,143.4118681,382.8944007,258.1589318,360.5122882,569.8318056,193.490741,361.5187883,246.5562516
s22,523.5094494,404.3999535,421.9386896,459.8562639,488.1639063,545.3779983,144.380377,,784.1206291,587.2725224,590.534703,546.0867378,,0.118333356,0.026286467,0.078663673,0.121345206,#DIV/0!,0.007719797,#DIV/0!,,0.737893546,0.047053404,0.185990795,#DIV/0!,,66.22314257,58.2324735,53.3901529,61.84135074,52.93609685,64.85626165,28.78247311,,475.0251269,57.88448742,67.37211029,58.58883798,,1.212340983,3.78595348,1.084267817,3.204312551,1.027825731,2.694280507,#DIV/0!,,6.244320806,1.042436706,2.927204514,1.091792976,,1308.789854,5736.490098,1282.467636,6018.2132,1326.999459,6338.861351,1720.368785,,6986.491061,1424.567666,5066.578685,1328.616958,,0.523706243,20.05065658,2.205824793,28.22635385,2.953575776,29.23253474,6.807226303,,22.9633342,1.983579962,27.62191332,1.918575271,,2.421568243,3.875821613,#DIV/0!,1.896151539,0.587080859,3.0914553,#DIV/0!,,2.63599446,1.829512691,5.297311832,#DIV/0!,,2.412686238,153.2567662,1.169320828,157.6673963,0.776594888,182.7375211,#DIV/0!,,194.897362,2.20747348,186.5004717,3.884270275,,230.8539295,1931.607973,214.501167,2130.331538,273.2715002,1562.769338,121.0647692,,2980.898371,166.6036245,2731.055213,238.1767892,,17.57542392,2862.78186,4.362278593,3406.753676,7.911766341,3906.985955,9.068375484,,5414.0714,6.802175333,4287.962775,69.71624174,,0.258334444,0.63624363,1.607387403,0.727702225,0.412356187,0.448206085,3.773319653,,#DIV/0!,1.625397072,0.408989742,0.45795561,,374.8907274,485.4868833,297.4217488,506.5178677,416.5954884,505.1228422,371.5579053,,813.7835739,454.876033,505.3386516,331.3486028
s23,98.50421417,93.77438494,99.78898622,106.8353842,108.1325432,114.2188021,110.3093155,116.0399379,210.5827286,124.3955395,138.9205605,97.25183429,,#DIV/0!,#DIV/0!,0.038019759,0.016325974,0.012664479,#DIV/0!,0.071980876,0.111505883,#DIV/0!,0.111505883,0.067915006,#DIV/0!,,11.7383828,12.90391476,12.44201847,13.03332654,11.46055091,13.16346726,15.23061142,17.42789631,26.72818388,12.63476261,15.01203264,11.99089516,,0.465342873,3.986935521,0.396106047,7.740058268,0.429579857,4.832609347,2.891343776,5.402374137,9.229275692,0.431736957,6.754687825,0.916158689,,1613.402707,5756.480684,1563.723184,5930.169048,1481.711376,4133.602632,12672.01039,15339.28986,7632.908964,1709.521906,5232.076171,1623.911491,,0.250015785,20.69032675,0.105489745,21.31520941,0.154895454,16.72207476,5.206405972,21.56364356,27.93219764,0.225932387,10.97259745,0.858528238,,0.470120401,5.207086921,#DIV/0!,#DIV/0!,2.211023984,2.981038401,4.766755105,4.766755105,3.392832825,0.804100504,#DIV/0!,0.444813417,,0.85205124,24.08809007,0.766757697,31.98649549,0.825430821,23.54121724,24.25245541,46.85759504,52.54282003,1.861279364,33.74884495,3.348901316,,273.7263879,838.0848622,262.6199745,928.8952289,303.8770926,638.1740316,674.153776,939.681269,1637.780358,199.7811945,1059.842067,259.4186829,,5.638201559,900.4665017,3.031992047,817.5303493,3.010786523,603.1884367,459.7814854,915.6271533,1701.658528,2.946752193,1115.607937,28.55473098,,0.855871804,0.541965372,0.760576188,#DIV/0!,0.376427852,0.084558738,1.865744093,0.071665412,0.214220105,0.071665412,0.040036923,0.107110053,,110.7016632,199.115618,101.314759,198.7840745,112.0959185,177.1681453,181.9341047,220.6023347,431.555022,119.4069304,201.2832596,130.2201116
s24,313.3797736,345.366164,341.9976969,334.4100306,291.2509121,399.3644714,,,580.1817242,406.0552077,432.4256907,954.1614436,,#DIV/0!,0.070872843,#DIV/0!,0.127566151,#DIV/0!,0.110984746,,,0.066643428,0.017604325,0.151148787,#DIV/0!,,619.8266247,724.5914488,680.3241465,687.747771,522.3642456,769.3752657,,,1080.984291,711.6462095,808.6930144,26.05979463,,1.545068799,2.645500456,1.612247369,2.709884723,1.210891364,3.846670727,,,4.500504381,1.333520201,3.287923163,1.44228705,,2554.300072,11774.88264,2655.123908,12086.17005,2456.058379,10163.27093,,,14350.78363,2384.061942,11127.3716,858.3261385,,2.235963525,25.583289,1.309764917,27.18864422,0.323035103,26.30375894,,,14.82516891,0.369902279,23.14503715,0.303934015,,#DIV/0!,8.965148511,0.798317131,6.895139754,#DIV/0!,17.48812882,,,7.730445316,#DIV/0!,2.244444708,8.138506363,,27.25377738,247.797033,28.77743268,299.415451,22.65692889,316.7991249,,,374.1919037,27.79393048,323.9609331,3.158159783,,231.6014739,870.5054833,274.3315071,953.9144649,315.2390721,1065.919315,,,1126.388038,189.5689109,1121.496522,249.4800486,,7.790303368,4555.965561,8.849265029,5059.140198,8.307415865,6279.615764,,,6517.486589,7.73884872,5141.826518,13.77156827,,0.099871037,0.321495301,0.727702225,1.348151639,0.121720823,#DIV/0!,,,#DIV/0!,0.134063903,0.226480847,0.649194732,,135.9934421,497.8008846,164.2652483,536.5704417,143.8035585,596.0867885,,,838.0713584,172.0517317,501.8247818,166.1969107
s25,801.4352912,879.4118694,914.6592221,969.7777231,928.9495826,891.3210125,,,1673.665161,1108.856826,1312.327578,371.5277804,,0.032395491,0.038610276,0.102855893,#DIV/0!,0.039572892,0.023086486,,,#DIV/0!,0.094913501,0.047053404,#DIV/0!,,24.96052094,30.77706962,27.13358168,33.74639136,28.84188286,31.05453215,,,56.12226624,28.7397944,36.88825054,632.0452251,,1.306550192,1.934541806,1.216449582,1.888056058,1.154835664,1.478794309,,,3.193706693,1.349920975,2.255982289,1.519361568,,956.7045427,4588.840546,968.0270292,4652.30854,932.2755929,3419.668868,,,7016.892507,767.3670423,4133.850682,2299.655327,,0.270055955,9.625237137,0.920454282,15.01860581,0.111186753,7.370024886,,,15.32161281,0.562014734,9.659573387,0.998795693,,0.984532269,4.008605582,1.650622139,#DIV/0!,1.338963307,1.773723122,,,2.63599446,1.211735287,#DIV/0!,#DIV/0!,,1.588029616,41.07923395,2.311965221,43.66976046,3.252800724,40.62402899,,,76.02485683,3.170907022,47.76129851,26.07128788,,273.4795522,706.4378777,305.0826826,979.815058,358.920433,747.2501882,,,1272.726253,212.2647309,1189.260694,221.0638179,,3.64739949,1838.951521,5.6173868,2002.063156,3.173339197,1335.140238,,,4041.260861,3.944077001,2133.455575,14.67420166,,0.447573217,0.573403147,1.250677365,1.510285216,#DIV/0!,#DIV/0!,,,0.76183667,0.102972508,0.348410007,0.30347479,,137.5361669,304.3943468,147.1668779,308.31767,174.5060496,301.0470268,,,568.1214994,174.4676804,374.5493773,154.3823219
s3,145.4678825,145.8971554,150.4148836,134.1036953,182.1279177,152.875396,,,230.2264804,181.4480947,170.4294374,135.3550879,,0.020303238,0.014476103,#DIV/0!,0.178225389,#DIV/0!,0.003073593,,,#DIV/0!,0.145414325,0.128348419,#DIV/0!,,26.8881302,21.68487453,19.54998981,20.77703453,20.0032768,21.52220932,,,38.98161804,21.29206807,22.24009847,18.45613891,,1.240527419,2.757586802,1.009577195,2.018215897,1.00419314,1.122934476,,,2.80782332,1.090376139,3.179212065,0.96205828,,840.7760505,6165.198889,963.8933981,7188.783942,1016.779958,7279.727965,,,8236.032741,1223.963338,#DIV/0!,1266.626954,,0.649758567,22.38694,0.651663148,41.08958042,0.255124346,37.7798795,,,39.77775645,0.395889613,7.13652317,0.502711798,,1.504273904,1.373967621,1.743001807,2.265684148,0.80037313,3.534020026,,,4.661249702,#DIV/0!,6.575879278,1.570075451,,1.457995364,46.14912147,0.767846728,57.97210328,1.116812701,44.09834253,,,53.42360389,2.20747348,47.91847618,1.231691253,,197.0675996,1108.27199,206.0640965,1378.049139,240.6900612,1012.638332,,,1946.631741,207.8905266,1129.947051,195.9059449,,12.03456848,4015.58997,21.92994928,3539.852628,9.837862018,3991.119923,,,4378.842646,12.31003933,5336.766972,14.78389043,,1.949410644,0.63624363,0.242806077,0.957235205,0.34041317,0.448206085,,,0.13398397,0.134063903,#DIV/0!,0.419482579,,317.8370646,383.1660802,392.4935288,434.3911933,249.844442,392.0552433,,,684.5763417,276.4601447,383.7123031,274.5413619
s4,154.2936243,149.4435948,133.9022469,160.255433,154.9775847,168.3253433,,,278.5833647,187.0957134,206.0515366,155.9328209,,0.225575511,0.090945499,0.127566151,0.371319239,#DIV/0!,#DIV/0!,,,0.267416192,0.191865168,0.269727813,0.133708096,,19.38874244,21.54923024,13.74585982,25.24954914,14.75998409,21.14168727,,,42.88740811,17.54382153,24.987954,18.06943055,,1.583602023,1.554692948,0.971008845,2.87375575,1.012064065,1.340061479,,,3.271501299,1.251862778,2.125956418,1.35609878,,995.3020276,3541.521167,1091.030675,4169.240146,772.3388045,3113.096741,,,4909.811186,764.6481469,5392.735852,861.9679951,,3.95507954,19.61385625,7.408212671,34.25012757,3.015410791,24.59558888,,,31.59688271,2.824623386,54.1625551,3.010730267,,0.216507343,1.24389219,#DIV/0!,5.760267411,1.122766974,5.764033041,,,5.170606814,3.2896438,5.084921599,5.153513718,,1.414663385,30.59735585,1.279441726,51.58369347,1.597685814,43.53433451,,,54.8656058,2.20747348,64.91215328,2.739484257,,189.3379654,885.9375822,168.5237564,1335.735673,195.416639,736.1438009,,,1802.159332,148.74869,1884.546115,186.2430364,,4.232128524,1202.296624,4.063380802,1503.964834,5.574331492,1443.102841,,,1868.195815,4.109275817,2214.839859,17.3500412,,0.541965372,0.416079882,1.445477982,0.826235923,0.084558738,0.412356187,,,0.76183667,0.195791222,0.619594831,0.763209671,,121.6786661,231.6013464,112.9197503,277.3666856,104.6460931,259.7316893,,,555.5807716,106.9432025,405.2404789,101.8474506
s5,285.8664938,237.9891998,490.4974194,240.1086282,166.6987797,314.8407616,,,394.7854703,232.3374473,282.7227171,254.5164327,,0.070872843,#DIV/0!,0.164483802,0.049359072,#DIV/0!,0.161509991,,,#DIV/0!,0.221498036,0.000643592,#DIV/0!,,96.15770029,86.079581,168.1595441,80.81975425,62.37014217,91.02341276,,,120.8949971,67.2393662,81.99065456,75.19609845,,1.391941098,3.262399367,5.964885087,1.145761227,0.960269083,6.041215708,,,6.160953889,1.851614847,1.010614464,1.02670814,,1552.177163,10229.91384,11645.43718,1613.265557,1292.454758,8585.025643,,,12004.55826,11568.02526,1298.573541,1582.328344,,0.417889281,109.4166465,156.6667214,3.233231621,0.642217323,118.8246493,,,145.1363277,87.41033758,0.200153006,0.154641276,,#DIV/0!,#DIV/0!,7.871194984,#DIV/0!,#DIV/0!,0.587080859,,,#DIV/0!,#DIV/0!,#DIV/0!,#DIV/0!,,2.586499846,361.1962036,521.1700469,2.12706716,2.811873502,364.7388346,,,296.2458842,234.2082172,2.361458897,2.815503698,,369.8570679,4841.992583,7762.527764,366.3808843,271.3352343,4456.697987,,,5672.632635,3769.155486,275.8321642,303.7830495,,6.609162929,3418.17575,6836.480761,21.99795825,36.43195408,4225.594886,,,4489.325673,2396.02058,17.70383182,10.87553523,,0.510515005,0.003858731,0.430204511,2.828592372,#DIV/0!,#DIV/0!,,,#DIV/0!,#DIV/0!,#DIV/0!,0.026197435,,426.6122718,719.2947115,995.5537755,370.2097284,446.643583,726.6948881,,,953.8759594,489.0363294,330.6916567,419.391415
s6,221.5674472,216.4189645,153.3599315,239.7863487,235.1834748,429.2800557,,,383.4280662,271.8460386,286.7841579,231.3633109,,0.032395491,0.167613831,#DIV/0!,0.323638368,#DIV/0!,#DIV/0!,,,0.09029966,0.08400759,2.158521747,#DIV/0!,,31.33607944,41.09921808,21.71798046,46.10210556,29.75146392,98.21865039,,,110.3422331,31.80213602,2331.237299,28.46293716,,2.322258269,17.02715019,1.91923427,22.29784033,2.650552253,31.58139306,,,35.67086998,2.229907512,17.99072017,2.54428538,,3064.671984,28337.63216,3892.734271,32348.00157,3353.631203,53980.0888,,,42514.56385,2643.979735,31973.26918,3704.843579,,0.363518304,98.87028693,18.02088476,157.4477464,1.2226167,545.2770543,,,99.92903459,0.843822941,137.0401954,1.287197505,,0.726457341,5.340594997,0.604502835,6.516376452,0.80037313,18.5487318,,,10.30702744,3.184696494,2.348493904,1.443930235,,43.76810728,413.1304813,28.81684659,526.6674243,35.57038103,1351.399321,,,576.0374353,47.09333251,568.0218948,42.37794259,,158.4151601,4635.122227,460.456805,5908.286687,219.0014631,9779.437116,,,6803.39636,200.9849952,6871.170557,215.0167646,,2.41269345,2226.353581,24.64895838,2649.970208,5.276523815,10183.70689,,,3162.418672,6.391900731,2832.196825,13.33544788,,0.384570078,0.447573217,#DIV/0!,1.54266678,#DIV/0!,#DIV/0!,,,1.222157891,#DIV/0!,1.006738092,0.026197435,,433.5842475,1264.683563,902.4174655,1144.518802,475.9263362,2430.872708,,,2133.779297,519.2025898,1280.152127,682.6637811
s8,168.8277995,214.0013338,193.4856993,184.0705222,217.8719756,288.7913551,,,319.1925294,259.0624018,248.7466975,213.9604251,,0.057762848,0.017371323,0.090688294,0.006294473,#DIV/0!,#DIV/0!,,,#DIV/0!,0.122708229,1.302692015,#DIV/0!,,9.817283425,12.3921392,9.292029325,13.15186095,11.09804259,14.12798318,,,19.54798949,12.1867705,448.1714703,11.12408105,,0.980193968,2.098108889,0.492138713,1.539466994,0.487405307,2.193595357,,,2.865365854,0.729674583,1.374564419,1.017445307,,1797.695608,5662.141707,6005.205288,6234.846395,1653.247899,3553.983909,,,7483.973413,1694.971831,4550.75029,1403.525678,,1.181612781,26.31137088,1.466316771,5.794320172,0.119813079,5.155012767,,,26.61853475,0.47292072,10.1938994,0.393972316,,0.216507343,0.109917208,0.919220952,0.677799187,2.211023984,4.306076159,,,#DIV/0!,#DIV/0!,#DIV/0!,1.192295938,,1.025005728,26.26910355,0.657377657,26.18286019,0.580270383,29.39700512,,,28.59747681,1.208626092,25.71948587,1.605929994,,157.9682562,1254.035035,205.9312689,1164.652203,204.4928739,495.1591649,,,1599.617929,137.4268992,1054.344731,159.0356072,,5.229645173,2935.055898,6.099788675,2493.307816,5.446536625,2661.715281,,,2972.164644,4.462303233,1945.138309,9.779783787,,0.258334444,0.196056543,0.562830507,0.957235205,#DIV/0!,#DIV/0!,,,#DIV/0!,0.102972508,#DIV/0!,#DIV/0!,,209.6536213,626.5961339,603.3686805,414.1589841,201.0421861,533.9743886,,,854.5126459,241.3213141,436.0677884,224.374509
s9,167.0853527,174.6128249,173.4641445,174.1897939,183.9319987,191.3941336,,,318.0812075,183.9927559,233.7002538,181.8768375,,#DIV/0!,#DIV/0!,0.146386555,0.021592127,#DIV/0!,#DIV/0!,,,#DIV/0!,0.215537993,0.017604325,0.000990219,,12.51439926,14.07819175,10.44966642,15.66076367,12.91911014,12.67510424,,,22.24816211,9.753719705,12.63476261,9.896087811,,0.709054076,1.146835979,0.532742686,0.953698672,0.620165627,1.235002127,,,1.686456592,0.482552116,1.178882185,0.735091915,,1078.314868,4739.511058,917.2494888,3695.562297,701.0267457,3323.910539,,,6120.853761,899.9618502,2837.550463,934.2829853,,1.043150747,4.431541671,0.644480395,8.72258671,0.620197849,9.413212301,,,5.055015704,0.303547228,3.536170547,0.533658583,,0.855312244,2.553214313,#DIV/0!,1.650622139,1.122766974,1.882832881,,,1.883375989,#DIV/0!,1.211735287,2.585303407,,0.85205124,18.99238372,0.693814229,11.86828844,#DIV/0!,16.30151582,,,23.00609093,0.292060278,12.91124156,1.082688771,,162.6845256,606.6781072,153.9343054,439.4116666,176.5668974,371.8634182,,,956.3684516,113.5920507,688.4142953,142.3194765,,31.08383711,2107.847727,7.229726237,1761.873971,4.391565785,1952.87428,,,3756.648922,4.047254461,1757.677519,16.40845542,,0.667647534,0.667647534,0.859024162,1.380609646,0.590939151,0.158595862,,,0.13398397,1.065962896,0.469367943,0.146835148,,186.4390673,232.6925534,123.0727195,167.8492371,104.1493042,188.991311,,,383.4963324,116.0132996,167.8506308,110.0764908
