,EPO,,,,,,,,,,,,,GM-CSF,,,,,,,,,,,,,IFN-γ,,,,,,,,,,,,,IL-10,,,,,,,,,,,,,IL-1RA,,,,,,,,,,,,,IL-1β,,,,,,,,,,,,,IL-2,,,,,,,,,,,,,IL-6,,,,,,,,,,,,,IL-8,,,,,,,,,,,,,TNF-α,,,,,,,,,,,,,TNF-β,,,,,,,,,,,,,VEGF,,,,,,,,,,,,,
Patient id,Dex,Dex+LPS,E2,E2+LPS,E2+Pg,E2+Pg+LPS,IL1RA,IL1RA+LPS,LPS,Pg,Pg+LPS,veh,,Dex,Dex+LPS,E2,E2+LPS,E2+Pg,E2+Pg+LPS,IL1RA,IL1RA+LPS,LPS,Pg,Pg+LPS,veh,,Dex,Dex+LPS,E2,E2+LPS,E2+Pg,E2+Pg+LPS,IL1RA,IL1RA+LPS,LPS,Pg,Pg+LPS,veh,,Dex,Dex+LPS,E2,E2+LPS,E2+Pg,E2+Pg+LPS,IL1RA,IL1RA+LPS,LPS,Pg,Pg+LPS,veh,,Dex,Dex+LPS,E2,E2+LPS,E2+Pg,E2+Pg+LPS,IL1RA,IL1RA+LPS,LPS,Pg,Pg+LPS,veh,,Dex,Dex+LPS,E2,E2+LPS,E2+Pg,E2+Pg+LPS,IL1RA,IL1RA+LPS,LPS,Pg,Pg+LPS,veh,,Dex,Dex+LPS,E2,E2+LPS,E2+Pg,E2+Pg+LPS,IL1RA,IL1RA+LPS,LPS,Pg,Pg+LPS,veh,,Dex,Dex+LPS,E2,E2+LPS,E2+Pg,E2+Pg+LPS,IL1RA,IL1RA+LPS,LPS,Pg,Pg+LPS,veh,,Dex,Dex+LPS,E2,E2+LPS,E2+Pg,E2+Pg+LPS,IL1RA,IL1RA+LPS,LPS,Pg,Pg+LPS,veh,,Dex,Dex+LPS,E2,E2+LPS,E2+Pg,E2+Pg+LPS,IL1RA,IL1RA+LPS,LPS,Pg,Pg+LPS,veh,,Dex,Dex+LPS,E2,E2+LPS,E2+Pg,E2+Pg+LPS,IL1RA,IL1RA+LPS,LPS,Pg,Pg+LPS,veh,,Dex,Dex+LPS,E2,E2+LPS,E2+Pg,E2+Pg+LPS,IL1RA,IL1RA+LPS,LPS,Pg,Pg+LPS,veh,,
sc1,216.7543534,195.2897975,201.4760531,246.5560251,204.129728,238.546825,,,349.8028261,197.9992394,258.4881308,210.8644735,,#DIV/0!,0.003558681,0.102855893,#DIV/0!,#DIV/0!,#DIV/0!,,,0.126788021,#DIV/0!,0.215537993,#DIV/0!,,36.96953434,44.25525255,35.80420564,47.73998888,34.33015914,38.55771859,,,62.57839884,27.5238011,38.51625957,32.77874452,,1.545068799,1.137508918,1.023125143,1.521630082,0.718045009,8.238635024,,,2.465264365,0.729674583,2.492158053,1.035979845,,1085.428433,6888.022772,4299.149998,2849.222934,1060.073853,7739.545047,,,8479.444568,926.7636607,6144.071018,1234.978697,,0.598478619,19.68304662,16.03848081,13.00391559,1.075317712,22.26636078,,,24.16587994,0.444172935,12.83924111,1.665427409,,5.207086921,2.816881497,2.389155669,#DIV/0!,3.0914553,3.977892849,,,11.34135152,2.244444708,140.4623452,2.330624851,,1.718117742,107.2862738,56.20089923,58.25671782,1.309777397,167.0368287,,,136.2954368,1.553914562,150.9911967,4.421348816,,406.3208108,996.5331939,725.7440435,633.9841322,544.2102577,1037.32507,,,1507.890786,299.161825,1133.086321,396.0110833,,8.81140578,1611.120746,744.3706906,770.691735,11.68211164,2170.111637,,,2389.84855,9.040778777,2664.394386,98.13363385,,0.479051247,1.387776628,1.315677208,1.533885527,2.606626417,0.483984134,,,0.13398397,0.709324138,0.318033508,0.649194732,,194.2246158,480.943981,386.3497059,432.9186732,202.4157632,549.5131155,,,858.9925999,171.1069467,493.2756709,233.2310523,,
sc10,59.15982653,55.06649852,57.23072294,65.10205665,58.15990537,73.99342219,,,109.1406654,68.10722718,71.69934628,58.34254208,,0.014476103,#DIV/0!,#DIV/0!,#DIV/0!,#DIV/0!,#DIV/0!,,,0.078394306,#DIV/0!,0.13970228,#DIV/0!,,36.11970826,43.39261812,45.13555026,43.16299755,34.06720015,36.83578252,,,72.37181445,27.5238011,39.14427968,39.20777802,,1.306550192,1.924698487,1.030886714,2.391030746,0.695321438,1.92002215,,,3.584612399,0.775760591,3.561467673,1.317976555,,712.3946809,2883.103353,604.183416,2354.202246,623.172719,2366.426745,,,1901.029948,#DIV/0!,2749.99288,655.4197476,,2.208915641,10.70589165,0.972006911,48.32275518,1.498442766,7.82058386,,,13.19087342,0.311332547,14.05379464,1.52907749,,2.027462416,2.290055828,#DIV/0!,3.954744265,#DIV/0!,2.540366689,,,7.216958487,#DIV/0!,3.499787588,1.192295938,,2.065253775,104.7620245,0.876329556,98.40515969,0.180303564,148.4056159,,,144.320396,1.438754461,109.8873057,4.114250251,,246.4380009,1483.05128,192.7615325,870.269247,264.2651195,923.8476001,,,2386.824839,21.42229672,1636.893661,287.6767049,,28.28339119,2025.300594,5.750576091,1633.651704,4.328876115,1833.604303,,,3495.83571,3.047278086,1723.756682,63.96458982,,#DIV/0!,1.543921025,1.070143357,0.695148976,#DIV/0!,0.195255107,,,0.146835148,#DIV/0!,#DIV/0!,0.146835148,,219.3789386,478.6976018,220.2827205,513.0378979,221.4589283,429.7771553,,,866.6412107,160.1589064,435.1010907,223.1117204,,
sc11,77.11761614,80.44197079,81.27444766,85.09650523,95.75814374,106.9622341,,,189.665486,91.27166475,146.8941905,84.08354736,,#DIV/0!,0.203661162,#DIV/0!,0.140087825,#DIV/0!,0.080435118,,,0.737893546,0.022300248,0.647037345,#DIV/0!,,23.86445257,35.41277395,49.00656412,36.83686768,22.41207487,32.62371281,,,70.4578839,21.29206807,50.61084706,26.72545993,,1.372917579,6.907123353,1.040557751,2.796518705,0.863697476,3.619979489,,,7.529658637,0.59344894,3.892882193,1.519361568,,2103.952985,10119.08922,2042.558376,11400.93773,1588.112877,12757.58423,,,15098.78043,#DIV/0!,9652.110752,2073.454323,,3.860088164,91.90873031,3.404592748,91.5943511,12.09144147,90.43278643,,,139.8938882,0.601270382,122.5256422,10.42056087,,1.504273904,3.477991304,3.879830222,3.755064909,#DIV/0!,5.651967775,,,12.63680228,0.501696151,7.324687073,3.224031526,,10.96861847,1411.900444,1.132641941,1277.900581,1.931657706,1411.50306,,,1896.715456,2.245963237,2115.00072,41.12376854,,858.3300446,4496.076159,379.8087835,3776.508739,324.2208913,3163.920656,,,7317.035658,121.5041587,6673.977074,980.1693317,,81.63726637,2815.946172,9.874138314,2859.240615,12.11299733,3636.09092,,,3496.145753,6.478081405,3814.377309,141.6487976,,#DIV/0!,0.226715366,1.022590352,0.628886609,#DIV/0!,0.008475411,,,#DIV/0!,#DIV/0!,#DIV/0!,#DIV/0!,,306.8892703,529.7187177,267.7770906,432.4139263,295.4407446,526.8831417,,,900.5492348,253.7105567,527.1023898,324.5732129,,
sc12,174.5034884,176.002853,175.642095,169.3240459,184.4961716,208.5851949,,,261.7737716,192.0941881,201.2383723,214.3047221,,#DIV/0!,#DIV/0!,#DIV/0!,#DIV/0!,#DIV/0!,#DIV/0!,,,0.055069414,#DIV/0!,0.162682268,#DIV/0!,,91.10715955,104.2531427,88.16098722,92.06038437,81.8527554,100.8359389,,,132.9722608,76.99635807,98.53096921,97.19681462,,3.345622401,4.893599051,2.451689474,5.037619568,2.209162958,3.755815692,,,5.80799486,2.404376161,4.489916595,3.436631709,,1286.002203,8348.530304,974.3891163,8366.495794,875.6148883,9352.040432,,,10179.98792,#DIV/0!,8638.295888,929.7883346,,8.465911218,79.38400446,7.052952363,81.78805718,4.367615776,117.9261002,,,89.65738407,10.26813387,83.45834404,8.554791403,,#DIV/0!,3.82982147,0.319384391,3.008413526,1.447378917,1.338963307,,,#DIV/0!,#DIV/0!,1.519833043,1.570075451,,20.04615455,1392.920852,1.169320828,816.0694241,2.121712917,1406.607857,,,1144.966183,2.438477286,1588.330906,24.91128533,,807.2528631,2118.290859,599.7304138,2520.358653,686.2930634,2095.733605,,,2394.03502,38.34844786,3207.212031,590.0689991,,135.3995277,3632.579798,11.6012417,2582.744507,12.06758127,3228.856422,,,4089.533425,21.13211613,3362.587182,169.1918854,,0.699041244,1.424808404,1.413051633,1.736666749,0.590939151,0.376427852,,,0.915911219,#DIV/0!,1.006738092,0.186281841,,270.7146153,460.8131856,192.1403888,418.0504184,202.3560933,488.6167954,,,571.9349115,229.6815187,385.5987653,226.4749383,,
sc13,291.5094814,306.9985992,308.0051031,411.8893799,291.6068205,437.1287768,,,484.0747692,337.6401805,438.7419263,341.6853591,,#DIV/0!,0.620007496,#DIV/0!,0.617033591,#DIV/0!,0.362609477,,,1.014633187,#DIV/0!,2.009328272,#DIV/0!,,108.0260705,138.5474528,113.8847724,140.8299495,97.84147331,152.2229438,,,284.6393921,110.8810146,168.5489415,117.8238082,,21.19085844,115.0691962,21.1458653,53.91451195,17.31292313,41.82268651,,,68.06777727,19.21745558,41.31839827,48.85437839,,4974.203306,25651.47115,5442.208712,31.36825852,3267.466202,29452.36433,,,36276.0703,#DIV/0!,26778.1109,5892.217328,,6.07740678,612.39165,12.5510732,313.5481733,4.224225479,717.0889715,,,905.2443849,2.041358792,901.8175333,52.81751355,,1.114070886,23.81886707,#DIV/0!,15.56939091,0.907549261,19.90792862,,,15.49551033,#DIV/0!,13.04682405,2.712827368,,117.7406877,15145.81861,20.6234212,12827.14046,18.17468555,12822.73266,,,19623.2916,19.9330008,15520.59101,696.846044,,1184.039306,8438.249254,684.3872105,10967.80038,574.834363,8279.515201,,,10046.65688,342.018129,12786.77818,2570.869783,,188.3805115,16730.88062,39.4294728,16710.45478,31.59320416,21091.8376,,,20767.37817,38.17964141,19834.92429,1588.636137,,0.258334444,3.193810345,2.15550188,#DIV/0!,#DIV/0!,4.680081385,,,3.697676339,#DIV/0!,3.33937243,0.496345475,,305.2905059,513.222159,305.4507979,576.9329861,247.0169407,652.0675737,,,784.7168443,246.1946956,505.9939918,324.7636908,,
sc14,90.90725343,105.1237329,89.8044573,123.5738648,127.9055191,148.9009781,,,187.7759146,104.0268461,152.9595112,113.9339145,,0.032395491,0.203661162,0.001729023,0.283255504,0.167943412,0.155100629,,,#DIV/0!,0.063961622,0.22747408,0.005731281,,17.51439438,32.87756117,19.42562342,29.91655888,63.20138451,32.88580995,,,42.62601624,22.14823376,28.98362204,21.31300812,,2.402659523,4.370585827,1.795634102,5.252986504,2.694280507,4.350427131,,,7.296018962,1.307199764,3.306081714,3.153461872,,2229.876884,16614.84812,1765.188756,18455.81287,5664.339006,19969.21026,,,22675.57984,#DIV/0!,20184.44456,3093.805801,,9.734665629,308.6114757,42.41724405,276.0316844,71.44873749,233.7623394,,,379.9796052,79.63510973,276.923299,99.84475412,,0.598030283,4.940264218,0.201500945,4.504877049,1.338963307,5.204238311,,,8.501897472,#DIV/0!,0.012228177,1.949631242,,30.28931412,3861.196768,5.177069165,2742.373071,257.7396387,4843.862425,,,4276.704552,5.41633529,4891.548726,252.3294392,,718.2077948,4490.488151,333.1896479,6189.02684,1231.747662,2951.309751,,,5628.121484,221.5776051,5156.260699,1676.890552,,83.54138019,3591.303488,19.71368297,3486.460212,622.6101527,4806.252302,,,4773.644351,35.59660693,3610.979658,635.5827718,,#DIV/0!,0.479051247,0.924522836,0.859024162,0.34041317,0.944346095,,,#DIV/0!,#DIV/0!,#DIV/0!,#DIV/0!,,354.56856,796.3114956,283.3966594,595.9654949,408.5247318,680.3677174,,,982.0587925,351.7571173,580.9016836,360.1929446,,
sc15,170.5721017,195.6216536,,,,,214.8241578,220.6757601,381.8409222,,,268.1206799,,#DIV/0!,0.139264505,,,,,0.464010951,0.464010951,0.189599541,,,#DIV/0!,,25.78519141,46.1290224,,,,,42.31189493,47.14027349,75.93798969,,,33.8658071,,1.297096944,2.839400545,,,,,2.33988195,3.534002674,4.460235855,,,1.85139796,,975.9396222,9982.79526,,,,,1347.674945,9339.071022,12938.46852,,,1323.797242,,0.422479574,18.7841785,,,,,12.89632138,23.6008095,43.99657765,,,0.585902064,,#DIV/0!,4.806952908,,,,,3.554500536,6.789616681,19.14847949,,,0.816846664,,1.025005728,407.5564432,,,,,337.8571878,674.9476178,567.6636541,,,3.27257386,,201.4148055,837.6354104,,,,,1452.175816,2109.350177,1330.11273,,,246.2198938,,17.31028574,4808.804015,,,,,4908.134513,9809.683724,9244.452823,,,52.18533532,,#DIV/0!,2.074053302,,,,,1.930211647,0.649535086,0.838965158,,,#DIV/0!,,117.6203743,558.305218,,,,,397.1099798,665.0575848,975.3467739,,,151.1184186,,
sc16,,168.8277995,,,,,182.8859136,182.8859136,261.3386883,,,227.3164208,,,0.174772114,,,,,0.168480043,0.168480043,#DIV/0!,,,#DIV/0!,,,18.58353343,,,,,15.58391962,15.58391962,25.97659614,,,13.86659204,,,0.834465068,,,,,5.172487962,5.172487962,1.274851201,,,0.690515526,,,5904.987134,,,,,,5602.3942,6379.110409,,,577.2026494,,,13.53965654,,,,,17.94076904,17.35122351,12.5094218,,,0.692768702,,,1.114070886,,,,,6.469075406,6.469075406,0.643921637,,,#DIV/0!,,,80.28966461,,,,,85.24953357,85.24953357,86.94197133,,,1.455963228,,,850.7044328,,,,,1991.619916,1163.239455,1098.200936,,,193.6291358,,,1838.598188,,,,,2909.523987,2909.523987,2342.380583,,,30.11121897,,,0.447573217,,,,,,0.589622055,#DIV/0!,,,0.026197435,,,368.4112619,,,,,280.8761104,280.8761104,474.6296671,,,157.4736932,,
sc16c,142.3595742,,,,,,166.1231374,,,,,,,#DIV/0!,,,,,,#DIV/0!,,,,,,,11.22335977,,,,,,18.32571567,,,,,,,0.35621309,,,,,,0.325574201,,,,,,,,534.6769994,,,,,817.0486288,,,,,,,0.523571425,#DIV/0!,,,,,3.398177703,,,,,,,#DIV/0!,,,,,,#DIV/0!,,,,,,,1.154820171,,,,,,#DIV/0!,,,,,,,52.13627256,274.8296782,,,,,179.601763,,,,,,,24.4403744,,,,,,2.311968215,,,,,,,,0.131652442,,,,,1.413051633,,,,,,,145.5710522,,,,,,109.9583454,,,,,,,
sc2,300.6311095,292.7778356,319.0702992,304.744133,346.3535797,335.9735969,,,550.6102749,345.2131203,383.580049,505.8763715,,1.057074077,0.782459312,0.754458406,0.723422194,0.721794459,0.597172945,,,1.103497828,0.620532497,0.774361076,1.375127141,,28.54951044,25.78519141,35.03133521,26.39321598,21.01496186,26.12645103,,,46.82468162,19.52602109,24.38788201,41.37138532,,3.158677405,3.60705193,2.451689474,3.05532152,2.02156872,3.082301938,,,6.411408531,2.195194839,3.671566506,4.169464492,,2565.78007,12088.12734,2463.250341,8194.017809,2622.719826,10744.32098,,,7919.413711,2520.499957,11864.39332,5066.700434,,3.444125318,24.40203212,1.892005349,42.13855924,1.082273424,56.78761531,,,30.78892365,0.377910206,60.07857516,10.28536613,,11.39790705,8.426103973,6.264123405,1.197475697,8.015016469,9.486508745,,,9.274702343,6.789616681,7.753452893,20.73147757,,8.125007565,221.9185792,3.350464075,282.5285641,4.696893304,266.669363,,,318.7588519,4.793747353,258.5649123,20.62408872,,515.3099504,2537.370665,337.1927095,3019.578537,380.6399464,2478.959899,,,4287.977953,191.3290259,2655.38799,941.8708988,,101.3274651,2013.35019,5.029931067,2437.576523,6.583333593,2162.899543,,,3231.804148,3.944077001,1791.442675,204.6558838,,0.289926763,0.510515005,0.989924107,0.943329913,0.121720823,0.483984134,,,0.380918335,#DIV/0!,0.43920215,#DIV/0!,,898.2557255,559.1947266,344.332462,612.9977122,453.2231821,677.5430561,,,990.1197096,581.219714,621.315264,779.571941,,
sc3,270.2650843,208.9427069,236.0299741,260.8319355,267.0456317,264.8139983,,,414.8606425,293.6445681,294.57613,297.9312075,,0.014476103,0.111426925,#DIV/0!,0.323638368,#DIV/0!,0.213593479,,,0.293830114,0.027097327,0.288046939,#DIV/0!,,56.32177284,51.93304276,49.27133366,65.9008069,52.52844315,58.39373493,,,86.72286948,47.65285861,63.92943345,56.30835012,,2.282164091,5.993347553,1.814080805,3.126209228,1.718686634,7.023811793,,,4.864612566,1.632030042,3.025925692,2.493319498,,1808.053018,16539.00178,1839.343362,20948.17689,2405.205325,18302.79305,,,25842.89946,3850.38763,17705.79328,1962.160872,,1.577754323,64.93778476,1.791922445,120.5227718,0.326001845,64.23209488,,,97.42660026,1.297991543,65.44559181,8.916481165,,#DIV/0!,6.00904306,2.265684148,4.630114697,0.587080859,4.645856069,,,8.759354553,1.109448928,6.255600724,1.066849888,,5.635526557,483.7074464,3.350464075,576.7740448,3.112150054,495.2567847,,,646.6033485,3.827223001,513.9310779,12.56453543,,468.618558,3244.437896,430.3397527,4710.976795,424.7791999,2358.777262,,,5513.627765,283.6808481,4478.142975,518.1185626,,42.54318083,4907.981027,16.23257254,5003.061678,10.824257,4038.313391,,,8742.0794,16.59726169,4950.667911,198.9513291,,0.321495301,0.63624363,0.595877793,1.380609646,0.483984134,0.732804034,,,#DIV/0!,0.007746059,0.378727096,0.026197435,,326.0535541,964.4547545,335.4045762,1132.889395,377.735171,972.9585258,,,1773.045608,626.5055324,938.937515,330.337837,,
sc4,153.9697944,148.7981364,159.8445451,168.187467,176.0536355,174.7068721,,,293.0802409,105.0503945,142.7154759,195.1190918,,#DIV/0!,#DIV/0!,#DIV/0!,0.01120796,#DIV/0!,#DIV/0!,,,0.24122579,#DIV/0!,0.221639333,0.000990219,,89.58117702,83.65056102,84.69150278,92.06038437,83.82165997,85.51210162,,,144.5647836,6.329895022,52.64984504,97.34608282,,0.961848299,3.512704888,0.731737328,3.965438053,0.605248255,3.100070896,,,7.211254443,0.125444764,2.077309795,1.298959017,,2264.073747,8659.749171,1810.738264,11081.03191,2586.729505,11759.75235,,,13253.86397,130.5815924,9498.080411,2569.454432,,0.580598364,19.20028508,0.052314532,31.08622941,0.154895454,42.63847631,,,38.85890433,0.071737301,32.52847727,4.455481421,,4.806952908,2.290055828,1.650622139,1.405862343,2.10149071,0.80037313,,,7.47361693,#DIV/0!,#DIV/0!,2.457900557,,6.028284886,38.39125192,5.064970122,43.32439124,5.989757328,74.16649748,,,52.14257577,5.786877561,63.2217068,7.282059919,,175.9615465,715.5079427,175.6909618,952.0937829,235.3997146,1126.811846,,,1158.857495,14.2336376,1311.817917,190.8790443,,4.562642125,1299.392685,3.136081104,1572.792868,5.467818955,1976.746085,,,1949.201509,0.345995594,1729.822731,57.94731759,,0.353042421,0.036058339,0.859024162,#DIV/0!,#DIV/0!,#DIV/0!,,,#DIV/0!,#DIV/0!,0.046476357,0.107110053,,169.2403364,656.7908094,133.4985471,692.1802464,217.3694973,784.0851609,,,1296.071949,218.438121,860.9183434,259.351785,,
sc5,174.7221686,149.4435948,186.5761427,179.2786441,196.5003221,189.3557975,,,305.6635258,210.2028024,215.0383324,174.6768962,,#DIV/0!,0.084205355,0.006294473,0.026975375,#DIV/0!,#DIV/0!,,,0.114508812,#DIV/0!,0.117093723,#DIV/0!,,24.27500251,24.27500251,25.50009423,24.37428728,21.01496186,24.19981077,,,41.581861,19.99545636,20.70168495,19.49080902,,0.89792456,1.885377131,0.673051463,2.489773991,0.710461727,1.138873,,,4.159470301,0.729674583,1.581813039,1.129171608,,1357.832242,7129.157207,2131.033044,7765.343093,1978.008929,7408.510734,,,10818.60184,1267.096843,6639.766265,1007.301704,,0.612512968,9.506817802,1.500098618,13.29451422,0.729804702,23.71825333,,,33.19140063,0.6035302,8.532080027,0.45991043,,0.984532269,2.816881497,#DIV/0!,1.773297262,#DIV/0!,1.015023981,,,7.47361693,#DIV/0!,1.314238468,1.822939064,,1.54467866,33.94278763,0.949479237,46.08828274,1.019968753,51.93010423,,,64.98294631,0.787544115,45.40405925,3.043841075,,480.7935524,787.3698761,441.0533948,1293.362098,584.0330913,1030.730215,,,1994.774664,309.8232289,1080.410581,345.5147628,,2.796690502,1089.921133,4.340872281,1470.932211,3.173339197,1360.555753,,,2864.527674,3.28975385,1825.229808,54.41252771,,1.325285619,1.168966807,0.924522836,3.211647304,#DIV/0!,0.084558738,,,0.915911219,#DIV/0!,#DIV/0!,#DIV/0!,,260.4029702,667.5857581,327.5586682,883.3335783,308.0166899,876.1148729,,,1623.96265,210.8773687,843.105923,215.3523597,,
sc6,98.29807449,89.62053026,86.34281367,89.55963526,95.5480667,91.25272824,,,121.878028,82.00415638,116.7777677,90.11922942,,0.057762848,#DIV/0!,#DIV/0!,0.126985648,#DIV/0!,#DIV/0!,,,0.055069414,#DIV/0!,0.117093723,#DIV/0!,,68.30824179,72.23093601,63.3273085,68.75820971,63.20138451,65.96130627,,,120.3224408,25.02215841,69.49956415,58.44607598,,1.165513444,1.720253968,1.014420055,2.500578658,0.855960703,1.40516345,,,55.36857405,2.246912211,1.826120029,0.81604804,,1739.449893,3623.779995,3792.799006,3254.285656,1114.500218,3807.40514,,,5625.528521,1229.275861,3707.496019,1466.505934,,0.276635853,16.73667827,1.767512051,25.31052327,0.199852772,10.93994615,,,23.98128929,#DIV/0!,13.50132127,1.934202711,,6.00904306,4.621516981,1.162001205,1.378831428,2.211023984,3.534020026,,,12.11829934,#DIV/0!,2.036713779,4.637351172,,1.111540062,40.35290741,0.73027463,50.50359177,0.129027142,43.36075024,,,40.72779321,#DIV/0!,42.26236744,2.133197468,,232.6203733,1068.58443,252.3728152,1232.645344,307.6312534,692.661794,,,1361.175796,112.7385623,1205.63247,205.2869291,,15.70050753,2766.967339,5.55185769,2178.675796,3.912879112,1338.006691,,,3494.673068,3.960826579,2045.525257,42.78478944,,0.604829026,1.565712721,1.865744093,2.07091447,0.121720823,0.195255107,,,0.451025829,#DIV/0!,#DIV/0!,0.066991985,,223.4473445,711.3828255,339.4453167,586.7082563,154.4694027,479.5475335,,,999.9732665,239.9699839,560.2854608,215.6358189,,
sc7,234.9432226,299.1023983,225.3341298,241.8282589,345.9763177,349.1893858,,,386.1505471,268.8457579,287.2487181,269.0617231,,#DIV/0!,0.349544227,#DIV/0!,0.249985539,#DIV/0!,0.025328959,,,#DIV/0!,0.06263021,0.387592817,0.033321714,,145.6753194,180.9930239,134.7695309,153.1612308,180.8516219,184.0307247,,,198.2777201,148.1526767,154.4889147,142.6283937,,20.78794163,24.47754622,19.38890048,21.15770915,21.07023253,24.48301468,,,28.17944264,19.05114417,20.8670461,20.41549777,,2975.822314,6360.380875,2156.191407,9240.716145,6122.324303,7945.454607,,,8417.495853,7310.567577,9072.287033,3102.407075,,1.357630471,44.2146961,1.510673041,80.97443992,3.003978889,107.2586733,,,38.19757778,1.450754882,51.21425233,1.825771669,,3.345565449,17.39109635,1.773297262,11.4694662,#DIV/0!,12.42559333,,,13.41532109,3.2896438,16.75378294,5.153513718,,0.85205124,123.5443129,1.132641941,89.33404687,#DIV/0!,163.6877832,,,98.29690808,2.168988247,118.8994277,3.120042787,,317.3752036,2866.004361,292.0575509,2138.699542,434.6578628,2684.994302,,,2558.651052,280.8824827,2884.618435,330.3806363,,18.98619001,5931.1956,7.946244032,5272.538056,15.52538558,8754.442826,,,8033.194736,10.69786454,5581.995244,33.91095816,,0.510515005,1.962382333,0.330175935,1.120460423,#DIV/0!,0.093934089,,,1.145803572,1.006738092,#DIV/0!,0.534658953,,313.7738741,1166.289105,196.759859,838.0948961,702.4958005,1470.013942,,,1356.683829,535.2542963,921.3203027,305.6920839,,
sc8,131.5893367,114.0863561,133.8015352,113.6516744,136.720368,161.1915372,150.9306335,175.4888002,229.7974383,147.0022673,182.9965655,150.7313574,,#DIV/0!,0.146307114,0.146386555,0.248135759,0.167943412,0.136025249,0.158286313,0.151148787,0.151649567,0.07324107,0.122708229,#DIV/0!,,12.77396717,9.944458532,11.03260961,14.63057639,11.8239341,12.06666425,13.469083,11.51789062,20.52631043,7.80709845,11.29578469,13.61513869,,1.193587257,0.998574969,1.031837725,0.99706324,1.114974349,1.235002127,1.484968803,1.88566979,2.12769516,0.868855011,1.657204638,0.98971069,,668.352536,1563.730334,690.0726373,1513.404508,613.0065485,2403.906384,903.7478493,2476.948715,2481.171316,532.1443755,2142.496039,684.2682044,,1.37900773,2.502403008,3.063855887,17.8574853,1.782975369,9.264619106,4.624255967,11.65610552,4.397601186,0.312216087,3.625566209,1.196341671,,0.342865435,2.290055828,#DIV/0!,2.29220838,1.773723122,1.447378917,0.225220733,0.012228177,3.645878128,0.905606368,3.184696494,0.816846664,,2.803849491,9.611900052,1.426451786,10.85553274,2.924321302,25.92399879,13.06552082,24.74136083,16.82198678,2.284457442,20.90973079,2.398017234,,202.8945613,382.8669869,212.1420863,291.3948728,229.5408677,600.3938783,590.0448553,861.1279375,737.7317984,139.1805488,661.2323485,209.0810409,,6.560312459,446.7545017,1.277155207,529.0807508,2.032109073,827.759704,399.3523844,795.5686877,1130.292158,1.92153934,1046.116192,16.76802372,,0.321495301,1.325285619,0.430204511,1.239353885,0.412356187,0.376427852,1.218151043,0.408989742,0.99269095,0.226480847,#DIV/0!,0.496345475,,146.1029955,299.1972829,162.9806573,335.7550983,174.1958151,410.1124475,336.3398157,442.4365174,559.8134114,154.2622359,397.5666382,173.9740276,,
sc9,190.0983602,189.3264072,220.964866,220.5391044,236.6905378,,,,371.8811118,242.9213605,235.0639149,393.8990079,,0.064287802,0.218248501,0.090688294,0.230206921,0.18087948,,,,0.114508812,0.393907711,0.239472836,0.250375531,,7259.0288,7561.786516,8639.686805,8817.074364,7905.600613,,,,13240.27351,8936.559208,9038.42884,13359.93427,,2.962575371,3.92335224,3.067760878,3.676867833,2.993624298,,,,5.82869553,3.043914623,3.278848144,5.743069043,,,12864.38832,2468.922631,14126.28582,2127.309606,,,,17540.35427,3410.133312,11782.87829,3168.706149,,0.312911393,11.76074322,7.620651762,54.43813224,2.074312306,,,,13.50964515,1.465893926,13.25188998,1.406020902,,9.234900457,13.29693521,10.06676061,11.72490613,9.940398104,,,,20.45652245,8.075419145,11.4193779,19.6724326,,26.15435785,327.6039742,27.70871096,284.7580252,28.43215216,,,,468.8444341,23.99815979,258.2469392,41.38962753,,41.35326196,369.3832239,277.0898816,605.3856207,318.7983806,,,,959.5903455,222.7543061,572.3561084,330.285844,,74.59813061,2701.21487,14.71444243,2570.249636,7.911766341,,,,4885.926658,7.585630715,2327.889715,17.36193275,,,0.367141974,0.661859059,1.736666749,#DIV/0!,,,,#DIV/0!,0.619594831,0.195791222,0.859352679,,237.3848606,857.5669785,186.8721337,900.8636332,211.3741857,,,,1512.974325,197.1660495,828.4829907,300.2708984,,
,,,,,,,,,,,,,,,,,,,,,,,,,,,,,,,,,,,,,,,,,,,,,,,,,,,,,,,,,,,,,,,,,,,,,,,,,,,,,,,,,,,,,,,,,,,,,,,,,,,,,,,,,,,,,,,,,,,,,,,,,,,,,,,,,,,,,,,,,,,,,,,,,,,,,,,,,,,,,
