"beta_names","beta_posterior_mean","beta_posterior_sd","beta_ci_lower","beta_ci_upper"
"beta_10",0,0,0,0
"beta_11",0,0,0,0
"beta_12",0,0,0,0
"beta_13",0,0,0,0
"beta_14",0,0,0,0
"beta_15",0,0,0,0
"beta_20",-0.324029606351922,0.366257906864091,-1.07552513897696,0.365684812786151
"beta_21",-0.652762316417251,0.366881273244629,-1.38479483677121,0.0512643549186808
"beta_22",-0.933207646458681,0.673599049144445,-2.33156342700141,0.343641000341592
"beta_23",1.88886662939409,1.08037052205641,-0.094062479710098,4.10466462480581
"beta_24",-2.71534125227976,3.65475031756272,-10.3785337489098,3.61956075002097
"beta_25",-5.39106971168599,3.23498826647332,-11.9650468231373,-0.191930077252733
"beta_30",-1.45022464332603,0.439184549026737,-2.29302428994164,-0.5827205543844
"beta_31",0.237908144740777,0.327068566424332,-0.386755259193104,0.909528349061309
"beta_32",0.0211361177654102,0.697766986309575,-1.32100981514395,1.38432864109777
"beta_33",2.87529609266767,0.929628805081227,1.06675508037036,4.70647814020111
"beta_34",2.27452685877211,1.75454464085267,-0.920725587259124,5.75122820249972
"beta_35",-0.546555911313457,1.06572212766762,-2.51632886572616,1.61213016977724
"beta_40",-1.60308346350728,0.333937723282809,-2.25719003693625,-0.9445616280931
"beta_41",-0.121498720451962,0.273782236578766,-0.649958419588405,0.406015193352471
"beta_42",0.0168905718042919,0.59718946048217,-1.15923979299697,1.18755703571861
"beta_43",3.40244481464071,0.851739103715478,1.81463990545082,5.08848992189601
"beta_44",0.528072566950308,1.78956784316694,-2.75382834763765,4.20279658200611
"beta_45",-1.05075199998791,0.942545518756731,-2.9025551503153,0.769816796440998
