"1","
<!-- rnb-source-begin eyJkYXRhIjoiYGBgclxubGlicmFyeShsYWJlbC5zd2l0Y2hpbmcpXG5saWJyYXJ5KEJheWVzTG9naXQpXG5saWJyYXJ5KGdncGxvdDIpXG5saWJyYXJ5KHZpcmlkaXMpXG5zb3VyY2UoJy4vZnVuY3Rpb25zX2Zvcl9CTENSX2NvbGxhcHNlZC5SJylcbmBgYCJ9 -->

```r
library(label.switching)
library(BayesLogit)
library(ggplot2)
library(viridis)
source('./functions_for_BLCR_collapsed.R')
```

<!-- rnb-source-end -->
"
"0","```r
library(label.switching)
library(BayesLogit)
library(ggplot2)
library(viridis)
source('./functions_for_BLCR_collapsed.R')
```"
